row_id,catalyst,base,cosolvent,core,monomer,conversion
reaction:1,tBuXphos G3,P2-Et,None,Core_01,MFCD05663854,38.72201600562694
reaction:2,Aphos G3,BTTP,t-AmOH (25%),Core_01,MFCD05663854,0.0
reaction:3,Xphos G3,K3PO4,H2O (25%),Core_01,MFCD05663854,100.0
reaction:4,tBuXphos G3,BTMG,None,Core_01,MFCD05663854,78.95609922558542
reaction:5,Aphos G3,BTMG,t-AmOH (25%),Core_01,MFCD05663854,0.0
reaction:6,Xphos G3,BTMG,H2O (25%),Core_01,MFCD05663854,100.0
reaction:7,Aphos G3,P2-Et,None,Core_01,MFCD05663854,0.0
reaction:8,tBu3P G2,BTTP,t-AmOH (25%),Core_01,MFCD05663854,0.0
reaction:9,RuPhos G3,K3PO4,H2O (25%),Core_01,MFCD05663854,85.81699604861305
reaction:10,Aphos G3,BTMG,None,Core_01,MFCD05663854,0.0
reaction:11,tBu3P G2,BTMG,t-AmOH (25%),Core_01,MFCD05663854,0.0
reaction:12,RuPhos G3,BTMG,H2O (25%),Core_01,MFCD05663854,94.40427105286628
reaction:13,tBuXphos G3,P2-Et,None,Core_01,MFCD16994280,0.0
reaction:14,Aphos G3,BTTP,t-AmOH (25%),Core_01,MFCD16994280,0.0
reaction:15,Xphos G3,K3PO4,H2O (25%),Core_01,MFCD16994280,0.0
reaction:16,tBuXphos G3,BTMG,None,Core_01,MFCD16994280,0.0
reaction:17,Aphos G3,BTMG,t-AmOH (25%),Core_01,MFCD16994280,0.0
reaction:18,Aphos G3,P2-Et,None,Core_01,MFCD16994280,0.0
reaction:19,tBu3P G2,BTTP,t-AmOH (25%),Core_01,MFCD16994280,0.0
reaction:20,RuPhos G3,K3PO4,H2O (25%),Core_01,MFCD16994280,0.0
reaction:21,Aphos G3,BTMG,None,Core_01,MFCD16994280,0.0
reaction:22,tBu3P G2,BTMG,t-AmOH (25%),Core_01,MFCD16994280,0.0
reaction:23,RuPhos G3,BTMG,H2O (25%),Core_01,MFCD16994280,75.35033235846507
reaction:24,Aphos G3,BTTP,t-AmOH (25%),Core_01,MFCD03788418,0.0
reaction:25,Xphos G3,K3PO4,H2O (25%),Core_01,MFCD03788418,0.0
reaction:26,tBuXphos G3,BTMG,None,Core_01,MFCD03788418,0.0
reaction:27,Aphos G3,BTMG,t-AmOH (25%),Core_01,MFCD03788418,0.0
reaction:28,Aphos G3,P2-Et,None,Core_01,MFCD03788418,0.0
reaction:29,tBu3P G2,BTTP,t-AmOH (25%),Core_01,MFCD03788418,0.0
reaction:30,RuPhos G3,K3PO4,H2O (25%),Core_01,MFCD03788418,0.0
reaction:31,Aphos G3,BTMG,None,Core_01,MFCD03788418,0.0
reaction:32,tBu3P G2,BTMG,t-AmOH (25%),Core_01,MFCD03788418,0.0
reaction:33,tBuXphos G3,P2-Et,None,Core_01,MFCD19439767,0.0
reaction:34,Aphos G3,BTTP,t-AmOH (25%),Core_01,MFCD19439767,0.0
reaction:35,Xphos G3,K3PO4,H2O (25%),Core_01,MFCD19439767,0.0
reaction:36,tBuXphos G3,BTMG,None,Core_01,MFCD19439767,82.74174342628626
reaction:37,Aphos G3,BTMG,t-AmOH (25%),Core_01,MFCD19439767,0.0
reaction:38,Xphos G3,BTMG,H2O (25%),Core_01,MFCD19439767,0.0
reaction:39,Aphos G3,P2-Et,None,Core_01,MFCD19439767,0.0
reaction:40,tBu3P G2,BTTP,t-AmOH (25%),Core_01,MFCD19439767,0.0
reaction:41,RuPhos G3,K3PO4,H2O (25%),Core_01,MFCD19439767,0.0
reaction:42,Aphos G3,BTMG,None,Core_01,MFCD19439767,0.0
reaction:43,tBu3P G2,BTMG,t-AmOH (25%),Core_01,MFCD19439767,0.0
reaction:44,RuPhos G3,BTMG,H2O (25%),Core_01,MFCD19439767,0.0
reaction:45,Aphos G3,BTTP,t-AmOH (25%),Core_01,MFCD18383786,0.0
reaction:46,tBuXphos G3,BTMG,None,Core_01,MFCD18383786,100.0
reaction:47,Aphos G3,BTMG,t-AmOH (25%),Core_01,MFCD18383786,0.0
reaction:48,Aphos G3,P2-Et,None,Core_01,MFCD18383786,0.0
reaction:49,tBu3P G2,BTTP,t-AmOH (25%),Core_01,MFCD18383786,0.0
reaction:50,tBu3P G2,BTMG,t-AmOH (25%),Core_01,MFCD18383786,0.0
reaction:51,RuPhos G3,BTMG,H2O (25%),Core_01,MFCD18383786,93.19677907483072
reaction:52,tBuXphos G3,P2-Et,None,Core_01,MFCD00674177,0.0
reaction:53,Aphos G3,BTTP,t-AmOH (25%),Core_01,MFCD00674177,0.0
reaction:54,Xphos G3,K3PO4,H2O (25%),Core_01,MFCD00674177,82.16479632265536
reaction:55,tBuXphos G3,BTMG,None,Core_01,MFCD00674177,0.0
reaction:56,Aphos G3,BTMG,t-AmOH (25%),Core_01,MFCD00674177,0.0
reaction:57,Xphos G3,BTMG,H2O (25%),Core_01,MFCD00674177,75.29232022138747
reaction:58,Aphos G3,P2-Et,None,Core_01,MFCD00674177,0.0
reaction:59,tBu3P G2,BTTP,t-AmOH (25%),Core_01,MFCD00674177,0.0
reaction:60,RuPhos G3,K3PO4,H2O (25%),Core_01,MFCD00674177,70.02041880830681
reaction:61,Aphos G3,BTMG,None,Core_01,MFCD00674177,0.0
reaction:62,tBu3P G2,BTMG,t-AmOH (25%),Core_01,MFCD00674177,0.0
reaction:63,RuPhos G3,BTMG,H2O (25%),Core_01,MFCD00674177,62.177408215063004
reaction:64,tBuXphos G3,P2-Et,None,Core_01,MFCD11878349,0.0
reaction:65,Aphos G3,BTTP,t-AmOH (25%),Core_01,MFCD11878349,0.0
reaction:66,tBuXphos G3,BTMG,None,Core_01,MFCD11878349,91.84283129570052
reaction:67,Aphos G3,BTMG,t-AmOH (25%),Core_01,MFCD11878349,0.0
reaction:68,Xphos G3,BTMG,H2O (25%),Core_01,MFCD11878349,93.14614549847903
reaction:69,Aphos G3,P2-Et,None,Core_01,MFCD11878349,0.0
reaction:70,tBu3P G2,BTTP,t-AmOH (25%),Core_01,MFCD11878349,0.0
reaction:71,RuPhos G3,K3PO4,H2O (25%),Core_01,MFCD11878349,0.0
reaction:72,Aphos G3,BTMG,None,Core_01,MFCD11878349,0.0
reaction:73,tBu3P G2,BTMG,t-AmOH (25%),Core_01,MFCD11878349,0.0
reaction:74,RuPhos G3,BTMG,H2O (25%),Core_01,MFCD11878349,0.0
reaction:75,tBuXphos G3,P2-Et,None,Core_01,MFCD03789252,0.0
reaction:76,Aphos G3,BTTP,t-AmOH (25%),Core_01,MFCD03789252,0.0
reaction:77,Xphos G3,K3PO4,H2O (25%),Core_01,MFCD03789252,88.33522023381062
reaction:78,tBuXphos G3,BTMG,None,Core_01,MFCD03789252,83.74641297030102
reaction:79,Aphos G3,BTMG,t-AmOH (25%),Core_01,MFCD03789252,0.0
reaction:80,Xphos G3,BTMG,H2O (25%),Core_01,MFCD03789252,84.44389921158727
reaction:81,Aphos G3,P2-Et,None,Core_01,MFCD03789252,0.0
reaction:82,tBu3P G2,BTTP,t-AmOH (25%),Core_01,MFCD03789252,0.0
reaction:83,RuPhos G3,K3PO4,H2O (25%),Core_01,MFCD03789252,64.29350377198527
reaction:84,Aphos G3,BTMG,None,Core_01,MFCD03789252,0.0
reaction:85,tBu3P G2,BTMG,t-AmOH (25%),Core_01,MFCD03789252,0.0
reaction:86,RuPhos G3,BTMG,H2O (25%),Core_01,MFCD03789252,78.55922466808875
reaction:87,Xphos G3,K3PO4,H2O (25%),Core_01,MFCD09999194,100.0
reaction:88,tBuXphos G3,BTMG,None,Core_01,MFCD09999194,100.0
reaction:89,Aphos G3,BTMG,t-AmOH (25%),Core_01,MFCD09999194,0.0
reaction:90,Xphos G3,BTMG,H2O (25%),Core_01,MFCD09999194,100.0
reaction:91,Aphos G3,P2-Et,None,Core_01,MFCD09999194,0.0
reaction:92,tBu3P G2,BTTP,t-AmOH (25%),Core_01,MFCD09999194,0.0
reaction:93,RuPhos G3,K3PO4,H2O (25%),Core_01,MFCD09999194,100.0
reaction:94,Aphos G3,BTMG,None,Core_01,MFCD09999194,0.0
reaction:95,tBu3P G2,BTMG,t-AmOH (25%),Core_01,MFCD09999194,0.0
reaction:96,RuPhos G3,BTMG,H2O (25%),Core_01,MFCD09999194,100.0
reaction:97,tBuXphos G3,P2-Et,None,Core_01,MFCD05663845,0.0
reaction:98,Aphos G3,BTTP,t-AmOH (25%),Core_01,MFCD05663845,0.0
reaction:99,tBuXphos G3,BTMG,None,Core_01,MFCD05663845,41.726005643708646
reaction:100,Aphos G3,BTMG,t-AmOH (25%),Core_01,MFCD05663845,0.0
reaction:101,Aphos G3,P2-Et,None,Core_01,MFCD05663845,0.0
reaction:102,tBu3P G2,BTTP,t-AmOH (25%),Core_01,MFCD05663845,0.0
reaction:103,Aphos G3,BTMG,None,Core_01,MFCD05663845,0.0
reaction:104,tBu3P G2,BTMG,t-AmOH (25%),Core_01,MFCD05663845,0.0
reaction:105,RuPhos G3,BTMG,H2O (25%),Core_01,MFCD05663845,37.5857141980799
reaction:106,tBu3P G2,BTTP,t-AmOH (25%),Core_02,MFCD03788418,0.0
reaction:107,Aphos G3,BTMG,None,Core_02,MFCD03788418,0.0
reaction:108,tBuXphos G3,BTMG,None,Core_02,MFCD18383786,0.0
reaction:109,Aphos G3,BTMG,t-AmOH (25%),Core_02,MFCD18383786,0.0
reaction:110,tBu3P G2,BTMG,t-AmOH (25%),Core_02,MFCD18383786,0.0
reaction:111,Aphos G3,BTMG,t-AmOH (25%),Core_02,MFCD03789252,0.0
reaction:112,tBu3P G2,BTMG,t-AmOH (25%),Core_02,MFCD03789252,0.0
reaction:113,tBuXphos G3,P2-Et,None,Core_02,MFCD09999194,0.0
reaction:114,Aphos G3,BTTP,t-AmOH (25%),Core_02,MFCD09999194,0.0
reaction:115,Xphos G3,K3PO4,H2O (25%),Core_02,MFCD09999194,0.0
reaction:116,tBuXphos G3,BTMG,None,Core_02,MFCD09999194,0.0
reaction:117,Aphos G3,BTMG,t-AmOH (25%),Core_02,MFCD09999194,0.0
reaction:118,Xphos G3,BTMG,H2O (25%),Core_02,MFCD09999194,0.0
reaction:119,Aphos G3,P2-Et,None,Core_02,MFCD09999194,0.0
reaction:120,tBu3P G2,BTTP,t-AmOH (25%),Core_02,MFCD09999194,0.0
reaction:121,RuPhos G3,K3PO4,H2O (25%),Core_02,MFCD09999194,0.0
reaction:122,Aphos G3,BTMG,None,Core_02,MFCD09999194,0.0
reaction:123,tBu3P G2,BTMG,t-AmOH (25%),Core_02,MFCD09999194,0.0
reaction:124,RuPhos G3,BTMG,H2O (25%),Core_02,MFCD09999194,0.0
reaction:125,tBuXphos G3,P2-Et,None,Core_02,MFCD05663845,0.0
reaction:126,Aphos G3,BTTP,t-AmOH (25%),Core_02,MFCD05663845,0.0
reaction:127,Xphos G3,K3PO4,H2O (25%),Core_02,MFCD05663845,0.0
reaction:128,tBuXphos G3,BTMG,None,Core_02,MFCD05663845,0.0
reaction:129,Aphos G3,BTMG,t-AmOH (25%),Core_02,MFCD05663845,0.0
reaction:130,Xphos G3,BTMG,H2O (25%),Core_02,MFCD05663845,0.0
reaction:131,Aphos G3,P2-Et,None,Core_02,MFCD05663845,0.0
reaction:132,tBu3P G2,BTTP,t-AmOH (25%),Core_02,MFCD05663845,0.0
reaction:133,RuPhos G3,K3PO4,H2O (25%),Core_02,MFCD05663845,0.0
reaction:134,Aphos G3,BTMG,None,Core_02,MFCD05663845,0.0
reaction:135,tBu3P G2,BTMG,t-AmOH (25%),Core_02,MFCD05663845,0.0
reaction:136,RuPhos G3,BTMG,H2O (25%),Core_02,MFCD05663845,0.0
reaction:137,tBuXphos G3,P2-Et,None,Core_03,MFCD05663854,100.0
reaction:138,Aphos G3,BTTP,t-AmOH (25%),Core_03,MFCD05663854,100.0
reaction:139,Xphos G3,K3PO4,H2O (25%),Core_03,MFCD05663854,47.245549640586646
reaction:140,tBuXphos G3,BTMG,None,Core_03,MFCD05663854,54.0615344587197
reaction:141,Aphos G3,BTMG,t-AmOH (25%),Core_03,MFCD05663854,76.40793249533958
reaction:142,Xphos G3,BTMG,H2O (25%),Core_03,MFCD05663854,100.0
reaction:143,Aphos G3,P2-Et,None,Core_03,MFCD05663854,84.35854347689065
reaction:144,tBu3P G2,BTTP,t-AmOH (25%),Core_03,MFCD05663854,97.76559164708469
reaction:145,RuPhos G3,K3PO4,H2O (25%),Core_03,MFCD05663854,57.295810179189424
reaction:146,Aphos G3,BTMG,None,Core_03,MFCD05663854,96.09371367312576
reaction:147,tBu3P G2,BTMG,t-AmOH (25%),Core_03,MFCD05663854,93.37365649382447
reaction:148,RuPhos G3,BTMG,H2O (25%),Core_03,MFCD05663854,95.58563077917809
reaction:149,tBuXphos G3,P2-Et,None,Core_03,MFCD16994280,53.84532127436603
reaction:150,Aphos G3,BTTP,t-AmOH (25%),Core_03,MFCD16994280,100.0
reaction:151,Xphos G3,K3PO4,H2O (25%),Core_03,MFCD16994280,100.0
reaction:152,tBuXphos G3,BTMG,None,Core_03,MFCD16994280,25.32622276828773
reaction:153,Aphos G3,BTMG,t-AmOH (25%),Core_03,MFCD16994280,98.95067001145873
reaction:154,Xphos G3,BTMG,H2O (25%),Core_03,MFCD16994280,96.11901085481365
reaction:155,Aphos G3,P2-Et,None,Core_03,MFCD16994280,100.0
reaction:156,tBu3P G2,BTTP,t-AmOH (25%),Core_03,MFCD16994280,98.51680455044045
reaction:157,RuPhos G3,K3PO4,H2O (25%),Core_03,MFCD16994280,92.6258141259348
reaction:158,Aphos G3,BTMG,None,Core_03,MFCD16994280,89.56953551380074
reaction:159,tBu3P G2,BTMG,t-AmOH (25%),Core_03,MFCD16994280,95.625637014219
reaction:160,RuPhos G3,BTMG,H2O (25%),Core_03,MFCD16994280,96.19566039359236
reaction:161,tBuXphos G3,P2-Et,None,Core_03,MFCD03788418,90.75710383070701
reaction:162,Aphos G3,BTTP,t-AmOH (25%),Core_03,MFCD03788418,100.0
reaction:163,Xphos G3,K3PO4,H2O (25%),Core_03,MFCD03788418,96.12036628441246
reaction:164,tBuXphos G3,BTMG,None,Core_03,MFCD03788418,67.25365931339002
reaction:165,Aphos G3,BTMG,t-AmOH (25%),Core_03,MFCD03788418,100.0
reaction:166,Xphos G3,BTMG,H2O (25%),Core_03,MFCD03788418,84.37391585986751
reaction:167,Aphos G3,P2-Et,None,Core_03,MFCD03788418,33.22338664821709
reaction:168,tBu3P G2,BTTP,t-AmOH (25%),Core_03,MFCD03788418,98.76876086937855
reaction:169,RuPhos G3,K3PO4,H2O (25%),Core_03,MFCD03788418,90.66343666289414
reaction:170,Aphos G3,BTMG,None,Core_03,MFCD03788418,100.0
reaction:171,tBu3P G2,BTMG,t-AmOH (25%),Core_03,MFCD03788418,96.67567186437275
reaction:172,RuPhos G3,BTMG,H2O (25%),Core_03,MFCD03788418,82.8685945793302
reaction:173,tBuXphos G3,P2-Et,None,Core_03,MFCD19439767,79.06281081666732
reaction:174,Aphos G3,BTTP,t-AmOH (25%),Core_03,MFCD19439767,100.0
reaction:175,Xphos G3,K3PO4,H2O (25%),Core_03,MFCD19439767,96.67226674661774
reaction:176,tBuXphos G3,BTMG,None,Core_03,MFCD19439767,100.0
reaction:177,Aphos G3,BTMG,t-AmOH (25%),Core_03,MFCD19439767,100.0
reaction:178,Xphos G3,BTMG,H2O (25%),Core_03,MFCD19439767,97.62953003070432
reaction:179,Aphos G3,P2-Et,None,Core_03,MFCD19439767,5.237368223952925
reaction:180,tBu3P G2,BTTP,t-AmOH (25%),Core_03,MFCD19439767,100.0
reaction:181,RuPhos G3,K3PO4,H2O (25%),Core_03,MFCD19439767,100.0
reaction:182,Aphos G3,BTMG,None,Core_03,MFCD19439767,100.0
reaction:183,tBu3P G2,BTMG,t-AmOH (25%),Core_03,MFCD19439767,100.0
reaction:184,RuPhos G3,BTMG,H2O (25%),Core_03,MFCD19439767,96.40127817970779
reaction:185,tBuXphos G3,P2-Et,None,Core_03,MFCD18383786,100.0
reaction:186,Aphos G3,BTTP,t-AmOH (25%),Core_03,MFCD18383786,100.0
reaction:187,Xphos G3,K3PO4,H2O (25%),Core_03,MFCD18383786,100.0
reaction:188,tBuXphos G3,BTMG,None,Core_03,MFCD18383786,100.0
reaction:189,Aphos G3,BTMG,t-AmOH (25%),Core_03,MFCD18383786,100.0
reaction:190,Xphos G3,BTMG,H2O (25%),Core_03,MFCD18383786,94.84256685338525
reaction:191,Aphos G3,P2-Et,None,Core_03,MFCD18383786,20.400432745744197
reaction:192,tBu3P G2,BTTP,t-AmOH (25%),Core_03,MFCD18383786,100.0
reaction:193,RuPhos G3,K3PO4,H2O (25%),Core_03,MFCD18383786,100.0
reaction:194,Aphos G3,BTMG,None,Core_03,MFCD18383786,100.0
reaction:195,tBu3P G2,BTMG,t-AmOH (25%),Core_03,MFCD18383786,100.0
reaction:196,RuPhos G3,BTMG,H2O (25%),Core_03,MFCD18383786,96.94143413051188
reaction:197,tBuXphos G3,P2-Et,None,Core_03,MFCD00674177,76.28370256847882
reaction:198,Aphos G3,BTTP,t-AmOH (25%),Core_03,MFCD00674177,95.46495583025836
reaction:199,Xphos G3,K3PO4,H2O (25%),Core_03,MFCD00674177,48.060362289356036
reaction:200,tBuXphos G3,BTMG,None,Core_03,MFCD00674177,33.84537647947243
reaction:201,Aphos G3,BTMG,t-AmOH (25%),Core_03,MFCD00674177,59.511761646401695
reaction:202,Xphos G3,BTMG,H2O (25%),Core_03,MFCD00674177,28.411272005797034
reaction:203,Aphos G3,P2-Et,None,Core_03,MFCD00674177,53.515770230818575
reaction:204,tBu3P G2,BTTP,t-AmOH (25%),Core_03,MFCD00674177,37.74660244567025
reaction:205,RuPhos G3,K3PO4,H2O (25%),Core_03,MFCD00674177,28.598695178957655
reaction:206,Aphos G3,BTMG,None,Core_03,MFCD00674177,52.34918180528243
reaction:207,tBu3P G2,BTMG,t-AmOH (25%),Core_03,MFCD00674177,7.257533894748268
reaction:208,RuPhos G3,BTMG,H2O (25%),Core_03,MFCD00674177,24.320731720545837
reaction:209,Aphos G3,BTTP,t-AmOH (25%),Core_03,MFCD11878349,50.89311559036095
reaction:210,Xphos G3,K3PO4,H2O (25%),Core_03,MFCD11878349,9.555858484306805
reaction:211,tBuXphos G3,BTMG,None,Core_03,MFCD11878349,57.97183057737537
reaction:212,Aphos G3,BTMG,t-AmOH (25%),Core_03,MFCD11878349,80.23386363661501
reaction:213,Xphos G3,BTMG,H2O (25%),Core_03,MFCD11878349,81.56120783965605
reaction:214,Aphos G3,P2-Et,None,Core_03,MFCD11878349,3.9019254343355456
reaction:215,tBu3P G2,BTTP,t-AmOH (25%),Core_03,MFCD11878349,10.31608381959764
reaction:216,RuPhos G3,K3PO4,H2O (25%),Core_03,MFCD11878349,16.45694980292204
reaction:217,Aphos G3,BTMG,None,Core_03,MFCD11878349,61.525326352712476
reaction:218,tBu3P G2,BTMG,t-AmOH (25%),Core_03,MFCD11878349,32.21276390742164
reaction:219,RuPhos G3,BTMG,H2O (25%),Core_03,MFCD11878349,10.980562757279674
reaction:220,tBuXphos G3,P2-Et,None,Core_03,MFCD03789252,100.0
reaction:221,Aphos G3,BTTP,t-AmOH (25%),Core_03,MFCD03789252,100.0
reaction:222,Xphos G3,K3PO4,H2O (25%),Core_03,MFCD03789252,100.0
reaction:223,tBuXphos G3,BTMG,None,Core_03,MFCD03789252,81.68682751379527
reaction:224,Aphos G3,BTMG,t-AmOH (25%),Core_03,MFCD03789252,100.0
reaction:225,Xphos G3,BTMG,H2O (25%),Core_03,MFCD03789252,94.51643241688394
reaction:226,Aphos G3,P2-Et,None,Core_03,MFCD03789252,100.0
reaction:227,tBu3P G2,BTTP,t-AmOH (25%),Core_03,MFCD03789252,100.0
reaction:228,RuPhos G3,K3PO4,H2O (25%),Core_03,MFCD03789252,100.0
reaction:229,Aphos G3,BTMG,None,Core_03,MFCD03789252,100.0
reaction:230,tBu3P G2,BTMG,t-AmOH (25%),Core_03,MFCD03789252,100.0
reaction:231,RuPhos G3,BTMG,H2O (25%),Core_03,MFCD03789252,100.0
reaction:232,tBuXphos G3,P2-Et,None,Core_03,MFCD09999194,29.872847084143945
reaction:233,Aphos G3,BTTP,t-AmOH (25%),Core_03,MFCD09999194,92.09719713125504
reaction:234,Xphos G3,K3PO4,H2O (25%),Core_03,MFCD09999194,35.864453450312276
reaction:235,tBuXphos G3,BTMG,None,Core_03,MFCD09999194,100.0
reaction:236,Aphos G3,BTMG,t-AmOH (25%),Core_03,MFCD09999194,100.0
reaction:237,Xphos G3,BTMG,H2O (25%),Core_03,MFCD09999194,53.89106352896601
reaction:238,Aphos G3,P2-Et,None,Core_03,MFCD09999194,16.326890064247095
reaction:239,tBu3P G2,BTTP,t-AmOH (25%),Core_03,MFCD09999194,96.13580616369163
reaction:240,RuPhos G3,K3PO4,H2O (25%),Core_03,MFCD09999194,44.14119733665104
reaction:241,Aphos G3,BTMG,None,Core_03,MFCD09999194,100.0
reaction:242,tBu3P G2,BTMG,t-AmOH (25%),Core_03,MFCD09999194,69.79590613782361
reaction:243,RuPhos G3,BTMG,H2O (25%),Core_03,MFCD09999194,28.586034340401966
reaction:244,tBuXphos G3,P2-Et,None,Core_03,MFCD05663845,94.60151084367858
reaction:245,Aphos G3,BTTP,t-AmOH (25%),Core_03,MFCD05663845,96.13304723199799
reaction:246,Xphos G3,K3PO4,H2O (25%),Core_03,MFCD05663845,46.91848249051721
reaction:247,tBuXphos G3,BTMG,None,Core_03,MFCD05663845,38.15512684070648
reaction:248,Aphos G3,BTMG,t-AmOH (25%),Core_03,MFCD05663845,96.55852090246172
reaction:249,Xphos G3,BTMG,H2O (25%),Core_03,MFCD05663845,93.6351810358032
reaction:250,Aphos G3,P2-Et,None,Core_03,MFCD05663845,95.96930609440808
reaction:251,tBu3P G2,BTTP,t-AmOH (25%),Core_03,MFCD05663845,95.96412165259028
reaction:252,RuPhos G3,K3PO4,H2O (25%),Core_03,MFCD05663845,42.468098797267956
reaction:253,Aphos G3,BTMG,None,Core_03,MFCD05663845,96.51843948280128
reaction:254,tBu3P G2,BTMG,t-AmOH (25%),Core_03,MFCD05663845,95.85026021935184
reaction:255,RuPhos G3,BTMG,H2O (25%),Core_03,MFCD05663845,80.36920860938618
reaction:256,tBuXphos G3,P2-Et,None,Core_04,MFCD05663854,9.217272716258725
reaction:257,Aphos G3,BTTP,t-AmOH (25%),Core_04,MFCD05663854,65.23773143864548
reaction:258,Xphos G3,K3PO4,H2O (25%),Core_04,MFCD05663854,46.721824888392185
reaction:259,tBuXphos G3,BTMG,None,Core_04,MFCD05663854,0.0
reaction:260,Aphos G3,BTMG,t-AmOH (25%),Core_04,MFCD05663854,60.33122271953364
reaction:261,Xphos G3,BTMG,H2O (25%),Core_04,MFCD05663854,30.03759292056275
reaction:262,Aphos G3,P2-Et,None,Core_04,MFCD05663854,65.27129326122677
reaction:263,tBu3P G2,BTTP,t-AmOH (25%),Core_04,MFCD05663854,75.22675435292672
reaction:264,RuPhos G3,K3PO4,H2O (25%),Core_04,MFCD05663854,50.00833945181608
reaction:265,Aphos G3,BTMG,None,Core_04,MFCD05663854,38.27910185543559
reaction:266,tBu3P G2,BTMG,t-AmOH (25%),Core_04,MFCD05663854,67.55276533686735
reaction:267,RuPhos G3,BTMG,H2O (25%),Core_04,MFCD05663854,32.719968942230985
reaction:268,tBuXphos G3,P2-Et,None,Core_04,MFCD16994280,0.0
reaction:269,Aphos G3,BTTP,t-AmOH (25%),Core_04,MFCD16994280,64.84630769315419
reaction:270,Xphos G3,K3PO4,H2O (25%),Core_04,MFCD16994280,36.45965232004575
reaction:271,tBuXphos G3,BTMG,None,Core_04,MFCD16994280,0.0
reaction:272,Aphos G3,BTMG,t-AmOH (25%),Core_04,MFCD16994280,28.05936227197337
reaction:273,Xphos G3,BTMG,H2O (25%),Core_04,MFCD16994280,20.66310176969036
reaction:274,Aphos G3,P2-Et,None,Core_04,MFCD16994280,80.65130662854776
reaction:275,tBu3P G2,BTTP,t-AmOH (25%),Core_04,MFCD16994280,54.66671358469455
reaction:276,RuPhos G3,K3PO4,H2O (25%),Core_04,MFCD16994280,71.74776330101078
reaction:277,Aphos G3,BTMG,None,Core_04,MFCD16994280,26.24558029129552
reaction:278,tBu3P G2,BTMG,t-AmOH (25%),Core_04,MFCD16994280,34.14417260888772
reaction:279,RuPhos G3,BTMG,H2O (25%),Core_04,MFCD16994280,43.32327205300332
reaction:280,tBuXphos G3,P2-Et,None,Core_04,MFCD03788418,0.0
reaction:281,Aphos G3,BTTP,t-AmOH (25%),Core_04,MFCD03788418,48.69780280383001
reaction:282,Xphos G3,K3PO4,H2O (25%),Core_04,MFCD03788418,19.33951370893665
reaction:283,tBuXphos G3,BTMG,None,Core_04,MFCD03788418,0.0
reaction:284,Aphos G3,BTMG,t-AmOH (25%),Core_04,MFCD03788418,27.88301038275336
reaction:285,Xphos G3,BTMG,H2O (25%),Core_04,MFCD03788418,9.090349504450364
reaction:286,Aphos G3,P2-Et,None,Core_04,MFCD03788418,7.0225583212262395
reaction:287,tBu3P G2,BTTP,t-AmOH (25%),Core_04,MFCD03788418,29.96491513020504
reaction:288,RuPhos G3,K3PO4,H2O (25%),Core_04,MFCD03788418,37.74638010402875
reaction:289,Aphos G3,BTMG,None,Core_04,MFCD03788418,22.83565337972881
reaction:290,tBu3P G2,BTMG,t-AmOH (25%),Core_04,MFCD03788418,19.10670207263107
reaction:291,RuPhos G3,BTMG,H2O (25%),Core_04,MFCD03788418,16.441802955948237
reaction:292,tBuXphos G3,P2-Et,None,Core_04,MFCD19439767,0.0
reaction:293,Aphos G3,BTTP,t-AmOH (25%),Core_04,MFCD19439767,100.0
reaction:294,Xphos G3,K3PO4,H2O (25%),Core_04,MFCD19439767,44.538521169601026
reaction:295,tBuXphos G3,BTMG,None,Core_04,MFCD19439767,0.0
reaction:296,Aphos G3,BTMG,t-AmOH (25%),Core_04,MFCD19439767,100.0
reaction:297,Xphos G3,BTMG,H2O (25%),Core_04,MFCD19439767,36.57451170325097
reaction:298,Aphos G3,P2-Et,None,Core_04,MFCD19439767,1.544843908047008
reaction:299,tBu3P G2,BTTP,t-AmOH (25%),Core_04,MFCD19439767,100.0
reaction:300,RuPhos G3,K3PO4,H2O (25%),Core_04,MFCD19439767,62.1217385904964
reaction:301,Aphos G3,BTMG,None,Core_04,MFCD19439767,100.0
reaction:302,tBu3P G2,BTMG,t-AmOH (25%),Core_04,MFCD19439767,100.0
reaction:303,RuPhos G3,BTMG,H2O (25%),Core_04,MFCD19439767,51.91387697372208
reaction:304,tBuXphos G3,P2-Et,None,Core_04,MFCD18383786,0.0
reaction:305,Aphos G3,BTTP,t-AmOH (25%),Core_04,MFCD18383786,38.67140562424765
reaction:306,Xphos G3,K3PO4,H2O (25%),Core_04,MFCD18383786,24.112085566068174
reaction:307,tBuXphos G3,BTMG,None,Core_04,MFCD18383786,0.0
reaction:308,Aphos G3,BTMG,t-AmOH (25%),Core_04,MFCD18383786,100.0
reaction:309,Xphos G3,BTMG,H2O (25%),Core_04,MFCD18383786,13.913946758958955
reaction:310,Aphos G3,P2-Et,None,Core_04,MFCD18383786,3.055874249330149
reaction:311,tBu3P G2,BTTP,t-AmOH (25%),Core_04,MFCD18383786,100.0
reaction:312,RuPhos G3,K3PO4,H2O (25%),Core_04,MFCD18383786,27.350041625004835
reaction:313,Aphos G3,BTMG,None,Core_04,MFCD18383786,65.9387177007425
reaction:314,tBu3P G2,BTMG,t-AmOH (25%),Core_04,MFCD18383786,47.69709988819144
reaction:315,RuPhos G3,BTMG,H2O (25%),Core_04,MFCD18383786,24.905914484192547
reaction:316,tBuXphos G3,P2-Et,None,Core_04,MFCD00674177,0.0
reaction:317,Aphos G3,BTTP,t-AmOH (25%),Core_04,MFCD00674177,54.76171518192091
reaction:318,Xphos G3,K3PO4,H2O (25%),Core_04,MFCD00674177,74.98371114274752
reaction:319,tBuXphos G3,BTMG,None,Core_04,MFCD00674177,0.0
reaction:320,Aphos G3,BTMG,t-AmOH (25%),Core_04,MFCD00674177,16.60924281471609
reaction:321,Xphos G3,BTMG,H2O (25%),Core_04,MFCD00674177,19.26208071941454
reaction:322,Aphos G3,P2-Et,None,Core_04,MFCD00674177,20.86227084263491
reaction:323,tBu3P G2,BTTP,t-AmOH (25%),Core_04,MFCD00674177,2.7302029984017984
reaction:324,RuPhos G3,K3PO4,H2O (25%),Core_04,MFCD00674177,51.69441060505022
reaction:325,Aphos G3,BTMG,None,Core_04,MFCD00674177,10.654795878493566
reaction:326,tBu3P G2,BTMG,t-AmOH (25%),Core_04,MFCD00674177,1.1974838595251365
reaction:327,RuPhos G3,BTMG,H2O (25%),Core_04,MFCD00674177,16.367200012394512
reaction:328,tBuXphos G3,P2-Et,None,Core_04,MFCD11878349,0.0
reaction:329,Aphos G3,BTTP,t-AmOH (25%),Core_04,MFCD11878349,12.310824148669717
reaction:330,Xphos G3,K3PO4,H2O (25%),Core_04,MFCD11878349,0.0
reaction:331,tBuXphos G3,BTMG,None,Core_04,MFCD11878349,9.569859104718974
reaction:332,Aphos G3,BTMG,t-AmOH (25%),Core_04,MFCD11878349,17.9700221972314
reaction:333,Xphos G3,BTMG,H2O (25%),Core_04,MFCD11878349,5.637747947473664
reaction:334,Aphos G3,P2-Et,None,Core_04,MFCD11878349,0.0
reaction:335,tBu3P G2,BTTP,t-AmOH (25%),Core_04,MFCD11878349,4.192956775759442
reaction:336,RuPhos G3,K3PO4,H2O (25%),Core_04,MFCD11878349,1.9944607711774025
reaction:337,Aphos G3,BTMG,None,Core_04,MFCD11878349,30.00105487688756
reaction:338,tBu3P G2,BTMG,t-AmOH (25%),Core_04,MFCD11878349,14.030291506597933
reaction:339,RuPhos G3,BTMG,H2O (25%),Core_04,MFCD11878349,1.2083680854618573
reaction:340,tBuXphos G3,P2-Et,None,Core_04,MFCD03789252,79.49712395930635
reaction:341,Aphos G3,BTTP,t-AmOH (25%),Core_04,MFCD03789252,89.76940909798425
reaction:342,Xphos G3,K3PO4,H2O (25%),Core_04,MFCD03789252,100.0
reaction:343,tBuXphos G3,BTMG,None,Core_04,MFCD03789252,9.533057894643923
reaction:344,Aphos G3,BTMG,t-AmOH (25%),Core_04,MFCD03789252,90.77572713809333
reaction:345,Xphos G3,BTMG,H2O (25%),Core_04,MFCD03789252,100.0
reaction:346,Aphos G3,P2-Et,None,Core_04,MFCD03789252,99.22990206666586
reaction:347,tBu3P G2,BTTP,t-AmOH (25%),Core_04,MFCD03789252,87.33323237173785
reaction:348,RuPhos G3,K3PO4,H2O (25%),Core_04,MFCD03789252,100.0
reaction:349,Aphos G3,BTMG,None,Core_04,MFCD03789252,90.64829516565185
reaction:350,tBu3P G2,BTMG,t-AmOH (25%),Core_04,MFCD03789252,87.90533188902305
reaction:351,RuPhos G3,BTMG,H2O (25%),Core_04,MFCD03789252,100.0
reaction:352,tBuXphos G3,P2-Et,None,Core_04,MFCD09999194,0.0
reaction:353,Aphos G3,BTTP,t-AmOH (25%),Core_04,MFCD09999194,63.358438997757105
reaction:354,Xphos G3,K3PO4,H2O (25%),Core_04,MFCD09999194,52.41863201721991
reaction:355,tBuXphos G3,BTMG,None,Core_04,MFCD09999194,17.80408627521827
reaction:356,Aphos G3,BTMG,t-AmOH (25%),Core_04,MFCD09999194,42.38281070716859
reaction:357,Xphos G3,BTMG,H2O (25%),Core_04,MFCD09999194,57.87389982395137
reaction:358,Aphos G3,P2-Et,None,Core_04,MFCD09999194,0.0
reaction:359,tBu3P G2,BTTP,t-AmOH (25%),Core_04,MFCD09999194,51.59299074760951
reaction:360,RuPhos G3,K3PO4,H2O (25%),Core_04,MFCD09999194,41.82982350730598
reaction:361,Aphos G3,BTMG,None,Core_04,MFCD09999194,100.0
reaction:362,tBu3P G2,BTMG,t-AmOH (25%),Core_04,MFCD09999194,100.0
reaction:363,RuPhos G3,BTMG,H2O (25%),Core_04,MFCD09999194,100.0
reaction:364,tBuXphos G3,P2-Et,None,Core_04,MFCD05663845,40.781057257341274
reaction:365,Aphos G3,BTTP,t-AmOH (25%),Core_04,MFCD05663845,96.05462699829317
reaction:366,Xphos G3,K3PO4,H2O (25%),Core_04,MFCD05663845,26.654941804071075
reaction:367,tBuXphos G3,BTMG,None,Core_04,MFCD05663845,9.485101149869642
reaction:368,Aphos G3,BTMG,t-AmOH (25%),Core_04,MFCD05663845,94.27537812617086
reaction:369,Xphos G3,BTMG,H2O (25%),Core_04,MFCD05663845,66.7123378298408
reaction:370,Aphos G3,P2-Et,None,Core_04,MFCD05663845,100.0
reaction:371,tBu3P G2,BTTP,t-AmOH (25%),Core_04,MFCD05663845,95.57679915714115
reaction:372,RuPhos G3,K3PO4,H2O (25%),Core_04,MFCD05663845,14.495406937165725
reaction:373,Aphos G3,BTMG,None,Core_04,MFCD05663845,42.4747821628049
reaction:374,tBu3P G2,BTMG,t-AmOH (25%),Core_04,MFCD05663845,93.70091333699916
reaction:375,RuPhos G3,BTMG,H2O (25%),Core_04,MFCD05663845,97.94064639735103
reaction:376,Aphos G3,BTTP,t-AmOH (25%),Core_05,MFCD05663854,85.8936150569852
reaction:377,Xphos G3,K3PO4,H2O (25%),Core_05,MFCD05663854,87.69382073710497
reaction:378,tBuXphos G3,BTMG,None,Core_05,MFCD05663854,86.70378376816454
reaction:379,Aphos G3,BTMG,t-AmOH (25%),Core_05,MFCD05663854,100.0
reaction:380,Xphos G3,BTMG,H2O (25%),Core_05,MFCD05663854,100.0
reaction:381,Aphos G3,P2-Et,None,Core_05,MFCD05663854,0.0
reaction:382,tBu3P G2,BTTP,t-AmOH (25%),Core_05,MFCD05663854,98.04749318870208
reaction:383,RuPhos G3,K3PO4,H2O (25%),Core_05,MFCD05663854,80.82474957273429
reaction:384,Aphos G3,BTMG,None,Core_05,MFCD05663854,90.7422472046191
reaction:385,tBu3P G2,BTMG,t-AmOH (25%),Core_05,MFCD05663854,91.51631899777728
reaction:386,RuPhos G3,BTMG,H2O (25%),Core_05,MFCD05663854,62.31832974619383
reaction:387,Aphos G3,BTTP,t-AmOH (25%),Core_05,MFCD16994280,92.67047117649491
reaction:388,Xphos G3,K3PO4,H2O (25%),Core_05,MFCD16994280,91.21487055417926
reaction:389,tBuXphos G3,BTMG,None,Core_05,MFCD16994280,74.5454481849977
reaction:390,Aphos G3,BTMG,t-AmOH (25%),Core_05,MFCD16994280,100.0
reaction:391,Xphos G3,BTMG,H2O (25%),Core_05,MFCD16994280,70.328802365811
reaction:392,Aphos G3,P2-Et,None,Core_05,MFCD16994280,89.42919680408495
reaction:393,tBu3P G2,BTTP,t-AmOH (25%),Core_05,MFCD16994280,94.55910600927007
reaction:394,RuPhos G3,K3PO4,H2O (25%),Core_05,MFCD16994280,100.0
reaction:395,Aphos G3,BTMG,None,Core_05,MFCD16994280,99.98771541748917
reaction:396,tBu3P G2,BTMG,t-AmOH (25%),Core_05,MFCD16994280,90.38574707059429
reaction:397,RuPhos G3,BTMG,H2O (25%),Core_05,MFCD16994280,89.75851861203749
reaction:398,Aphos G3,BTTP,t-AmOH (25%),Core_05,MFCD03788418,92.02827389268575
reaction:399,Xphos G3,K3PO4,H2O (25%),Core_05,MFCD03788418,94.69602541229547
reaction:400,tBuXphos G3,BTMG,None,Core_05,MFCD03788418,100.0
reaction:401,Aphos G3,BTMG,t-AmOH (25%),Core_05,MFCD03788418,94.3614383068228
reaction:402,Xphos G3,BTMG,H2O (25%),Core_05,MFCD03788418,100.0
reaction:403,tBu3P G2,BTTP,t-AmOH (25%),Core_05,MFCD03788418,98.51033976201876
reaction:404,RuPhos G3,K3PO4,H2O (25%),Core_05,MFCD03788418,89.92126549158273
reaction:405,Aphos G3,BTMG,None,Core_05,MFCD03788418,100.0
reaction:406,tBu3P G2,BTMG,t-AmOH (25%),Core_05,MFCD03788418,98.50561074590144
reaction:407,RuPhos G3,BTMG,H2O (25%),Core_05,MFCD03788418,95.05518459158165
reaction:408,tBuXphos G3,P2-Et,None,Core_05,MFCD19439767,79.46104558356608
reaction:409,Aphos G3,BTTP,t-AmOH (25%),Core_05,MFCD19439767,98.2002026055384
reaction:410,Xphos G3,K3PO4,H2O (25%),Core_05,MFCD19439767,100.0
reaction:411,tBuXphos G3,BTMG,None,Core_05,MFCD19439767,97.43730892449534
reaction:412,Aphos G3,BTMG,t-AmOH (25%),Core_05,MFCD19439767,100.0
reaction:413,Xphos G3,BTMG,H2O (25%),Core_05,MFCD19439767,0.0
reaction:414,Aphos G3,P2-Et,None,Core_05,MFCD19439767,35.12897094695693
reaction:415,tBu3P G2,BTTP,t-AmOH (25%),Core_05,MFCD19439767,93.81148208485631
reaction:416,RuPhos G3,K3PO4,H2O (25%),Core_05,MFCD19439767,91.30535055737582
reaction:417,Aphos G3,BTMG,None,Core_05,MFCD19439767,100.0
reaction:418,tBu3P G2,BTMG,t-AmOH (25%),Core_05,MFCD19439767,100.0
reaction:419,RuPhos G3,BTMG,H2O (25%),Core_05,MFCD19439767,70.74975155026677
reaction:420,tBuXphos G3,P2-Et,None,Core_05,MFCD18383786,89.83260730510271
reaction:421,Aphos G3,BTTP,t-AmOH (25%),Core_05,MFCD18383786,100.0
reaction:422,Xphos G3,K3PO4,H2O (25%),Core_05,MFCD18383786,95.5577453297164
reaction:423,tBuXphos G3,BTMG,None,Core_05,MFCD18383786,100.0
reaction:424,Aphos G3,BTMG,t-AmOH (25%),Core_05,MFCD18383786,98.48130946529675
reaction:425,Xphos G3,BTMG,H2O (25%),Core_05,MFCD18383786,83.60592185900444
reaction:426,Aphos G3,P2-Et,None,Core_05,MFCD18383786,100.0
reaction:427,tBu3P G2,BTTP,t-AmOH (25%),Core_05,MFCD18383786,96.14134014675989
reaction:428,RuPhos G3,K3PO4,H2O (25%),Core_05,MFCD18383786,98.54898303207861
reaction:429,Aphos G3,BTMG,None,Core_05,MFCD18383786,100.0
reaction:430,tBu3P G2,BTMG,t-AmOH (25%),Core_05,MFCD18383786,100.0
reaction:431,RuPhos G3,BTMG,H2O (25%),Core_05,MFCD18383786,98.39669621525977
reaction:432,Aphos G3,BTTP,t-AmOH (25%),Core_05,MFCD00674177,89.46786065350398
reaction:433,Xphos G3,K3PO4,H2O (25%),Core_05,MFCD00674177,92.20029092013571
reaction:434,tBuXphos G3,BTMG,None,Core_05,MFCD00674177,64.96049208811552
reaction:435,Aphos G3,BTMG,t-AmOH (25%),Core_05,MFCD00674177,100.0
reaction:436,Xphos G3,BTMG,H2O (25%),Core_05,MFCD00674177,85.55074060845716
reaction:437,tBu3P G2,BTTP,t-AmOH (25%),Core_05,MFCD00674177,88.96271931871726
reaction:438,RuPhos G3,K3PO4,H2O (25%),Core_05,MFCD00674177,52.745111939324275
reaction:439,Aphos G3,BTMG,None,Core_05,MFCD00674177,95.16500942016756
reaction:440,tBu3P G2,BTMG,t-AmOH (25%),Core_05,MFCD00674177,62.54352445779945
reaction:441,RuPhos G3,BTMG,H2O (25%),Core_05,MFCD00674177,100.0
reaction:442,tBuXphos G3,P2-Et,None,Core_05,MFCD11878349,0.0
reaction:443,Aphos G3,BTTP,t-AmOH (25%),Core_05,MFCD11878349,54.0314063273201
reaction:444,Xphos G3,K3PO4,H2O (25%),Core_05,MFCD11878349,16.353151360365768
reaction:445,tBuXphos G3,BTMG,None,Core_05,MFCD11878349,78.85293088808842
reaction:446,Aphos G3,BTMG,t-AmOH (25%),Core_05,MFCD11878349,52.89604224574611
reaction:447,Xphos G3,BTMG,H2O (25%),Core_05,MFCD11878349,24.037251433009903
reaction:448,Aphos G3,P2-Et,None,Core_05,MFCD11878349,0.0
reaction:449,tBu3P G2,BTTP,t-AmOH (25%),Core_05,MFCD11878349,56.72622807274498
reaction:450,RuPhos G3,K3PO4,H2O (25%),Core_05,MFCD11878349,0.0
reaction:451,Aphos G3,BTMG,None,Core_05,MFCD11878349,57.89353780178337
reaction:452,tBu3P G2,BTMG,t-AmOH (25%),Core_05,MFCD11878349,56.66906122589984
reaction:453,RuPhos G3,BTMG,H2O (25%),Core_05,MFCD11878349,20.477931571677026
reaction:454,tBuXphos G3,P2-Et,None,Core_05,MFCD03789252,61.39085635747686
reaction:455,Aphos G3,BTTP,t-AmOH (25%),Core_05,MFCD03789252,80.14250225907392
reaction:456,Xphos G3,K3PO4,H2O (25%),Core_05,MFCD03789252,77.34367671641238
reaction:457,tBuXphos G3,BTMG,None,Core_05,MFCD03789252,78.58205235164134
reaction:458,Aphos G3,BTMG,t-AmOH (25%),Core_05,MFCD03789252,78.30898279654164
reaction:459,Xphos G3,BTMG,H2O (25%),Core_05,MFCD03789252,49.69043295666823
reaction:460,Aphos G3,P2-Et,None,Core_05,MFCD03789252,34.94350030009965
reaction:461,tBu3P G2,BTTP,t-AmOH (25%),Core_05,MFCD03789252,82.88709778905945
reaction:462,RuPhos G3,K3PO4,H2O (25%),Core_05,MFCD03789252,79.32567387067276
reaction:463,Aphos G3,BTMG,None,Core_05,MFCD03789252,92.84196117365872
reaction:464,tBu3P G2,BTMG,t-AmOH (25%),Core_05,MFCD03789252,82.42937939341218
reaction:465,RuPhos G3,BTMG,H2O (25%),Core_05,MFCD03789252,84.37436189214397
reaction:466,tBuXphos G3,P2-Et,None,Core_05,MFCD09999194,63.168654795285505
reaction:467,Aphos G3,BTTP,t-AmOH (25%),Core_05,MFCD09999194,80.13663056081153
reaction:468,Xphos G3,K3PO4,H2O (25%),Core_05,MFCD09999194,59.21637478416191
reaction:469,tBuXphos G3,BTMG,None,Core_05,MFCD09999194,82.57878163127505
reaction:470,Aphos G3,BTMG,t-AmOH (25%),Core_05,MFCD09999194,80.6206588606519
reaction:471,Xphos G3,BTMG,H2O (25%),Core_05,MFCD09999194,68.97027082662538
reaction:472,Aphos G3,P2-Et,None,Core_05,MFCD09999194,35.121076659123226
reaction:473,tBu3P G2,BTTP,t-AmOH (25%),Core_05,MFCD09999194,83.01870520784944
reaction:474,RuPhos G3,K3PO4,H2O (25%),Core_05,MFCD09999194,70.87625794315237
reaction:475,Aphos G3,BTMG,None,Core_05,MFCD09999194,84.84472329540611
reaction:476,tBu3P G2,BTMG,t-AmOH (25%),Core_05,MFCD09999194,83.72027988353376
reaction:477,RuPhos G3,BTMG,H2O (25%),Core_05,MFCD09999194,73.62498517966236
reaction:478,tBuXphos G3,P2-Et,None,Core_05,MFCD05663845,22.788715009527397
reaction:479,Aphos G3,BTTP,t-AmOH (25%),Core_05,MFCD05663845,61.40358083043511
reaction:480,Xphos G3,K3PO4,H2O (25%),Core_05,MFCD05663845,49.847786904234816
reaction:481,tBuXphos G3,BTMG,None,Core_05,MFCD05663845,55.31737448199241
reaction:482,Aphos G3,BTMG,t-AmOH (25%),Core_05,MFCD05663845,60.57157330279293
reaction:483,Xphos G3,BTMG,H2O (25%),Core_05,MFCD05663845,0.0
reaction:484,Aphos G3,P2-Et,None,Core_05,MFCD05663845,19.934368444006367
reaction:485,tBu3P G2,BTTP,t-AmOH (25%),Core_05,MFCD05663845,62.55253405154867
reaction:486,RuPhos G3,K3PO4,H2O (25%),Core_05,MFCD05663845,48.73505527906823
reaction:487,Aphos G3,BTMG,None,Core_05,MFCD05663845,64.49679105744661
reaction:488,tBu3P G2,BTMG,t-AmOH (25%),Core_05,MFCD05663845,64.07413984740552
reaction:489,RuPhos G3,BTMG,H2O (25%),Core_05,MFCD05663845,46.20598685713392
reaction:490,tBuXphos G3,P2-Et,None,Core_06,MFCD05663854,45.890705706272776
reaction:491,Aphos G3,BTTP,t-AmOH (25%),Core_06,MFCD05663854,93.11242091388388
reaction:492,Xphos G3,K3PO4,H2O (25%),Core_06,MFCD05663854,85.57968591807233
reaction:493,tBuXphos G3,BTMG,None,Core_06,MFCD05663854,39.315310492838115
reaction:494,Aphos G3,BTMG,t-AmOH (25%),Core_06,MFCD05663854,91.80136684069741
reaction:495,Xphos G3,BTMG,H2O (25%),Core_06,MFCD05663854,84.91695036688931
reaction:496,Aphos G3,P2-Et,None,Core_06,MFCD05663854,64.18880042941849
reaction:497,tBu3P G2,BTTP,t-AmOH (25%),Core_06,MFCD05663854,88.19554067864816
reaction:498,RuPhos G3,K3PO4,H2O (25%),Core_06,MFCD05663854,73.95936125894642
reaction:499,Aphos G3,BTMG,None,Core_06,MFCD05663854,92.88780494110507
reaction:500,tBu3P G2,BTMG,t-AmOH (25%),Core_06,MFCD05663854,90.5790552297692
reaction:501,RuPhos G3,BTMG,H2O (25%),Core_06,MFCD05663854,84.52200592042567
reaction:502,tBuXphos G3,P2-Et,None,Core_06,MFCD16994280,8.77875538324726
reaction:503,Aphos G3,BTTP,t-AmOH (25%),Core_06,MFCD16994280,100.0
reaction:504,Xphos G3,K3PO4,H2O (25%),Core_06,MFCD16994280,100.0
reaction:505,tBuXphos G3,BTMG,None,Core_06,MFCD16994280,10.58065173628345
reaction:506,Aphos G3,BTMG,t-AmOH (25%),Core_06,MFCD16994280,85.39635305382825
reaction:507,Xphos G3,BTMG,H2O (25%),Core_06,MFCD16994280,100.0
reaction:508,Aphos G3,P2-Et,None,Core_06,MFCD16994280,52.69831452387423
reaction:509,tBu3P G2,BTTP,t-AmOH (25%),Core_06,MFCD16994280,91.69050279792981
reaction:510,RuPhos G3,K3PO4,H2O (25%),Core_06,MFCD16994280,100.0
reaction:511,Aphos G3,BTMG,None,Core_06,MFCD16994280,81.10552095669618
reaction:512,tBu3P G2,BTMG,t-AmOH (25%),Core_06,MFCD16994280,83.18460080544767
reaction:513,RuPhos G3,BTMG,H2O (25%),Core_06,MFCD16994280,100.0
reaction:514,tBuXphos G3,P2-Et,None,Core_06,MFCD03788418,0.0
reaction:515,Aphos G3,BTTP,t-AmOH (25%),Core_06,MFCD03788418,96.37307737473373
reaction:516,Xphos G3,K3PO4,H2O (25%),Core_06,MFCD03788418,100.0
reaction:517,tBuXphos G3,BTMG,None,Core_06,MFCD03788418,21.546179795446953
reaction:518,Aphos G3,BTMG,t-AmOH (25%),Core_06,MFCD03788418,96.76961687058473
reaction:519,Xphos G3,BTMG,H2O (25%),Core_06,MFCD03788418,94.34013138399706
reaction:520,Aphos G3,P2-Et,None,Core_06,MFCD03788418,14.74424899326509
reaction:521,tBu3P G2,BTTP,t-AmOH (25%),Core_06,MFCD03788418,89.73730877904913
reaction:522,RuPhos G3,K3PO4,H2O (25%),Core_06,MFCD03788418,100.0
reaction:523,Aphos G3,BTMG,None,Core_06,MFCD03788418,90.35409400710134
reaction:524,tBu3P G2,BTMG,t-AmOH (25%),Core_06,MFCD03788418,91.24009537984793
reaction:525,RuPhos G3,BTMG,H2O (25%),Core_06,MFCD03788418,97.75567479986374
reaction:526,tBuXphos G3,P2-Et,None,Core_06,MFCD19439767,27.394917475318813
reaction:527,Aphos G3,BTTP,t-AmOH (25%),Core_06,MFCD19439767,100.0
reaction:528,Xphos G3,K3PO4,H2O (25%),Core_06,MFCD19439767,100.0
reaction:529,tBuXphos G3,BTMG,None,Core_06,MFCD19439767,66.42037453512954
reaction:530,Aphos G3,BTMG,t-AmOH (25%),Core_06,MFCD19439767,100.0
reaction:531,Xphos G3,BTMG,H2O (25%),Core_06,MFCD19439767,100.0
reaction:532,Aphos G3,P2-Et,None,Core_06,MFCD19439767,14.02079998762012
reaction:533,tBu3P G2,BTTP,t-AmOH (25%),Core_06,MFCD19439767,98.4111034902527
reaction:534,RuPhos G3,K3PO4,H2O (25%),Core_06,MFCD19439767,100.0
reaction:535,Aphos G3,BTMG,None,Core_06,MFCD19439767,100.0
reaction:536,tBu3P G2,BTMG,t-AmOH (25%),Core_06,MFCD19439767,98.25926485401027
reaction:537,RuPhos G3,BTMG,H2O (25%),Core_06,MFCD19439767,100.0
reaction:538,tBuXphos G3,P2-Et,None,Core_06,MFCD18383786,37.95162505602994
reaction:539,Aphos G3,BTTP,t-AmOH (25%),Core_06,MFCD18383786,100.0
reaction:540,Xphos G3,K3PO4,H2O (25%),Core_06,MFCD18383786,100.0
reaction:541,tBuXphos G3,BTMG,None,Core_06,MFCD18383786,84.61993070123836
reaction:542,Aphos G3,BTMG,t-AmOH (25%),Core_06,MFCD18383786,100.0
reaction:543,Xphos G3,BTMG,H2O (25%),Core_06,MFCD18383786,100.0
reaction:544,Aphos G3,P2-Et,None,Core_06,MFCD18383786,25.84040503811304
reaction:545,tBu3P G2,BTTP,t-AmOH (25%),Core_06,MFCD18383786,100.0
reaction:546,RuPhos G3,K3PO4,H2O (25%),Core_06,MFCD18383786,100.0
reaction:547,Aphos G3,BTMG,None,Core_06,MFCD18383786,100.0
reaction:548,tBu3P G2,BTMG,t-AmOH (25%),Core_06,MFCD18383786,100.0
reaction:549,RuPhos G3,BTMG,H2O (25%),Core_06,MFCD18383786,100.0
reaction:550,tBuXphos G3,P2-Et,None,Core_06,MFCD00674177,0.0
reaction:551,Aphos G3,BTTP,t-AmOH (25%),Core_06,MFCD00674177,50.05157156204015
reaction:552,Xphos G3,K3PO4,H2O (25%),Core_06,MFCD00674177,16.38310734130416
reaction:553,tBuXphos G3,BTMG,None,Core_06,MFCD00674177,0.0
reaction:554,Aphos G3,BTMG,t-AmOH (25%),Core_06,MFCD00674177,33.949177155158374
reaction:555,Xphos G3,BTMG,H2O (25%),Core_06,MFCD00674177,18.375303816205587
reaction:556,Aphos G3,P2-Et,None,Core_06,MFCD00674177,26.832877426253
reaction:557,tBu3P G2,BTTP,t-AmOH (25%),Core_06,MFCD00674177,37.919991013870366
reaction:558,RuPhos G3,K3PO4,H2O (25%),Core_06,MFCD00674177,6.003070721947791
reaction:559,Aphos G3,BTMG,None,Core_06,MFCD00674177,21.483017050301473
reaction:560,tBu3P G2,BTMG,t-AmOH (25%),Core_06,MFCD00674177,17.63267589991129
reaction:561,RuPhos G3,BTMG,H2O (25%),Core_06,MFCD00674177,6.1904969104236915
reaction:562,tBuXphos G3,P2-Et,None,Core_06,MFCD11878349,0.0
reaction:563,Aphos G3,BTTP,t-AmOH (25%),Core_06,MFCD11878349,2.7314715713888047
reaction:564,Xphos G3,K3PO4,H2O (25%),Core_06,MFCD11878349,3.321915682983917
reaction:565,tBuXphos G3,BTMG,None,Core_06,MFCD11878349,55.99520304892839
reaction:566,Aphos G3,BTMG,t-AmOH (25%),Core_06,MFCD11878349,3.793096955503402
reaction:567,Xphos G3,BTMG,H2O (25%),Core_06,MFCD11878349,7.806792947816284
reaction:568,Aphos G3,P2-Et,None,Core_06,MFCD11878349,0.0
reaction:569,tBu3P G2,BTTP,t-AmOH (25%),Core_06,MFCD11878349,13.832625254496769
reaction:570,RuPhos G3,K3PO4,H2O (25%),Core_06,MFCD11878349,3.144220300419851
reaction:571,Aphos G3,BTMG,None,Core_06,MFCD11878349,0.0
reaction:572,tBu3P G2,BTMG,t-AmOH (25%),Core_06,MFCD11878349,15.127020558734158
reaction:573,RuPhos G3,BTMG,H2O (25%),Core_06,MFCD11878349,1.5378235501410238
reaction:574,tBuXphos G3,P2-Et,None,Core_06,MFCD03789252,62.78773176411785
reaction:575,Aphos G3,BTTP,t-AmOH (25%),Core_06,MFCD03789252,100.0
reaction:576,Xphos G3,K3PO4,H2O (25%),Core_06,MFCD03789252,100.0
reaction:577,tBuXphos G3,BTMG,None,Core_06,MFCD03789252,54.60982084164074
reaction:578,Aphos G3,BTMG,t-AmOH (25%),Core_06,MFCD03789252,100.0
reaction:579,Xphos G3,BTMG,H2O (25%),Core_06,MFCD03789252,100.0
reaction:580,Aphos G3,P2-Et,None,Core_06,MFCD03789252,98.02980797253387
reaction:581,tBu3P G2,BTTP,t-AmOH (25%),Core_06,MFCD03789252,100.0
reaction:582,RuPhos G3,K3PO4,H2O (25%),Core_06,MFCD03789252,100.0
reaction:583,Aphos G3,BTMG,None,Core_06,MFCD03789252,100.0
reaction:584,tBu3P G2,BTMG,t-AmOH (25%),Core_06,MFCD03789252,100.0
reaction:585,RuPhos G3,BTMG,H2O (25%),Core_06,MFCD03789252,100.0
reaction:586,tBuXphos G3,P2-Et,None,Core_06,MFCD09999194,4.9670408582009005
reaction:587,Aphos G3,BTTP,t-AmOH (25%),Core_06,MFCD09999194,92.81189287362875
reaction:588,Xphos G3,K3PO4,H2O (25%),Core_06,MFCD09999194,88.53376223139821
reaction:589,tBuXphos G3,BTMG,None,Core_06,MFCD09999194,83.47967091159204
reaction:590,Aphos G3,BTMG,t-AmOH (25%),Core_06,MFCD09999194,88.56823543264377
reaction:591,Xphos G3,BTMG,H2O (25%),Core_06,MFCD09999194,93.39164741090052
reaction:592,Aphos G3,P2-Et,None,Core_06,MFCD09999194,15.374657624392412
reaction:593,tBu3P G2,BTTP,t-AmOH (25%),Core_06,MFCD09999194,96.98577433308616
reaction:594,RuPhos G3,K3PO4,H2O (25%),Core_06,MFCD09999194,85.3579271331844
reaction:595,Aphos G3,BTMG,None,Core_06,MFCD09999194,98.45632638354925
reaction:596,tBu3P G2,BTMG,t-AmOH (25%),Core_06,MFCD09999194,90.08628079073539
reaction:597,RuPhos G3,BTMG,H2O (25%),Core_06,MFCD09999194,88.38514696670462
reaction:598,tBuXphos G3,P2-Et,None,Core_06,MFCD05663845,32.022565958583876
reaction:599,Aphos G3,BTTP,t-AmOH (25%),Core_06,MFCD05663845,95.52551595139066
reaction:600,Xphos G3,K3PO4,H2O (25%),Core_06,MFCD05663845,93.94604443652386
reaction:601,tBuXphos G3,BTMG,None,Core_06,MFCD05663845,22.513596532300642
reaction:602,Aphos G3,BTMG,t-AmOH (25%),Core_06,MFCD05663845,95.7962898215315
reaction:603,Xphos G3,BTMG,H2O (25%),Core_06,MFCD05663845,97.43651167279019
reaction:604,Aphos G3,P2-Et,None,Core_06,MFCD05663845,94.19372121098418
reaction:605,tBu3P G2,BTTP,t-AmOH (25%),Core_06,MFCD05663845,96.34236316414646
reaction:606,RuPhos G3,K3PO4,H2O (25%),Core_06,MFCD05663845,94.03441771492156
reaction:607,Aphos G3,BTMG,None,Core_06,MFCD05663845,95.37791424834997
reaction:608,tBu3P G2,BTMG,t-AmOH (25%),Core_06,MFCD05663845,96.91291305344014
reaction:609,RuPhos G3,BTMG,H2O (25%),Core_06,MFCD05663845,95.16393312843908
reaction:610,tBuXphos G3,P2-Et,None,Core_07,MFCD05663854,0.0
reaction:611,Aphos G3,BTTP,t-AmOH (25%),Core_07,MFCD05663854,56.27637943539001
reaction:612,Xphos G3,K3PO4,H2O (25%),Core_07,MFCD05663854,62.341545683273104
reaction:613,tBuXphos G3,BTMG,None,Core_07,MFCD05663854,0.0
reaction:614,Aphos G3,BTMG,t-AmOH (25%),Core_07,MFCD05663854,67.41889252479088
reaction:615,Xphos G3,BTMG,H2O (25%),Core_07,MFCD05663854,60.54754024741167
reaction:616,Aphos G3,P2-Et,None,Core_07,MFCD05663854,64.90600424748082
reaction:617,tBu3P G2,BTTP,t-AmOH (25%),Core_07,MFCD05663854,31.957207364163963
reaction:618,RuPhos G3,K3PO4,H2O (25%),Core_07,MFCD05663854,69.7863653660917
reaction:619,Aphos G3,BTMG,None,Core_07,MFCD05663854,39.8885566431446
reaction:620,tBu3P G2,BTMG,t-AmOH (25%),Core_07,MFCD05663854,64.62171638146683
reaction:621,RuPhos G3,BTMG,H2O (25%),Core_07,MFCD05663854,71.10470910903693
reaction:622,tBuXphos G3,P2-Et,None,Core_07,MFCD16994280,0.0
reaction:623,Aphos G3,BTTP,t-AmOH (25%),Core_07,MFCD16994280,26.676767962166974
reaction:624,Xphos G3,K3PO4,H2O (25%),Core_07,MFCD16994280,89.56907278689745
reaction:625,tBuXphos G3,BTMG,None,Core_07,MFCD16994280,0.0
reaction:626,Aphos G3,BTMG,t-AmOH (25%),Core_07,MFCD16994280,86.37477932584832
reaction:627,Xphos G3,BTMG,H2O (25%),Core_07,MFCD16994280,95.15147543537064
reaction:628,Aphos G3,P2-Et,None,Core_07,MFCD16994280,14.993958899072219
reaction:629,tBu3P G2,BTTP,t-AmOH (25%),Core_07,MFCD16994280,8.462613926169697
reaction:630,RuPhos G3,K3PO4,H2O (25%),Core_07,MFCD16994280,100.0
reaction:631,Aphos G3,BTMG,None,Core_07,MFCD16994280,70.1066072022515
reaction:632,tBu3P G2,BTMG,t-AmOH (25%),Core_07,MFCD16994280,51.4327541848368
reaction:633,RuPhos G3,BTMG,H2O (25%),Core_07,MFCD16994280,100.0
reaction:634,tBuXphos G3,P2-Et,None,Core_07,MFCD03788418,0.0
reaction:635,Aphos G3,BTTP,t-AmOH (25%),Core_07,MFCD03788418,45.86029811170456
reaction:636,Xphos G3,K3PO4,H2O (25%),Core_07,MFCD03788418,100.0
reaction:637,tBuXphos G3,BTMG,None,Core_07,MFCD03788418,0.0
reaction:638,Aphos G3,BTMG,t-AmOH (25%),Core_07,MFCD03788418,100.0
reaction:639,Xphos G3,BTMG,H2O (25%),Core_07,MFCD03788418,77.91552753780931
reaction:640,Aphos G3,P2-Et,None,Core_07,MFCD03788418,11.870546539715566
reaction:641,tBu3P G2,BTTP,t-AmOH (25%),Core_07,MFCD03788418,10.806305743802563
reaction:642,RuPhos G3,K3PO4,H2O (25%),Core_07,MFCD03788418,100.0
reaction:643,Aphos G3,BTMG,None,Core_07,MFCD03788418,100.0
reaction:644,tBu3P G2,BTMG,t-AmOH (25%),Core_07,MFCD03788418,68.19209630524968
reaction:645,RuPhos G3,BTMG,H2O (25%),Core_07,MFCD03788418,77.72645044685997
reaction:646,tBuXphos G3,P2-Et,None,Core_07,MFCD19439767,3.160435176136351
reaction:647,Aphos G3,BTTP,t-AmOH (25%),Core_07,MFCD19439767,100.0
reaction:648,Xphos G3,K3PO4,H2O (25%),Core_07,MFCD19439767,100.0
reaction:649,tBuXphos G3,BTMG,None,Core_07,MFCD19439767,7.629641889214354
reaction:650,Aphos G3,BTMG,t-AmOH (25%),Core_07,MFCD19439767,100.0
reaction:651,Xphos G3,BTMG,H2O (25%),Core_07,MFCD19439767,100.0
reaction:652,Aphos G3,P2-Et,None,Core_07,MFCD19439767,46.44546950706697
reaction:653,tBu3P G2,BTTP,t-AmOH (25%),Core_07,MFCD19439767,27.574452517357077
reaction:654,RuPhos G3,K3PO4,H2O (25%),Core_07,MFCD19439767,100.0
reaction:655,Aphos G3,BTMG,None,Core_07,MFCD19439767,100.0
reaction:656,tBu3P G2,BTMG,t-AmOH (25%),Core_07,MFCD19439767,100.0
reaction:657,RuPhos G3,BTMG,H2O (25%),Core_07,MFCD19439767,100.0
reaction:658,tBuXphos G3,P2-Et,None,Core_07,MFCD18383786,5.678120328491702
reaction:659,Aphos G3,BTTP,t-AmOH (25%),Core_07,MFCD18383786,90.07772431734288
reaction:660,Xphos G3,K3PO4,H2O (25%),Core_07,MFCD18383786,58.162191746962975
reaction:661,tBuXphos G3,BTMG,None,Core_07,MFCD18383786,35.50634591571375
reaction:662,Aphos G3,BTMG,t-AmOH (25%),Core_07,MFCD18383786,100.0
reaction:663,Xphos G3,BTMG,H2O (25%),Core_07,MFCD18383786,100.0
reaction:664,Aphos G3,P2-Et,None,Core_07,MFCD18383786,36.67649311169646
reaction:665,tBu3P G2,BTTP,t-AmOH (25%),Core_07,MFCD18383786,21.106925370227994
reaction:666,RuPhos G3,K3PO4,H2O (25%),Core_07,MFCD18383786,79.44213411707109
reaction:667,Aphos G3,BTMG,None,Core_07,MFCD18383786,100.0
reaction:668,tBu3P G2,BTMG,t-AmOH (25%),Core_07,MFCD18383786,100.0
reaction:669,RuPhos G3,BTMG,H2O (25%),Core_07,MFCD18383786,85.12097214192742
reaction:670,tBuXphos G3,P2-Et,None,Core_07,MFCD00674177,0.0
reaction:671,Aphos G3,BTTP,t-AmOH (25%),Core_07,MFCD00674177,21.539559478961063
reaction:672,Xphos G3,K3PO4,H2O (25%),Core_07,MFCD00674177,30.70754590330191
reaction:673,tBuXphos G3,BTMG,None,Core_07,MFCD00674177,0.0
reaction:674,Aphos G3,BTMG,t-AmOH (25%),Core_07,MFCD00674177,47.605708037170096
reaction:675,Xphos G3,BTMG,H2O (25%),Core_07,MFCD00674177,26.57362067714243
reaction:676,Aphos G3,P2-Et,None,Core_07,MFCD00674177,22.543360751114324
reaction:677,tBu3P G2,BTTP,t-AmOH (25%),Core_07,MFCD00674177,7.512313790699683
reaction:678,RuPhos G3,K3PO4,H2O (25%),Core_07,MFCD00674177,17.51040448634494
reaction:679,Aphos G3,BTMG,None,Core_07,MFCD00674177,43.312974492758286
reaction:680,tBu3P G2,BTMG,t-AmOH (25%),Core_07,MFCD00674177,0.0
reaction:681,RuPhos G3,BTMG,H2O (25%),Core_07,MFCD00674177,19.15246263784888
reaction:682,tBuXphos G3,P2-Et,None,Core_07,MFCD11878349,0.0
reaction:683,Aphos G3,BTTP,t-AmOH (25%),Core_07,MFCD11878349,31.74587413959698
reaction:684,Xphos G3,K3PO4,H2O (25%),Core_07,MFCD11878349,10.196048078809925
reaction:685,tBuXphos G3,BTMG,None,Core_07,MFCD11878349,35.59674854382626
reaction:686,Aphos G3,BTMG,t-AmOH (25%),Core_07,MFCD11878349,58.35507999490075
reaction:687,Xphos G3,BTMG,H2O (25%),Core_07,MFCD11878349,31.46822095051847
reaction:688,Aphos G3,P2-Et,None,Core_07,MFCD11878349,0.0
reaction:689,tBu3P G2,BTTP,t-AmOH (25%),Core_07,MFCD11878349,9.02209362453565
reaction:690,RuPhos G3,K3PO4,H2O (25%),Core_07,MFCD11878349,11.996763670100858
reaction:691,Aphos G3,BTMG,None,Core_07,MFCD11878349,64.0471880357575
reaction:692,tBu3P G2,BTMG,t-AmOH (25%),Core_07,MFCD11878349,41.24795288860724
reaction:693,RuPhos G3,BTMG,H2O (25%),Core_07,MFCD11878349,18.263312332884972
reaction:694,tBuXphos G3,P2-Et,None,Core_07,MFCD03789252,12.459350333148048
reaction:695,Aphos G3,BTTP,t-AmOH (25%),Core_07,MFCD03789252,100.0
reaction:696,Xphos G3,K3PO4,H2O (25%),Core_07,MFCD03789252,100.0
reaction:697,tBuXphos G3,BTMG,None,Core_07,MFCD03789252,7.102105888531668
reaction:698,Aphos G3,BTMG,t-AmOH (25%),Core_07,MFCD03789252,100.0
reaction:699,Xphos G3,BTMG,H2O (25%),Core_07,MFCD03789252,100.0
reaction:700,Aphos G3,P2-Et,None,Core_07,MFCD03789252,100.0
reaction:701,tBu3P G2,BTTP,t-AmOH (25%),Core_07,MFCD03789252,84.9893001917237
reaction:702,RuPhos G3,K3PO4,H2O (25%),Core_07,MFCD03789252,100.0
reaction:703,Aphos G3,BTMG,None,Core_07,MFCD03789252,96.69893778889609
reaction:704,tBu3P G2,BTMG,t-AmOH (25%),Core_07,MFCD03789252,100.0
reaction:705,RuPhos G3,BTMG,H2O (25%),Core_07,MFCD03789252,100.0
reaction:706,tBuXphos G3,P2-Et,None,Core_07,MFCD09999194,0.0
reaction:707,Aphos G3,BTTP,t-AmOH (25%),Core_07,MFCD09999194,56.989166079012435
reaction:708,Xphos G3,K3PO4,H2O (25%),Core_07,MFCD09999194,62.90013802012398
reaction:709,tBuXphos G3,BTMG,None,Core_07,MFCD09999194,46.50764100601364
reaction:710,Aphos G3,BTMG,t-AmOH (25%),Core_07,MFCD09999194,100.0
reaction:711,Xphos G3,BTMG,H2O (25%),Core_07,MFCD09999194,84.46842159748569
reaction:712,Aphos G3,P2-Et,None,Core_07,MFCD09999194,70.12664206419551
reaction:713,tBu3P G2,BTTP,t-AmOH (25%),Core_07,MFCD09999194,27.93259803720673
reaction:714,RuPhos G3,K3PO4,H2O (25%),Core_07,MFCD09999194,68.75814612937474
reaction:715,Aphos G3,BTMG,None,Core_07,MFCD09999194,71.10755011272899
reaction:716,tBu3P G2,BTMG,t-AmOH (25%),Core_07,MFCD09999194,100.0
reaction:717,RuPhos G3,BTMG,H2O (25%),Core_07,MFCD09999194,85.25854917233113
reaction:718,tBuXphos G3,P2-Et,None,Core_07,MFCD05663845,6.001226059126473
reaction:719,Aphos G3,BTTP,t-AmOH (25%),Core_07,MFCD05663845,76.58310173315292
reaction:720,Xphos G3,K3PO4,H2O (25%),Core_07,MFCD05663845,32.63864969470545
reaction:721,tBuXphos G3,BTMG,None,Core_07,MFCD05663845,0.0
reaction:722,Aphos G3,BTMG,t-AmOH (25%),Core_07,MFCD05663845,100.0
reaction:723,Xphos G3,BTMG,H2O (25%),Core_07,MFCD05663845,76.50760500916086
reaction:724,Aphos G3,P2-Et,None,Core_07,MFCD05663845,80.27570365956264
reaction:725,tBu3P G2,BTTP,t-AmOH (25%),Core_07,MFCD05663845,63.15348335684375
reaction:726,RuPhos G3,K3PO4,H2O (25%),Core_07,MFCD05663845,55.20870068833985
reaction:727,Aphos G3,BTMG,None,Core_07,MFCD05663845,76.498555375672
reaction:728,tBu3P G2,BTMG,t-AmOH (25%),Core_07,MFCD05663845,100.0
reaction:729,RuPhos G3,BTMG,H2O (25%),Core_07,MFCD05663845,90.22822167782827
reaction:730,tBuXphos G3,P2-Et,None,Core_08,MFCD05663854,0.0
reaction:731,Aphos G3,BTTP,t-AmOH (25%),Core_08,MFCD05663854,0.0
reaction:732,Xphos G3,K3PO4,H2O (25%),Core_08,MFCD05663854,0.0
reaction:733,tBuXphos G3,BTMG,None,Core_08,MFCD05663854,0.0
reaction:734,Aphos G3,BTMG,t-AmOH (25%),Core_08,MFCD05663854,0.0
reaction:735,Xphos G3,BTMG,H2O (25%),Core_08,MFCD05663854,0.0
reaction:736,Aphos G3,P2-Et,None,Core_08,MFCD05663854,0.0
reaction:737,tBu3P G2,BTTP,t-AmOH (25%),Core_08,MFCD05663854,0.0
reaction:738,RuPhos G3,K3PO4,H2O (25%),Core_08,MFCD05663854,0.0
reaction:739,Aphos G3,BTMG,None,Core_08,MFCD05663854,0.0
reaction:740,tBu3P G2,BTMG,t-AmOH (25%),Core_08,MFCD05663854,0.0
reaction:741,RuPhos G3,BTMG,H2O (25%),Core_08,MFCD05663854,0.0
reaction:742,tBuXphos G3,P2-Et,None,Core_08,MFCD16994280,0.0
reaction:743,Aphos G3,BTTP,t-AmOH (25%),Core_08,MFCD16994280,0.0
reaction:744,Xphos G3,K3PO4,H2O (25%),Core_08,MFCD16994280,0.0
reaction:745,tBuXphos G3,BTMG,None,Core_08,MFCD16994280,0.0
reaction:746,Aphos G3,BTMG,t-AmOH (25%),Core_08,MFCD16994280,0.0
reaction:747,Xphos G3,BTMG,H2O (25%),Core_08,MFCD16994280,0.0
reaction:748,tBu3P G2,BTTP,t-AmOH (25%),Core_08,MFCD16994280,0.0
reaction:749,RuPhos G3,K3PO4,H2O (25%),Core_08,MFCD16994280,0.0
reaction:750,Aphos G3,BTMG,None,Core_08,MFCD16994280,0.0
reaction:751,tBu3P G2,BTMG,t-AmOH (25%),Core_08,MFCD16994280,0.0
reaction:752,RuPhos G3,BTMG,H2O (25%),Core_08,MFCD16994280,0.0
reaction:753,tBuXphos G3,P2-Et,None,Core_08,MFCD03788418,47.955328459067104
reaction:754,Aphos G3,BTTP,t-AmOH (25%),Core_08,MFCD03788418,0.0
reaction:755,Xphos G3,K3PO4,H2O (25%),Core_08,MFCD03788418,0.0
reaction:756,tBuXphos G3,BTMG,None,Core_08,MFCD03788418,0.0
reaction:757,Aphos G3,BTMG,t-AmOH (25%),Core_08,MFCD03788418,0.0
reaction:758,Xphos G3,BTMG,H2O (25%),Core_08,MFCD03788418,0.0
reaction:759,Aphos G3,P2-Et,None,Core_08,MFCD03788418,58.91047143201952
reaction:760,tBu3P G2,BTTP,t-AmOH (25%),Core_08,MFCD03788418,0.0
reaction:761,RuPhos G3,K3PO4,H2O (25%),Core_08,MFCD03788418,45.44658692015693
reaction:762,Aphos G3,BTMG,None,Core_08,MFCD03788418,38.468518545726646
reaction:763,tBu3P G2,BTMG,t-AmOH (25%),Core_08,MFCD03788418,43.18174583261001
reaction:764,RuPhos G3,BTMG,H2O (25%),Core_08,MFCD03788418,39.095639066409674
reaction:765,tBuXphos G3,P2-Et,None,Core_08,MFCD19439767,0.0
reaction:766,Aphos G3,BTTP,t-AmOH (25%),Core_08,MFCD19439767,9.833601763241997
reaction:767,Xphos G3,K3PO4,H2O (25%),Core_08,MFCD19439767,0.0
reaction:768,tBuXphos G3,BTMG,None,Core_08,MFCD19439767,0.0
reaction:769,Aphos G3,BTMG,t-AmOH (25%),Core_08,MFCD19439767,8.883010208217607
reaction:770,Xphos G3,BTMG,H2O (25%),Core_08,MFCD19439767,0.0
reaction:771,Aphos G3,P2-Et,None,Core_08,MFCD19439767,0.0
reaction:772,tBu3P G2,BTTP,t-AmOH (25%),Core_08,MFCD19439767,0.0
reaction:773,RuPhos G3,K3PO4,H2O (25%),Core_08,MFCD19439767,0.0
reaction:774,Aphos G3,BTMG,None,Core_08,MFCD19439767,0.0
reaction:775,tBu3P G2,BTMG,t-AmOH (25%),Core_08,MFCD19439767,0.0
reaction:776,RuPhos G3,BTMG,H2O (25%),Core_08,MFCD19439767,0.0
reaction:777,tBuXphos G3,P2-Et,None,Core_08,MFCD18383786,0.0
reaction:778,Aphos G3,BTTP,t-AmOH (25%),Core_08,MFCD18383786,0.0
reaction:779,Xphos G3,K3PO4,H2O (25%),Core_08,MFCD18383786,0.0
reaction:780,tBuXphos G3,BTMG,None,Core_08,MFCD18383786,0.0
reaction:781,Aphos G3,BTMG,t-AmOH (25%),Core_08,MFCD18383786,0.0
reaction:782,Xphos G3,BTMG,H2O (25%),Core_08,MFCD18383786,0.0
reaction:783,Aphos G3,P2-Et,None,Core_08,MFCD18383786,0.0
reaction:784,tBu3P G2,BTTP,t-AmOH (25%),Core_08,MFCD18383786,0.0
reaction:785,RuPhos G3,K3PO4,H2O (25%),Core_08,MFCD18383786,0.0
reaction:786,Aphos G3,BTMG,None,Core_08,MFCD18383786,0.0
reaction:787,tBu3P G2,BTMG,t-AmOH (25%),Core_08,MFCD18383786,0.0
reaction:788,RuPhos G3,BTMG,H2O (25%),Core_08,MFCD18383786,0.0
reaction:789,tBuXphos G3,P2-Et,None,Core_08,MFCD00674177,0.0
reaction:790,Aphos G3,BTTP,t-AmOH (25%),Core_08,MFCD00674177,0.0
reaction:791,Xphos G3,K3PO4,H2O (25%),Core_08,MFCD00674177,0.0
reaction:792,tBuXphos G3,BTMG,None,Core_08,MFCD00674177,1.0494172899661647
reaction:793,Aphos G3,BTMG,t-AmOH (25%),Core_08,MFCD00674177,4.76634410668854
reaction:794,Xphos G3,BTMG,H2O (25%),Core_08,MFCD00674177,25.497730174598004
reaction:795,Aphos G3,P2-Et,None,Core_08,MFCD00674177,0.0
reaction:796,tBu3P G2,BTTP,t-AmOH (25%),Core_08,MFCD00674177,12.530987770906195
reaction:797,RuPhos G3,K3PO4,H2O (25%),Core_08,MFCD00674177,0.0
reaction:798,Aphos G3,BTMG,None,Core_08,MFCD00674177,14.62487827203881
reaction:799,tBu3P G2,BTMG,t-AmOH (25%),Core_08,MFCD00674177,16.070025397377663
reaction:800,RuPhos G3,BTMG,H2O (25%),Core_08,MFCD00674177,21.411673257762924
reaction:801,tBuXphos G3,P2-Et,None,Core_08,MFCD11878349,0.0
reaction:802,Aphos G3,BTTP,t-AmOH (25%),Core_08,MFCD11878349,0.0
reaction:803,Xphos G3,K3PO4,H2O (25%),Core_08,MFCD11878349,0.0
reaction:804,tBuXphos G3,BTMG,None,Core_08,MFCD11878349,0.0
reaction:805,Aphos G3,BTMG,t-AmOH (25%),Core_08,MFCD11878349,0.0
reaction:806,Xphos G3,BTMG,H2O (25%),Core_08,MFCD11878349,0.0
reaction:807,Aphos G3,P2-Et,None,Core_08,MFCD11878349,0.0
reaction:808,tBu3P G2,BTTP,t-AmOH (25%),Core_08,MFCD11878349,0.0
reaction:809,RuPhos G3,K3PO4,H2O (25%),Core_08,MFCD11878349,0.0
reaction:810,Aphos G3,BTMG,None,Core_08,MFCD11878349,0.0
reaction:811,tBu3P G2,BTMG,t-AmOH (25%),Core_08,MFCD11878349,0.0
reaction:812,RuPhos G3,BTMG,H2O (25%),Core_08,MFCD11878349,0.0
reaction:813,tBuXphos G3,P2-Et,None,Core_08,MFCD03789252,14.757522195223894
reaction:814,Aphos G3,BTTP,t-AmOH (25%),Core_08,MFCD03789252,0.0
reaction:815,Xphos G3,K3PO4,H2O (25%),Core_08,MFCD03789252,59.06884063426382
reaction:816,tBuXphos G3,BTMG,None,Core_08,MFCD03789252,0.0
reaction:817,Aphos G3,BTMG,t-AmOH (25%),Core_08,MFCD03789252,0.0
reaction:818,Xphos G3,BTMG,H2O (25%),Core_08,MFCD03789252,29.319416180300212
reaction:819,Aphos G3,P2-Et,None,Core_08,MFCD03789252,19.616243865425684
reaction:820,tBu3P G2,BTTP,t-AmOH (25%),Core_08,MFCD03789252,28.193248553617746
reaction:821,RuPhos G3,K3PO4,H2O (25%),Core_08,MFCD03789252,45.037844665396435
reaction:822,Aphos G3,BTMG,None,Core_08,MFCD03789252,0.0
reaction:823,tBu3P G2,BTMG,t-AmOH (25%),Core_08,MFCD03789252,0.0
reaction:824,RuPhos G3,BTMG,H2O (25%),Core_08,MFCD03789252,28.79060113398356
reaction:825,Aphos G3,BTTP,t-AmOH (25%),Core_08,MFCD09999194,0.0
reaction:826,Xphos G3,K3PO4,H2O (25%),Core_08,MFCD09999194,23.317493338807388
reaction:827,tBuXphos G3,BTMG,None,Core_08,MFCD09999194,24.840856902884063
reaction:828,Aphos G3,BTMG,t-AmOH (25%),Core_08,MFCD09999194,0.0
reaction:829,Xphos G3,BTMG,H2O (25%),Core_08,MFCD09999194,0.0
reaction:830,Aphos G3,P2-Et,None,Core_08,MFCD09999194,0.0
reaction:831,tBu3P G2,BTTP,t-AmOH (25%),Core_08,MFCD09999194,26.8482981742575
reaction:832,RuPhos G3,K3PO4,H2O (25%),Core_08,MFCD09999194,0.0
reaction:833,Aphos G3,BTMG,None,Core_08,MFCD09999194,0.0
reaction:834,tBu3P G2,BTMG,t-AmOH (25%),Core_08,MFCD09999194,7.187097322636585
reaction:835,RuPhos G3,BTMG,H2O (25%),Core_08,MFCD09999194,4.851071806239207
reaction:836,Aphos G3,BTTP,t-AmOH (25%),Core_08,MFCD05663845,50.0
reaction:837,Xphos G3,K3PO4,H2O (25%),Core_08,MFCD05663845,100.0
reaction:838,tBuXphos G3,BTMG,None,Core_08,MFCD05663845,50.0
reaction:839,Aphos G3,BTMG,t-AmOH (25%),Core_08,MFCD05663845,50.0
reaction:840,Xphos G3,BTMG,H2O (25%),Core_08,MFCD05663845,0.0
reaction:841,Aphos G3,P2-Et,None,Core_08,MFCD05663845,0.0
reaction:842,tBu3P G2,BTTP,t-AmOH (25%),Core_08,MFCD05663845,50.0
reaction:843,RuPhos G3,K3PO4,H2O (25%),Core_08,MFCD05663845,0.0
reaction:844,Aphos G3,BTMG,None,Core_08,MFCD05663845,50.0
reaction:845,tBu3P G2,BTMG,t-AmOH (25%),Core_08,MFCD05663845,50.0
reaction:846,RuPhos G3,BTMG,H2O (25%),Core_08,MFCD05663845,15.257910756404943
reaction:847,tBuXphos G3,P2-Et,None,Core_09,MFCD05663854,0.0
reaction:848,Aphos G3,BTTP,t-AmOH (25%),Core_09,MFCD05663854,19.439035475188245
reaction:849,Xphos G3,K3PO4,H2O (25%),Core_09,MFCD05663854,88.68111286539072
reaction:850,tBuXphos G3,BTMG,None,Core_09,MFCD05663854,0.0
reaction:851,Aphos G3,BTMG,t-AmOH (25%),Core_09,MFCD05663854,7.499654843211494
reaction:852,Xphos G3,BTMG,H2O (25%),Core_09,MFCD05663854,86.94769305126245
reaction:853,Aphos G3,P2-Et,None,Core_09,MFCD05663854,33.841495732323104
reaction:854,tBu3P G2,BTTP,t-AmOH (25%),Core_09,MFCD05663854,3.9001726390042157
reaction:855,RuPhos G3,K3PO4,H2O (25%),Core_09,MFCD05663854,23.532670061982863
reaction:856,Aphos G3,BTMG,None,Core_09,MFCD05663854,4.778194589420092
reaction:857,tBu3P G2,BTMG,t-AmOH (25%),Core_09,MFCD05663854,0.8911479550787665
reaction:858,RuPhos G3,BTMG,H2O (25%),Core_09,MFCD05663854,35.29081104583407
reaction:859,tBuXphos G3,P2-Et,None,Core_09,MFCD16994280,0.0
reaction:860,Aphos G3,BTTP,t-AmOH (25%),Core_09,MFCD16994280,0.0
reaction:861,Xphos G3,K3PO4,H2O (25%),Core_09,MFCD16994280,81.84576024597482
reaction:862,tBuXphos G3,BTMG,None,Core_09,MFCD16994280,0.0
reaction:863,Aphos G3,BTMG,t-AmOH (25%),Core_09,MFCD16994280,0.0
reaction:864,Xphos G3,BTMG,H2O (25%),Core_09,MFCD16994280,77.08078844951719
reaction:865,Aphos G3,P2-Et,None,Core_09,MFCD16994280,0.0
reaction:866,tBu3P G2,BTTP,t-AmOH (25%),Core_09,MFCD16994280,0.0
reaction:867,RuPhos G3,K3PO4,H2O (25%),Core_09,MFCD16994280,36.94461629665167
reaction:868,Aphos G3,BTMG,None,Core_09,MFCD16994280,0.0
reaction:869,tBu3P G2,BTMG,t-AmOH (25%),Core_09,MFCD16994280,0.0
reaction:870,RuPhos G3,BTMG,H2O (25%),Core_09,MFCD16994280,36.36343989766072
reaction:871,tBuXphos G3,P2-Et,None,Core_09,MFCD03788418,0.0
reaction:872,Aphos G3,BTTP,t-AmOH (25%),Core_09,MFCD03788418,0.0
reaction:873,Xphos G3,K3PO4,H2O (25%),Core_09,MFCD03788418,100.0
reaction:874,tBuXphos G3,BTMG,None,Core_09,MFCD03788418,0.0
reaction:875,Aphos G3,BTMG,t-AmOH (25%),Core_09,MFCD03788418,0.0
reaction:876,Xphos G3,BTMG,H2O (25%),Core_09,MFCD03788418,91.81232375958146
reaction:877,Aphos G3,P2-Et,None,Core_09,MFCD03788418,2.9926029829534366
reaction:878,tBu3P G2,BTTP,t-AmOH (25%),Core_09,MFCD03788418,0.0
reaction:879,RuPhos G3,K3PO4,H2O (25%),Core_09,MFCD03788418,35.156961992657976
reaction:880,Aphos G3,BTMG,None,Core_09,MFCD03788418,0.0
reaction:881,tBu3P G2,BTMG,t-AmOH (25%),Core_09,MFCD03788418,0.0
reaction:882,RuPhos G3,BTMG,H2O (25%),Core_09,MFCD03788418,30.719341764847304
reaction:883,tBuXphos G3,P2-Et,None,Core_09,MFCD19439767,0.0
reaction:884,Aphos G3,BTTP,t-AmOH (25%),Core_09,MFCD19439767,25.29696767982023
reaction:885,Xphos G3,K3PO4,H2O (25%),Core_09,MFCD19439767,100.0
reaction:886,tBuXphos G3,BTMG,None,Core_09,MFCD19439767,6.08783049336507
reaction:887,Aphos G3,BTMG,t-AmOH (25%),Core_09,MFCD19439767,27.765251198551233
reaction:888,Xphos G3,BTMG,H2O (25%),Core_09,MFCD19439767,100.0
reaction:889,Aphos G3,P2-Et,None,Core_09,MFCD19439767,12.042785168217048
reaction:890,tBu3P G2,BTTP,t-AmOH (25%),Core_09,MFCD19439767,7.27915555412226
reaction:891,RuPhos G3,K3PO4,H2O (25%),Core_09,MFCD19439767,50.76412631339126
reaction:892,Aphos G3,BTMG,None,Core_09,MFCD19439767,23.908360083172887
reaction:893,tBu3P G2,BTMG,t-AmOH (25%),Core_09,MFCD19439767,6.432814861811385
reaction:894,RuPhos G3,BTMG,H2O (25%),Core_09,MFCD19439767,19.084658109048274
reaction:895,tBuXphos G3,P2-Et,None,Core_09,MFCD18383786,0.0
reaction:896,Aphos G3,BTTP,t-AmOH (25%),Core_09,MFCD18383786,19.947557349770896
reaction:897,Xphos G3,K3PO4,H2O (25%),Core_09,MFCD18383786,82.14787452958691
reaction:898,tBuXphos G3,BTMG,None,Core_09,MFCD18383786,8.189485180656481
reaction:899,Aphos G3,BTMG,t-AmOH (25%),Core_09,MFCD18383786,37.47214340618979
reaction:900,Xphos G3,BTMG,H2O (25%),Core_09,MFCD18383786,70.92259849379212
reaction:901,tBuXphos G3,P2-Et,None,Core_09,MFCD18383786,7.587388222841918
reaction:902,Aphos G3,BTTP,t-AmOH (25%),Core_09,MFCD18383786,7.703982887316217
reaction:903,Xphos G3,K3PO4,H2O (25%),Core_09,MFCD18383786,32.43289196597494
reaction:904,Aphos G3,BTMG,None,Core_09,MFCD18383786,37.54285180574013
reaction:905,tBu3P G2,BTMG,t-AmOH (25%),Core_09,MFCD18383786,14.434753544423911
reaction:906,RuPhos G3,BTMG,H2O (25%),Core_09,MFCD18383786,18.951112336716307
reaction:907,tBuXphos G3,P2-Et,None,Core_09,MFCD00674177,0.0
reaction:908,Aphos G3,BTTP,t-AmOH (25%),Core_09,MFCD00674177,0.0
reaction:909,Xphos G3,K3PO4,H2O (25%),Core_09,MFCD00674177,77.25748039842671
reaction:910,tBuXphos G3,BTMG,None,Core_09,MFCD00674177,0.0
reaction:911,Aphos G3,BTMG,t-AmOH (25%),Core_09,MFCD00674177,2.1059350576559903
reaction:912,Xphos G3,BTMG,H2O (25%),Core_09,MFCD00674177,87.3622222028893
reaction:913,tBuXphos G3,P2-Et,None,Core_09,MFCD00674177,0.0
reaction:914,Aphos G3,BTTP,t-AmOH (25%),Core_09,MFCD00674177,0.0
reaction:915,Xphos G3,K3PO4,H2O (25%),Core_09,MFCD00674177,34.341089950558725
reaction:916,Aphos G3,BTMG,None,Core_09,MFCD00674177,1.4686008488718827
reaction:917,tBu3P G2,BTMG,t-AmOH (25%),Core_09,MFCD00674177,0.0
reaction:918,RuPhos G3,BTMG,H2O (25%),Core_09,MFCD00674177,47.814526803848516
reaction:919,tBuXphos G3,P2-Et,None,Core_09,MFCD11878349,0.0
reaction:920,Aphos G3,BTTP,t-AmOH (25%),Core_09,MFCD11878349,0.0
reaction:921,Xphos G3,K3PO4,H2O (25%),Core_09,MFCD11878349,0.0
reaction:922,tBuXphos G3,BTMG,None,Core_09,MFCD11878349,5.110018926956053
reaction:923,Aphos G3,BTMG,t-AmOH (25%),Core_09,MFCD11878349,0.0
reaction:924,Xphos G3,BTMG,H2O (25%),Core_09,MFCD11878349,0.0
reaction:925,tBuXphos G3,P2-Et,None,Core_09,MFCD11878349,0.0
reaction:926,Aphos G3,BTTP,t-AmOH (25%),Core_09,MFCD11878349,0.0
reaction:927,Xphos G3,K3PO4,H2O (25%),Core_09,MFCD11878349,0.0
reaction:928,Aphos G3,BTMG,None,Core_09,MFCD11878349,3.5275082070745887
reaction:929,tBu3P G2,BTMG,t-AmOH (25%),Core_09,MFCD11878349,0.0
reaction:930,RuPhos G3,BTMG,H2O (25%),Core_09,MFCD11878349,0.0
reaction:931,tBuXphos G3,P2-Et,None,Core_09,MFCD03789252,2.945452392463877
reaction:932,Aphos G3,BTTP,t-AmOH (25%),Core_09,MFCD03789252,86.73870860248736
reaction:933,Xphos G3,K3PO4,H2O (25%),Core_09,MFCD03789252,100.0
reaction:934,tBuXphos G3,BTMG,None,Core_09,MFCD03789252,6.905772061013662
reaction:935,Aphos G3,BTMG,t-AmOH (25%),Core_09,MFCD03789252,68.20246651936237
reaction:936,Xphos G3,BTMG,H2O (25%),Core_09,MFCD03789252,100.0
reaction:937,tBuXphos G3,P2-Et,None,Core_09,MFCD03789252,100.0
reaction:938,Aphos G3,BTTP,t-AmOH (25%),Core_09,MFCD03789252,70.14562247975488
reaction:939,Xphos G3,K3PO4,H2O (25%),Core_09,MFCD03789252,100.0
reaction:940,Aphos G3,BTMG,None,Core_09,MFCD03789252,72.8458755373673
reaction:941,tBu3P G2,BTMG,t-AmOH (25%),Core_09,MFCD03789252,34.162264478062234
reaction:942,RuPhos G3,BTMG,H2O (25%),Core_09,MFCD03789252,100.0
reaction:943,tBuXphos G3,P2-Et,None,Core_09,MFCD09999194,27.249053874121383
reaction:944,Aphos G3,BTTP,t-AmOH (25%),Core_09,MFCD09999194,100.0
reaction:945,Xphos G3,K3PO4,H2O (25%),Core_09,MFCD09999194,100.0
reaction:946,tBuXphos G3,BTMG,None,Core_09,MFCD09999194,77.45102981211369
reaction:947,Aphos G3,BTMG,t-AmOH (25%),Core_09,MFCD09999194,100.0
reaction:948,Xphos G3,BTMG,H2O (25%),Core_09,MFCD09999194,100.0
reaction:949,Aphos G3,P2-Et,None,Core_09,MFCD09999194,98.06299731844318
reaction:950,tBu3P G2,BTTP,t-AmOH (25%),Core_09,MFCD09999194,58.52582141404755
reaction:951,RuPhos G3,K3PO4,H2O (25%),Core_09,MFCD09999194,100.0
reaction:952,Aphos G3,BTMG,None,Core_09,MFCD09999194,100.0
reaction:953,tBu3P G2,BTMG,t-AmOH (25%),Core_09,MFCD09999194,65.03094256347663
reaction:954,RuPhos G3,BTMG,H2O (25%),Core_09,MFCD09999194,98.69696134061243
reaction:955,tBuXphos G3,P2-Et,None,Core_09,MFCD05663845,10.880321999847558
reaction:956,Aphos G3,BTTP,t-AmOH (25%),Core_09,MFCD05663845,45.55250913803172
reaction:957,Xphos G3,K3PO4,H2O (25%),Core_09,MFCD05663845,92.90691431108671
reaction:958,tBuXphos G3,BTMG,None,Core_09,MFCD05663845,5.0398969661523925
reaction:959,Aphos G3,BTMG,t-AmOH (25%),Core_09,MFCD05663845,12.772284486370516
reaction:960,Xphos G3,BTMG,H2O (25%),Core_09,MFCD05663845,99.09666340169709
reaction:961,Aphos G3,P2-Et,None,Core_09,MFCD05663845,69.5533008904066
reaction:962,tBu3P G2,BTTP,t-AmOH (25%),Core_09,MFCD05663845,21.06530789149215
reaction:963,RuPhos G3,K3PO4,H2O (25%),Core_09,MFCD05663845,64.38298893559045
reaction:964,Aphos G3,BTMG,None,Core_09,MFCD05663845,8.623500612341022
reaction:965,tBu3P G2,BTMG,t-AmOH (25%),Core_09,MFCD05663845,5.835808734578133
reaction:966,RuPhos G3,BTMG,H2O (25%),Core_09,MFCD05663845,91.31711355725356
reaction:967,tBuXphos G3,P2-Et,None,Core_10,MFCD05663854,0.0
reaction:968,Aphos G3,BTTP,t-AmOH (25%),Core_10,MFCD05663854,1.5735673708259255
reaction:969,Xphos G3,K3PO4,H2O (25%),Core_10,MFCD05663854,15.584204451315637
reaction:970,tBuXphos G3,BTMG,None,Core_10,MFCD05663854,0.0
reaction:971,Aphos G3,BTMG,t-AmOH (25%),Core_10,MFCD05663854,2.72998430105888
reaction:972,Xphos G3,BTMG,H2O (25%),Core_10,MFCD05663854,3.9683688660898877
reaction:973,Aphos G3,P2-Et,None,Core_10,MFCD05663854,0.0
reaction:974,tBu3P G2,BTTP,t-AmOH (25%),Core_10,MFCD05663854,0.0
reaction:975,RuPhos G3,K3PO4,H2O (25%),Core_10,MFCD05663854,30.160928745520305
reaction:976,Aphos G3,BTMG,None,Core_10,MFCD05663854,1.7450938916417607
reaction:977,tBu3P G2,BTMG,t-AmOH (25%),Core_10,MFCD05663854,0.0
reaction:978,RuPhos G3,BTMG,H2O (25%),Core_10,MFCD05663854,12.50968642457226
reaction:979,tBuXphos G3,P2-Et,None,Core_10,MFCD16994280,2.5756208640645677
reaction:980,Aphos G3,BTTP,t-AmOH (25%),Core_10,MFCD16994280,2.222357256109481
reaction:981,Xphos G3,K3PO4,H2O (25%),Core_10,MFCD16994280,4.5402569452750745
reaction:982,tBuXphos G3,BTMG,None,Core_10,MFCD16994280,0.0
reaction:983,Aphos G3,BTMG,t-AmOH (25%),Core_10,MFCD16994280,0.0
reaction:984,Xphos G3,BTMG,H2O (25%),Core_10,MFCD16994280,2.42973350987668
reaction:985,Aphos G3,P2-Et,None,Core_10,MFCD16994280,4.788098685683388
reaction:986,tBu3P G2,BTTP,t-AmOH (25%),Core_10,MFCD16994280,1.3773904950158236
reaction:987,RuPhos G3,K3PO4,H2O (25%),Core_10,MFCD16994280,15.113794069506564
reaction:988,Aphos G3,BTMG,None,Core_10,MFCD16994280,1.1961252280859143
reaction:989,tBu3P G2,BTMG,t-AmOH (25%),Core_10,MFCD16994280,0.0
reaction:990,RuPhos G3,BTMG,H2O (25%),Core_10,MFCD16994280,5.751429668271932
reaction:991,tBuXphos G3,P2-Et,None,Core_10,MFCD03788418,0.0
reaction:992,Aphos G3,BTTP,t-AmOH (25%),Core_10,MFCD03788418,0.0
reaction:993,Xphos G3,K3PO4,H2O (25%),Core_10,MFCD03788418,24.323781196852906
reaction:994,tBuXphos G3,BTMG,None,Core_10,MFCD03788418,7.929961747656453
reaction:995,Aphos G3,BTMG,t-AmOH (25%),Core_10,MFCD03788418,4.237589819874973
reaction:996,Xphos G3,BTMG,H2O (25%),Core_10,MFCD03788418,4.890491614480067
reaction:997,Aphos G3,P2-Et,None,Core_10,MFCD03788418,0.0
reaction:998,tBu3P G2,BTTP,t-AmOH (25%),Core_10,MFCD03788418,0.0
reaction:999,RuPhos G3,K3PO4,H2O (25%),Core_10,MFCD03788418,54.12063207891301
reaction:1000,Aphos G3,BTMG,None,Core_10,MFCD03788418,4.847666581667676
reaction:1001,tBu3P G2,BTMG,t-AmOH (25%),Core_10,MFCD03788418,0.0
reaction:1002,RuPhos G3,BTMG,H2O (25%),Core_10,MFCD03788418,23.017238544142735
reaction:1003,tBuXphos G3,P2-Et,None,Core_10,MFCD19439767,2.5732667418171995
reaction:1004,Aphos G3,BTTP,t-AmOH (25%),Core_10,MFCD19439767,4.6052052853411976
reaction:1005,Xphos G3,K3PO4,H2O (25%),Core_10,MFCD19439767,16.618852756417336
reaction:1006,tBuXphos G3,BTMG,None,Core_10,MFCD19439767,8.15389432935424
reaction:1007,Aphos G3,BTMG,t-AmOH (25%),Core_10,MFCD19439767,7.6508174800480875
reaction:1008,Xphos G3,BTMG,H2O (25%),Core_10,MFCD19439767,8.233056036076377
reaction:1009,Aphos G3,P2-Et,None,Core_10,MFCD19439767,0.0
reaction:1010,tBu3P G2,BTTP,t-AmOH (25%),Core_10,MFCD19439767,2.095921955754894
reaction:1011,RuPhos G3,K3PO4,H2O (25%),Core_10,MFCD19439767,54.17870502651749
reaction:1012,Aphos G3,BTMG,None,Core_10,MFCD19439767,6.944784223969985
reaction:1013,tBu3P G2,BTMG,t-AmOH (25%),Core_10,MFCD19439767,1.0352676786690223
reaction:1014,RuPhos G3,BTMG,H2O (25%),Core_10,MFCD19439767,32.928356427872956
reaction:1015,Aphos G3,P2-Et,None,Core_10,MFCD18383786,0.0
reaction:1016,tBu3P G2,BTTP,t-AmOH (25%),Core_10,MFCD18383786,1.7191278634493645
reaction:1017,RuPhos G3,K3PO4,H2O (25%),Core_10,MFCD18383786,11.825188935531104
reaction:1018,Aphos G3,BTMG,None,Core_10,MFCD18383786,9.977418135034393
reaction:1019,tBu3P G2,BTMG,t-AmOH (25%),Core_10,MFCD18383786,6.644235999443186
reaction:1020,RuPhos G3,BTMG,H2O (25%),Core_10,MFCD18383786,0.0
reaction:1021,tBuXphos G3,P2-Et,None,Core_10,MFCD18383786,0.0
reaction:1022,Aphos G3,BTTP,t-AmOH (25%),Core_10,MFCD18383786,0.0
reaction:1023,Xphos G3,K3PO4,H2O (25%),Core_10,MFCD18383786,39.48453650977837
reaction:1024,tBuXphos G3,BTMG,None,Core_10,MFCD18383786,6.53809421012025
reaction:1025,Aphos G3,BTMG,t-AmOH (25%),Core_10,MFCD18383786,0.0
reaction:1026,Xphos G3,BTMG,H2O (25%),Core_10,MFCD18383786,21.81183580126844
reaction:1027,Aphos G3,P2-Et,None,Core_10,MFCD00674177,0.0
reaction:1028,tBu3P G2,BTTP,t-AmOH (25%),Core_10,MFCD00674177,1.9285196203373414
reaction:1029,RuPhos G3,K3PO4,H2O (25%),Core_10,MFCD00674177,8.25442967570433
reaction:1030,Aphos G3,BTMG,None,Core_10,MFCD00674177,1.6975902138080095
reaction:1031,tBu3P G2,BTMG,t-AmOH (25%),Core_10,MFCD00674177,1.8285745805013287
reaction:1032,RuPhos G3,BTMG,H2O (25%),Core_10,MFCD00674177,6.3065625530387335
reaction:1033,tBuXphos G3,P2-Et,None,Core_10,MFCD00674177,0.0
reaction:1034,Aphos G3,BTTP,t-AmOH (25%),Core_10,MFCD00674177,0.0
reaction:1035,Xphos G3,K3PO4,H2O (25%),Core_10,MFCD00674177,20.94121782706525
reaction:1036,tBuXphos G3,BTMG,None,Core_10,MFCD00674177,1.5257655733429596
reaction:1037,Aphos G3,BTMG,t-AmOH (25%),Core_10,MFCD00674177,0.0
reaction:1038,Xphos G3,BTMG,H2O (25%),Core_10,MFCD00674177,11.987098830236047
reaction:1039,Aphos G3,P2-Et,None,Core_10,MFCD11878349,0.0
reaction:1040,tBu3P G2,BTTP,t-AmOH (25%),Core_10,MFCD11878349,0.0
reaction:1041,RuPhos G3,K3PO4,H2O (25%),Core_10,MFCD11878349,0.0
reaction:1042,tBuXphos G3,BTMG,None,Core_10,MFCD11878349,0.0
reaction:1043,Aphos G3,BTMG,t-AmOH (25%),Core_10,MFCD11878349,7.162322922545126
reaction:1044,Xphos G3,BTMG,H2O (25%),Core_10,MFCD11878349,0.0
reaction:1045,tBuXphos G3,P2-Et,None,Core_10,MFCD11878349,0.0
reaction:1046,Aphos G3,BTTP,t-AmOH (25%),Core_10,MFCD11878349,0.0
reaction:1047,Xphos G3,K3PO4,H2O (25%),Core_10,MFCD11878349,0.0
reaction:1048,tBuXphos G3,BTMG,None,Core_10,MFCD11878349,0.0
reaction:1049,Aphos G3,BTMG,t-AmOH (25%),Core_10,MFCD11878349,0.0
reaction:1050,Xphos G3,BTMG,H2O (25%),Core_10,MFCD11878349,0.0
reaction:1051,Aphos G3,P2-Et,None,Core_10,MFCD03789252,9.931953421508046
reaction:1052,tBu3P G2,BTTP,t-AmOH (25%),Core_10,MFCD03789252,38.99143125981834
reaction:1053,RuPhos G3,K3PO4,H2O (25%),Core_10,MFCD03789252,26.660375605202592
reaction:1054,tBuXphos G3,BTMG,None,Core_10,MFCD03789252,26.31810735681357
reaction:1055,Aphos G3,BTMG,t-AmOH (25%),Core_10,MFCD03789252,34.196874890245084
reaction:1056,Xphos G3,BTMG,H2O (25%),Core_10,MFCD03789252,13.256939249512808
reaction:1057,tBuXphos G3,P2-Et,None,Core_10,MFCD03789252,2.4611893040099626
reaction:1058,Aphos G3,BTTP,t-AmOH (25%),Core_10,MFCD03789252,5.117129217193414
reaction:1059,Xphos G3,K3PO4,H2O (25%),Core_10,MFCD03789252,100.0
reaction:1060,tBuXphos G3,BTMG,None,Core_10,MFCD03789252,23.895442145251412
reaction:1061,Aphos G3,BTMG,t-AmOH (25%),Core_10,MFCD03789252,3.956845233741188
reaction:1062,Xphos G3,BTMG,H2O (25%),Core_10,MFCD03789252,55.24482377394153
reaction:1063,Aphos G3,P2-Et,None,Core_10,MFCD09999194,0.0
reaction:1064,tBu3P G2,BTTP,t-AmOH (25%),Core_10,MFCD09999194,28.23345107845328
reaction:1065,RuPhos G3,K3PO4,H2O (25%),Core_10,MFCD09999194,29.1091152252181
reaction:1066,tBuXphos G3,BTMG,None,Core_10,MFCD09999194,57.133372026020304
reaction:1067,Aphos G3,BTMG,t-AmOH (25%),Core_10,MFCD09999194,58.11778757023829
reaction:1068,Xphos G3,BTMG,H2O (25%),Core_10,MFCD09999194,21.860360836559973
reaction:1069,tBuXphos G3,P2-Et,None,Core_10,MFCD09999194,33.45694735371663
reaction:1070,Aphos G3,BTTP,t-AmOH (25%),Core_10,MFCD09999194,0.0
reaction:1071,Xphos G3,K3PO4,H2O (25%),Core_10,MFCD09999194,51.971361709031086
reaction:1072,tBuXphos G3,BTMG,None,Core_10,MFCD09999194,44.537196508581125
reaction:1073,Aphos G3,BTMG,t-AmOH (25%),Core_10,MFCD09999194,7.085480072089201
reaction:1074,Xphos G3,BTMG,H2O (25%),Core_10,MFCD09999194,15.651302879798838
reaction:1075,Aphos G3,P2-Et,None,Core_10,MFCD05663845,5.286249544967308
reaction:1076,tBu3P G2,BTTP,t-AmOH (25%),Core_10,MFCD05663845,14.466017399802626
reaction:1077,RuPhos G3,K3PO4,H2O (25%),Core_10,MFCD05663845,28.770077748746896
reaction:1078,tBuXphos G3,BTMG,None,Core_10,MFCD05663845,13.787428638134456
reaction:1079,Aphos G3,BTMG,t-AmOH (25%),Core_10,MFCD05663845,10.49723286413188
reaction:1080,Xphos G3,BTMG,H2O (25%),Core_10,MFCD05663845,24.064437995121164
reaction:1081,tBuXphos G3,P2-Et,None,Core_10,MFCD05663845,7.798916561784934
reaction:1082,Aphos G3,BTTP,t-AmOH (25%),Core_10,MFCD05663845,4.215000323925377
reaction:1083,Xphos G3,K3PO4,H2O (25%),Core_10,MFCD05663845,17.808225564912334
reaction:1084,tBuXphos G3,BTMG,None,Core_10,MFCD05663845,9.097240888824007
reaction:1085,Aphos G3,BTMG,t-AmOH (25%),Core_10,MFCD05663845,5.257519643145339
reaction:1086,Xphos G3,BTMG,H2O (25%),Core_10,MFCD05663845,52.31581377325026
reaction:1087,tBuXphos G3,P2-Et,None,Core_11,MFCD05663854,55.57298922987239
reaction:1088,Aphos G3,BTTP,t-AmOH (25%),Core_11,MFCD05663854,72.36943931432147
reaction:1089,Xphos G3,K3PO4,H2O (25%),Core_11,MFCD05663854,20.45434217674245
reaction:1090,tBuXphos G3,BTMG,None,Core_11,MFCD05663854,10.813405604355513
reaction:1091,Aphos G3,BTMG,t-AmOH (25%),Core_11,MFCD05663854,71.68332163300936
reaction:1092,Xphos G3,BTMG,H2O (25%),Core_11,MFCD05663854,11.229929295997893
reaction:1093,Aphos G3,P2-Et,None,Core_11,MFCD05663854,82.3145591993176
reaction:1094,tBu3P G2,BTTP,t-AmOH (25%),Core_11,MFCD05663854,77.8119029147271
reaction:1095,RuPhos G3,K3PO4,H2O (25%),Core_11,MFCD05663854,11.809545914220442
reaction:1096,Aphos G3,BTMG,None,Core_11,MFCD05663854,71.44506035514195
reaction:1097,tBu3P G2,BTMG,t-AmOH (25%),Core_11,MFCD05663854,69.59017730743928
reaction:1098,RuPhos G3,BTMG,H2O (25%),Core_11,MFCD05663854,8.318259186384049
reaction:1099,tBuXphos G3,P2-Et,None,Core_11,MFCD16994280,4.990422718011888
reaction:1100,Aphos G3,BTTP,t-AmOH (25%),Core_11,MFCD16994280,97.41775045302708
reaction:1101,Xphos G3,K3PO4,H2O (25%),Core_11,MFCD16994280,19.04371578124418
reaction:1102,tBuXphos G3,BTMG,None,Core_11,MFCD16994280,3.347651983930759
reaction:1103,Aphos G3,BTMG,t-AmOH (25%),Core_11,MFCD16994280,91.08432530821702
reaction:1104,Xphos G3,BTMG,H2O (25%),Core_11,MFCD16994280,18.055618846968137
reaction:1105,Aphos G3,P2-Et,None,Core_11,MFCD16994280,100.0
reaction:1106,tBu3P G2,BTTP,t-AmOH (25%),Core_11,MFCD16994280,97.22935327610539
reaction:1107,RuPhos G3,K3PO4,H2O (25%),Core_11,MFCD16994280,0.0
reaction:1108,Aphos G3,BTMG,None,Core_11,MFCD16994280,82.33567085062121
reaction:1109,tBu3P G2,BTMG,t-AmOH (25%),Core_11,MFCD16994280,100.0
reaction:1110,RuPhos G3,BTMG,H2O (25%),Core_11,MFCD16994280,3.0788564949111668
reaction:1111,tBuXphos G3,P2-Et,None,Core_11,MFCD03788418,0.0
reaction:1112,Aphos G3,BTTP,t-AmOH (25%),Core_11,MFCD03788418,100.0
reaction:1113,Xphos G3,K3PO4,H2O (25%),Core_11,MFCD03788418,13.64795999813203
reaction:1114,tBuXphos G3,BTMG,None,Core_11,MFCD03788418,6.845917552257834
reaction:1115,Aphos G3,BTMG,t-AmOH (25%),Core_11,MFCD03788418,100.0
reaction:1116,Xphos G3,BTMG,H2O (25%),Core_11,MFCD03788418,12.610907617049099
reaction:1117,Aphos G3,P2-Et,None,Core_11,MFCD03788418,100.0
reaction:1118,tBu3P G2,BTTP,t-AmOH (25%),Core_11,MFCD03788418,100.0
reaction:1119,RuPhos G3,K3PO4,H2O (25%),Core_11,MFCD03788418,4.562788863775812
reaction:1120,Aphos G3,BTMG,None,Core_11,MFCD03788418,93.36770276515342
reaction:1121,tBu3P G2,BTMG,t-AmOH (25%),Core_11,MFCD03788418,100.0
reaction:1122,RuPhos G3,BTMG,H2O (25%),Core_11,MFCD03788418,3.338419834749918
reaction:1123,tBuXphos G3,P2-Et,None,Core_11,MFCD19439767,0.0
reaction:1124,Xphos G3,K3PO4,H2O (25%),Core_11,MFCD19439767,0.0
reaction:1125,tBuXphos G3,BTMG,None,Core_11,MFCD19439767,0.0
reaction:1126,Xphos G3,BTMG,H2O (25%),Core_11,MFCD19439767,0.0
reaction:1127,tBu3P G2,BTTP,t-AmOH (25%),Core_11,MFCD19439767,0.0
reaction:1128,RuPhos G3,K3PO4,H2O (25%),Core_11,MFCD19439767,0.0
reaction:1129,RuPhos G3,BTMG,H2O (25%),Core_11,MFCD19439767,0.0
reaction:1130,Aphos G3,P2-Et,None,Core_11,MFCD18383786,59.17856580046554
reaction:1131,tBu3P G2,BTTP,t-AmOH (25%),Core_11,MFCD18383786,100.0
reaction:1132,RuPhos G3,K3PO4,H2O (25%),Core_11,MFCD18383786,8.06294769501462
reaction:1133,Aphos G3,BTMG,None,Core_11,MFCD18383786,97.34373425870645
reaction:1134,tBu3P G2,BTMG,t-AmOH (25%),Core_11,MFCD18383786,100.0
reaction:1135,RuPhos G3,BTMG,H2O (25%),Core_11,MFCD18383786,12.660631243824572
reaction:1136,Aphos G3,P2-Et,None,Core_11,MFCD18383786,100.0
reaction:1137,tBu3P G2,BTTP,t-AmOH (25%),Core_11,MFCD18383786,100.0
reaction:1138,RuPhos G3,K3PO4,H2O (25%),Core_11,MFCD18383786,5.690269433331669
reaction:1139,tBuXphos G3,BTMG,None,Core_11,MFCD18383786,100.0
reaction:1140,Aphos G3,BTMG,t-AmOH (25%),Core_11,MFCD18383786,100.0
reaction:1141,Xphos G3,BTMG,H2O (25%),Core_11,MFCD18383786,4.8931447682657465
reaction:1142,Aphos G3,P2-Et,None,Core_11,MFCD00674177,17.109246091805794
reaction:1143,tBu3P G2,BTTP,t-AmOH (25%),Core_11,MFCD00674177,92.28749258850235
reaction:1144,RuPhos G3,K3PO4,H2O (25%),Core_11,MFCD00674177,0.0
reaction:1145,Aphos G3,BTMG,None,Core_11,MFCD00674177,13.277768623414024
reaction:1146,tBu3P G2,BTMG,t-AmOH (25%),Core_11,MFCD00674177,28.411279260447724
reaction:1147,RuPhos G3,BTMG,H2O (25%),Core_11,MFCD00674177,0.0
reaction:1148,Aphos G3,P2-Et,None,Core_11,MFCD00674177,100.0
reaction:1149,tBu3P G2,BTTP,t-AmOH (25%),Core_11,MFCD00674177,14.653274125713715
reaction:1150,RuPhos G3,K3PO4,H2O (25%),Core_11,MFCD00674177,6.668185292114556
reaction:1151,tBuXphos G3,BTMG,None,Core_11,MFCD00674177,9.553049828182514
reaction:1152,Aphos G3,BTMG,t-AmOH (25%),Core_11,MFCD00674177,3.6597136085706423
reaction:1153,Xphos G3,BTMG,H2O (25%),Core_11,MFCD00674177,4.091227686015359
reaction:1154,tBu3P G2,BTTP,t-AmOH (25%),Core_11,MFCD11878349,100.0
reaction:1155,RuPhos G3,K3PO4,H2O (25%),Core_11,MFCD11878349,16.346855028068717
reaction:1156,Aphos G3,BTMG,None,Core_11,MFCD11878349,31.573871239698448
reaction:1157,tBu3P G2,BTMG,t-AmOH (25%),Core_11,MFCD11878349,96.84388112492424
reaction:1158,RuPhos G3,BTMG,H2O (25%),Core_11,MFCD11878349,36.25724054376267
reaction:1159,Aphos G3,P2-Et,None,Core_11,MFCD11878349,100.0
reaction:1160,tBu3P G2,BTTP,t-AmOH (25%),Core_11,MFCD11878349,32.071398770866935
reaction:1161,RuPhos G3,K3PO4,H2O (25%),Core_11,MFCD11878349,0.0
reaction:1162,tBuXphos G3,BTMG,None,Core_11,MFCD11878349,100.0
reaction:1163,Aphos G3,BTMG,t-AmOH (25%),Core_11,MFCD11878349,32.5187474508008
reaction:1164,Xphos G3,BTMG,H2O (25%),Core_11,MFCD11878349,0.0
reaction:1165,Aphos G3,P2-Et,None,Core_11,MFCD03789252,94.67830906583006
reaction:1166,tBu3P G2,BTTP,t-AmOH (25%),Core_11,MFCD03789252,100.0
reaction:1167,RuPhos G3,K3PO4,H2O (25%),Core_11,MFCD03789252,18.962373354126957
reaction:1168,Aphos G3,BTMG,None,Core_11,MFCD03789252,70.7133242864908
reaction:1169,tBu3P G2,BTMG,t-AmOH (25%),Core_11,MFCD03789252,100.0
reaction:1170,RuPhos G3,BTMG,H2O (25%),Core_11,MFCD03789252,18.181410807288266
reaction:1171,Aphos G3,P2-Et,None,Core_11,MFCD03789252,100.0
reaction:1172,tBu3P G2,BTTP,t-AmOH (25%),Core_11,MFCD03789252,100.0
reaction:1173,RuPhos G3,K3PO4,H2O (25%),Core_11,MFCD03789252,18.84434675370036
reaction:1174,tBuXphos G3,BTMG,None,Core_11,MFCD03789252,100.0
reaction:1175,Aphos G3,BTMG,t-AmOH (25%),Core_11,MFCD03789252,100.0
reaction:1176,Xphos G3,BTMG,H2O (25%),Core_11,MFCD03789252,15.473731192748891
reaction:1177,Aphos G3,P2-Et,None,Core_11,MFCD09999194,73.65640354588581
reaction:1178,tBu3P G2,BTTP,t-AmOH (25%),Core_11,MFCD09999194,100.0
reaction:1179,RuPhos G3,K3PO4,H2O (25%),Core_11,MFCD09999194,75.15081107681839
reaction:1180,Aphos G3,BTMG,None,Core_11,MFCD09999194,83.44953308608662
reaction:1181,tBu3P G2,BTMG,t-AmOH (25%),Core_11,MFCD09999194,100.0
reaction:1182,RuPhos G3,BTMG,H2O (25%),Core_11,MFCD09999194,40.578945460293376
reaction:1183,tBuXphos G3,P2-Et,None,Core_11,MFCD09999194,100.0
reaction:1184,Aphos G3,BTTP,t-AmOH (25%),Core_11,MFCD09999194,100.0
reaction:1185,Xphos G3,K3PO4,H2O (25%),Core_11,MFCD09999194,40.930068341018874
reaction:1186,tBuXphos G3,BTMG,None,Core_11,MFCD09999194,91.85804465628419
reaction:1187,Aphos G3,BTMG,t-AmOH (25%),Core_11,MFCD09999194,97.82952022914971
reaction:1188,Xphos G3,BTMG,H2O (25%),Core_11,MFCD09999194,28.961847205009562
reaction:1189,Aphos G3,P2-Et,None,Core_11,MFCD05663845,100.0
reaction:1190,tBu3P G2,BTTP,t-AmOH (25%),Core_11,MFCD05663845,100.0
reaction:1191,RuPhos G3,K3PO4,H2O (25%),Core_11,MFCD05663845,8.843521582614189
reaction:1192,Aphos G3,BTMG,None,Core_11,MFCD05663845,19.377210118706103
reaction:1193,tBu3P G2,BTMG,t-AmOH (25%),Core_11,MFCD05663845,96.8438891659753
reaction:1194,RuPhos G3,BTMG,H2O (25%),Core_11,MFCD05663845,10.957044963256047
reaction:1195,tBuXphos G3,P2-Et,None,Core_11,MFCD05663845,100.0
reaction:1196,Aphos G3,BTTP,t-AmOH (25%),Core_11,MFCD05663845,97.75445508022004
reaction:1197,Xphos G3,K3PO4,H2O (25%),Core_11,MFCD05663845,9.470264371985536
reaction:1198,tBuXphos G3,BTMG,None,Core_11,MFCD05663845,88.10346554234658
reaction:1199,Aphos G3,BTMG,t-AmOH (25%),Core_11,MFCD05663845,100.0
reaction:1200,Xphos G3,BTMG,H2O (25%),Core_11,MFCD05663845,6.680881750572028
reaction:1201,tBuXphos G3,P2-Et,None,Core_12,MFCD05663854,6.996755579175723
reaction:1202,Aphos G3,BTTP,t-AmOH (25%),Core_12,MFCD05663854,0.0
reaction:1203,Xphos G3,K3PO4,H2O (25%),Core_12,MFCD05663854,0.0
reaction:1204,tBuXphos G3,BTMG,None,Core_12,MFCD05663854,0.0
reaction:1205,Aphos G3,BTMG,t-AmOH (25%),Core_12,MFCD05663854,0.0
reaction:1206,Xphos G3,BTMG,H2O (25%),Core_12,MFCD05663854,0.0
reaction:1207,Aphos G3,P2-Et,None,Core_12,MFCD05663854,8.024430326760704
reaction:1208,tBu3P G2,BTTP,t-AmOH (25%),Core_12,MFCD05663854,0.0
reaction:1209,RuPhos G3,K3PO4,H2O (25%),Core_12,MFCD05663854,0.0
reaction:1210,Aphos G3,BTMG,None,Core_12,MFCD05663854,0.0
reaction:1211,tBu3P G2,BTMG,t-AmOH (25%),Core_12,MFCD05663854,0.0
reaction:1212,RuPhos G3,BTMG,H2O (25%),Core_12,MFCD05663854,0.0
reaction:1213,tBuXphos G3,P2-Et,None,Core_12,MFCD16994280,0.0
reaction:1214,Aphos G3,BTTP,t-AmOH (25%),Core_12,MFCD16994280,0.0
reaction:1215,Xphos G3,K3PO4,H2O (25%),Core_12,MFCD16994280,0.0
reaction:1216,tBuXphos G3,BTMG,None,Core_12,MFCD16994280,0.0
reaction:1217,Aphos G3,BTMG,t-AmOH (25%),Core_12,MFCD16994280,0.0
reaction:1218,Xphos G3,BTMG,H2O (25%),Core_12,MFCD16994280,0.0
reaction:1219,Aphos G3,P2-Et,None,Core_12,MFCD16994280,0.0
reaction:1220,tBu3P G2,BTTP,t-AmOH (25%),Core_12,MFCD16994280,0.0
reaction:1221,RuPhos G3,K3PO4,H2O (25%),Core_12,MFCD16994280,0.0
reaction:1222,Aphos G3,BTMG,None,Core_12,MFCD16994280,0.0
reaction:1223,tBu3P G2,BTMG,t-AmOH (25%),Core_12,MFCD16994280,0.0
reaction:1224,RuPhos G3,BTMG,H2O (25%),Core_12,MFCD16994280,11.095437835946985
reaction:1225,tBuXphos G3,P2-Et,None,Core_12,MFCD03788418,0.0
reaction:1226,Aphos G3,BTTP,t-AmOH (25%),Core_12,MFCD03788418,0.0
reaction:1227,Xphos G3,K3PO4,H2O (25%),Core_12,MFCD03788418,0.0
reaction:1228,tBuXphos G3,BTMG,None,Core_12,MFCD03788418,0.0
reaction:1229,Aphos G3,BTMG,t-AmOH (25%),Core_12,MFCD03788418,0.0
reaction:1230,Xphos G3,BTMG,H2O (25%),Core_12,MFCD03788418,0.0
reaction:1231,Aphos G3,P2-Et,None,Core_12,MFCD03788418,0.0
reaction:1232,tBu3P G2,BTTP,t-AmOH (25%),Core_12,MFCD03788418,0.0
reaction:1233,RuPhos G3,K3PO4,H2O (25%),Core_12,MFCD03788418,0.0
reaction:1234,Aphos G3,BTMG,None,Core_12,MFCD03788418,0.0
reaction:1235,tBu3P G2,BTMG,t-AmOH (25%),Core_12,MFCD03788418,0.0
reaction:1236,RuPhos G3,BTMG,H2O (25%),Core_12,MFCD03788418,0.0
reaction:1237,tBuXphos G3,P2-Et,None,Core_12,MFCD19439767,0.0
reaction:1238,Aphos G3,BTTP,t-AmOH (25%),Core_12,MFCD19439767,0.0
reaction:1239,Xphos G3,K3PO4,H2O (25%),Core_12,MFCD19439767,0.0
reaction:1240,tBuXphos G3,BTMG,None,Core_12,MFCD19439767,0.0
reaction:1241,Aphos G3,BTMG,t-AmOH (25%),Core_12,MFCD19439767,0.0
reaction:1242,Xphos G3,BTMG,H2O (25%),Core_12,MFCD19439767,0.0
reaction:1243,Aphos G3,P2-Et,None,Core_12,MFCD19439767,0.0
reaction:1244,tBu3P G2,BTTP,t-AmOH (25%),Core_12,MFCD19439767,0.0
reaction:1245,RuPhos G3,K3PO4,H2O (25%),Core_12,MFCD19439767,0.0
reaction:1246,Aphos G3,BTMG,None,Core_12,MFCD19439767,0.0
reaction:1247,tBu3P G2,BTMG,t-AmOH (25%),Core_12,MFCD19439767,0.0
reaction:1248,RuPhos G3,BTMG,H2O (25%),Core_12,MFCD19439767,0.0
reaction:1249,tBuXphos G3,P2-Et,None,Core_12,MFCD18383786,0.0
reaction:1250,Aphos G3,BTTP,t-AmOH (25%),Core_12,MFCD18383786,0.0
reaction:1251,Xphos G3,K3PO4,H2O (25%),Core_12,MFCD18383786,0.0
reaction:1252,tBuXphos G3,BTMG,None,Core_12,MFCD18383786,0.0
reaction:1253,Aphos G3,BTMG,t-AmOH (25%),Core_12,MFCD18383786,0.0
reaction:1254,Xphos G3,BTMG,H2O (25%),Core_12,MFCD18383786,0.0
reaction:1255,Aphos G3,P2-Et,None,Core_12,MFCD18383786,0.0
reaction:1256,tBu3P G2,BTTP,t-AmOH (25%),Core_12,MFCD18383786,0.0
reaction:1257,RuPhos G3,K3PO4,H2O (25%),Core_12,MFCD18383786,0.0
reaction:1258,Aphos G3,BTMG,None,Core_12,MFCD18383786,0.0
reaction:1259,tBu3P G2,BTMG,t-AmOH (25%),Core_12,MFCD18383786,0.0
reaction:1260,RuPhos G3,BTMG,H2O (25%),Core_12,MFCD18383786,0.0
reaction:1261,tBuXphos G3,P2-Et,None,Core_12,MFCD00674177,0.0
reaction:1262,Aphos G3,BTTP,t-AmOH (25%),Core_12,MFCD00674177,0.0
reaction:1263,Xphos G3,K3PO4,H2O (25%),Core_12,MFCD00674177,0.0
reaction:1264,tBuXphos G3,BTMG,None,Core_12,MFCD00674177,0.0
reaction:1265,Aphos G3,BTMG,t-AmOH (25%),Core_12,MFCD00674177,0.0
reaction:1266,Xphos G3,BTMG,H2O (25%),Core_12,MFCD00674177,0.0
reaction:1267,Aphos G3,P2-Et,None,Core_12,MFCD00674177,0.0
reaction:1268,tBu3P G2,BTTP,t-AmOH (25%),Core_12,MFCD00674177,0.0
reaction:1269,RuPhos G3,K3PO4,H2O (25%),Core_12,MFCD00674177,0.0
reaction:1270,Aphos G3,BTMG,None,Core_12,MFCD00674177,0.0
reaction:1271,tBu3P G2,BTMG,t-AmOH (25%),Core_12,MFCD00674177,0.0
reaction:1272,RuPhos G3,BTMG,H2O (25%),Core_12,MFCD00674177,0.0
reaction:1273,tBuXphos G3,P2-Et,None,Core_12,MFCD11878349,0.0
reaction:1274,Aphos G3,BTTP,t-AmOH (25%),Core_12,MFCD11878349,0.0
reaction:1275,Xphos G3,K3PO4,H2O (25%),Core_12,MFCD11878349,0.0
reaction:1276,Aphos G3,BTMG,None,Core_12,MFCD11878349,9.426938815283084
reaction:1277,tBu3P G2,BTMG,t-AmOH (25%),Core_12,MFCD11878349,0.0
reaction:1278,RuPhos G3,BTMG,H2O (25%),Core_12,MFCD11878349,4.6204058095354545
reaction:1279,Aphos G3,P2-Et,None,Core_12,MFCD11878349,5.980842843292124
reaction:1280,tBu3P G2,BTTP,t-AmOH (25%),Core_12,MFCD11878349,0.0
reaction:1281,RuPhos G3,K3PO4,H2O (25%),Core_12,MFCD11878349,0.0
reaction:1282,Aphos G3,BTMG,None,Core_12,MFCD11878349,0.0
reaction:1283,tBu3P G2,BTMG,t-AmOH (25%),Core_12,MFCD11878349,0.0
reaction:1284,RuPhos G3,BTMG,H2O (25%),Core_12,MFCD11878349,0.0
reaction:1285,tBuXphos G3,P2-Et,None,Core_12,MFCD03789252,65.43468548063765
reaction:1286,Aphos G3,BTTP,t-AmOH (25%),Core_12,MFCD03789252,3.8257776091600784
reaction:1287,Xphos G3,K3PO4,H2O (25%),Core_12,MFCD03789252,8.101702028531111
reaction:1288,Aphos G3,BTMG,None,Core_12,MFCD03789252,6.454318216309833
reaction:1289,tBu3P G2,BTMG,t-AmOH (25%),Core_12,MFCD03789252,0.0
reaction:1290,RuPhos G3,BTMG,H2O (25%),Core_12,MFCD03789252,4.792088943144111
reaction:1291,Aphos G3,P2-Et,None,Core_12,MFCD03789252,25.34507637398753
reaction:1292,tBu3P G2,BTTP,t-AmOH (25%),Core_12,MFCD03789252,0.0
reaction:1293,RuPhos G3,K3PO4,H2O (25%),Core_12,MFCD03789252,0.0
reaction:1294,Aphos G3,BTMG,None,Core_12,MFCD03789252,0.0
reaction:1295,tBu3P G2,BTMG,t-AmOH (25%),Core_12,MFCD03789252,0.0
reaction:1296,RuPhos G3,BTMG,H2O (25%),Core_12,MFCD03789252,0.0
reaction:1297,tBuXphos G3,P2-Et,None,Core_12,MFCD09999194,20.09174082796562
reaction:1298,Aphos G3,BTTP,t-AmOH (25%),Core_12,MFCD09999194,0.0
reaction:1299,Xphos G3,K3PO4,H2O (25%),Core_12,MFCD09999194,8.896936798679175
reaction:1300,Aphos G3,BTMG,None,Core_12,MFCD09999194,24.466688591415465
reaction:1301,tBu3P G2,BTMG,t-AmOH (25%),Core_12,MFCD09999194,0.0
reaction:1302,RuPhos G3,BTMG,H2O (25%),Core_12,MFCD09999194,15.260288858394016
reaction:1303,Aphos G3,P2-Et,None,Core_12,MFCD09999194,0.0
reaction:1304,tBu3P G2,BTTP,t-AmOH (25%),Core_12,MFCD09999194,0.0
reaction:1305,RuPhos G3,K3PO4,H2O (25%),Core_12,MFCD09999194,8.497040845602456
reaction:1306,Aphos G3,BTMG,None,Core_12,MFCD09999194,0.0
reaction:1307,tBu3P G2,BTMG,t-AmOH (25%),Core_12,MFCD09999194,0.0
reaction:1308,RuPhos G3,BTMG,H2O (25%),Core_12,MFCD09999194,0.0
reaction:1309,tBuXphos G3,P2-Et,None,Core_12,MFCD05663845,38.602414207307405
reaction:1310,Aphos G3,BTTP,t-AmOH (25%),Core_12,MFCD05663845,0.0
reaction:1311,Xphos G3,K3PO4,H2O (25%),Core_12,MFCD05663845,0.0
reaction:1312,Aphos G3,BTMG,None,Core_12,MFCD05663845,0.0
reaction:1313,tBu3P G2,BTMG,t-AmOH (25%),Core_12,MFCD05663845,0.0
reaction:1314,RuPhos G3,BTMG,H2O (25%),Core_12,MFCD05663845,0.0
reaction:1315,Aphos G3,P2-Et,None,Core_12,MFCD05663845,40.097544573346184
reaction:1316,tBu3P G2,BTTP,t-AmOH (25%),Core_12,MFCD05663845,0.0
reaction:1317,RuPhos G3,K3PO4,H2O (25%),Core_12,MFCD05663845,0.0
reaction:1318,Aphos G3,BTMG,None,Core_12,MFCD05663845,0.0
reaction:1319,tBu3P G2,BTMG,t-AmOH (25%),Core_12,MFCD05663845,0.0
reaction:1320,RuPhos G3,BTMG,H2O (25%),Core_12,MFCD05663845,0.0
