row_id,case,catalyst,scaffold,ligand,aryl_halide,boron_reagent,temperature,catalyst_loading,t_res,yield,ton,kraken_id
reaction:1,1,P1-L3,P1,RuPhos,3-bromoquinoline,"3,5-dimethylisoxazole-4-boronic acid pinacol ester",30.0,0.498,600.0,0.6,1.1,4
reaction:2,1,P1-L6,P1,PPh3,3-bromoquinoline,"3,5-dimethylisoxazole-4-boronic acid pinacol ester",30.0,2.515,600.0,0.6,0.2,17
reaction:3,1,P1-L1,P1,XPhos,3-bromoquinoline,"3,5-dimethylisoxazole-4-boronic acid pinacol ester",30.0,0.513,60.0,0.6,1.1,1
reaction:4,1,P1-L2,P1,SPhos,3-bromoquinoline,"3,5-dimethylisoxazole-4-boronic acid pinacol ester",30.0,2.513,600.0,0.6,0.2,3
reaction:5,1,P1-L5,P1,PCy3,3-bromoquinoline,"3,5-dimethylisoxazole-4-boronic acid pinacol ester",30.0,0.508,60.0,0.6,1.1,11
reaction:6,1,P1-L7,P1,PtBu3,3-bromoquinoline,"3,5-dimethylisoxazole-4-boronic acid pinacol ester",30.0,0.506,600.0,0.6,1.1,8
reaction:7,1,P2-L1,P2,XPhos,3-bromoquinoline,"3,5-dimethylisoxazole-4-boronic acid pinacol ester",30.0,2.509,60.0,0.6,0.2,1
reaction:8,1,P2-L1,P2,XPhos,3-bromoquinoline,"3,5-dimethylisoxazole-4-boronic acid pinacol ester",110.0,0.496,600.0,4.3,8.5,1
reaction:9,1,P1-L6,P1,PPh3,3-bromoquinoline,"3,5-dimethylisoxazole-4-boronic acid pinacol ester",110.0,0.498,60.0,0.6,1.1,17
reaction:10,1,P1-L1,P1,XPhos,3-bromoquinoline,"3,5-dimethylisoxazole-4-boronic acid pinacol ester",110.0,2.509,600.0,60.2,24.0,1
reaction:11,1,P1-L7,P1,PtBu3,3-bromoquinoline,"3,5-dimethylisoxazole-4-boronic acid pinacol ester",110.0,2.499,60.0,84.6,33.8,8
reaction:12,1,P1-L2,P1,SPhos,3-bromoquinoline,"3,5-dimethylisoxazole-4-boronic acid pinacol ester",110.0,0.508,60.0,8.5,16.9,3
reaction:13,1,P1-L3,P1,RuPhos,3-bromoquinoline,"3,5-dimethylisoxazole-4-boronic acid pinacol ester",110.0,2.489,60.0,54.4,21.8,4
reaction:14,1,P1-L7,P1,PtBu3,3-bromoquinoline,"3,5-dimethylisoxazole-4-boronic acid pinacol ester",65.3,1.123,189.7,0.6,0.5,8
reaction:15,1,P1-L1,P1,XPhos,3-bromoquinoline,"3,5-dimethylisoxazole-4-boronic acid pinacol ester",65.3,1.106,189.7,24.9,22.5,1
reaction:16,1,P1-L6,P1,PPh3,3-bromoquinoline,"3,5-dimethylisoxazole-4-boronic acid pinacol ester",65.3,2.515,600.0,0.6,0.2,17
reaction:17,1,P2-L1,P2,XPhos,3-bromoquinoline,"3,5-dimethylisoxazole-4-boronic acid pinacol ester",65.3,2.509,189.7,21.1,8.4,1
reaction:18,1,P1-L5,P1,PCy3,3-bromoquinoline,"3,5-dimethylisoxazole-4-boronic acid pinacol ester",65.3,1.106,189.7,0.6,0.5,11
reaction:19,1,P1-L2,P1,SPhos,3-bromoquinoline,"3,5-dimethylisoxazole-4-boronic acid pinacol ester",65.3,1.129,600.0,7.5,6.7,3
reaction:20,1,P1-L1,P1,XPhos,3-bromoquinoline,"3,5-dimethylisoxazole-4-boronic acid pinacol ester",110.0,2.509,600.0,68.6,27.4,1
reaction:21,1,P1-L7,P1,PtBu3,3-bromoquinoline,"3,5-dimethylisoxazole-4-boronic acid pinacol ester",110.0,2.499,600.0,75.0,30.0,8
reaction:22,1,P1-L3,P1,RuPhos,3-bromoquinoline,"3,5-dimethylisoxazole-4-boronic acid pinacol ester",110.0,2.489,189.7,53.8,21.6,4
reaction:23,1,P1-L5,P1,PCy3,3-bromoquinoline,"3,5-dimethylisoxazole-4-boronic acid pinacol ester",110.0,2.512,600.0,47.6,18.9,11
reaction:24,1,P2-L1,P2,XPhos,3-bromoquinoline,"3,5-dimethylisoxazole-4-boronic acid pinacol ester",110.0,1.131,600.0,17.0,15.0,1
reaction:25,1,P1-L5,P1,PCy3,3-bromoquinoline,"3,5-dimethylisoxazole-4-boronic acid pinacol ester",30.0,0.508,600.0,0.6,1.1,11
reaction:26,1,P1-L1,P1,XPhos,3-bromoquinoline,"3,5-dimethylisoxazole-4-boronic acid pinacol ester",30.0,0.513,600.0,0.6,1.1,1
reaction:27,1,P1-L2,P1,SPhos,3-bromoquinoline,"3,5-dimethylisoxazole-4-boronic acid pinacol ester",110.0,2.513,60.0,41.9,16.6,3
reaction:28,1,P1-L3,P1,RuPhos,3-bromoquinoline,"3,5-dimethylisoxazole-4-boronic acid pinacol ester",110.0,2.489,60.0,77.5,31.2,4
reaction:29,1,P1-L6,P1,PPh3,3-bromoquinoline,"3,5-dimethylisoxazole-4-boronic acid pinacol ester",110.0,2.515,60.0,8.5,3.4,17
reaction:30,1,P1-L7,P1,PtBu3,3-bromoquinoline,"3,5-dimethylisoxazole-4-boronic acid pinacol ester",110.0,2.499,60.0,85.4,34.2,8
reaction:31,1,P1-L5,P1,PCy3,3-bromoquinoline,"3,5-dimethylisoxazole-4-boronic acid pinacol ester",66.7,2.512,60.0,0.6,0.2,11
reaction:32,1,P1-L3,P1,RuPhos,3-bromoquinoline,"3,5-dimethylisoxazole-4-boronic acid pinacol ester",67.0,2.489,60.0,24.4,9.8,4
reaction:33,1,P1-L1,P1,XPhos,3-bromoquinoline,"3,5-dimethylisoxazole-4-boronic acid pinacol ester",66.3,2.509,60.0,12.4,4.9,1
reaction:34,1,P2-L1,P2,XPhos,3-bromoquinoline,"3,5-dimethylisoxazole-4-boronic acid pinacol ester",67.0,2.509,60.0,11.2,4.5,1
reaction:35,1,P1-L7,P1,PtBu3,3-bromoquinoline,"3,5-dimethylisoxazole-4-boronic acid pinacol ester",110.0,2.499,155.6,81.3,32.5,8
reaction:36,1,P1-L5,P1,PCy3,3-bromoquinoline,"3,5-dimethylisoxazole-4-boronic acid pinacol ester",110.0,2.482,109.3,39.1,15.8,11
reaction:37,1,P2-L1,P2,XPhos,3-bromoquinoline,"3,5-dimethylisoxazole-4-boronic acid pinacol ester",110.0,2.509,104.5,28.4,11.3,1
reaction:38,1,P1-L1,P1,XPhos,3-bromoquinoline,"3,5-dimethylisoxazole-4-boronic acid pinacol ester",110.0,2.482,109.2,74.1,29.8,1
reaction:39,1,P1-L3,P1,RuPhos,3-bromoquinoline,"3,5-dimethylisoxazole-4-boronic acid pinacol ester",110.0,2.489,166.5,60.9,24.5,4
reaction:40,1,P1-L7,P1,PtBu3,3-bromoquinoline,"3,5-dimethylisoxazole-4-boronic acid pinacol ester",110.0,0.506,60.0,0.6,1.1,8
reaction:41,1,P1-L3,P1,RuPhos,3-bromoquinoline,"3,5-dimethylisoxazole-4-boronic acid pinacol ester",110.0,0.498,60.0,21.7,43.7,4
reaction:42,1,P1-L3,P1,RuPhos,3-bromoquinoline,"3,5-dimethylisoxazole-4-boronic acid pinacol ester",110.0,0.968,600.0,23.7,24.5,4
reaction:43,1,P1-L1,P1,XPhos,3-bromoquinoline,"3,5-dimethylisoxazole-4-boronic acid pinacol ester",110.0,0.971,600.0,41.4,42.6,1
reaction:44,1,P1-L5,P1,PCy3,3-bromoquinoline,"3,5-dimethylisoxazole-4-boronic acid pinacol ester",110.0,0.957,600.0,38.8,40.6,11
reaction:45,1,P1-L7,P1,PtBu3,3-bromoquinoline,"3,5-dimethylisoxazole-4-boronic acid pinacol ester",110.0,0.814,600.0,38.0,46.6,8
reaction:46,1,P1-L1,P1,XPhos,3-bromoquinoline,"3,5-dimethylisoxazole-4-boronic acid pinacol ester",110.0,2.509,146.1,69.6,27.7,1
reaction:47,1,P1-L3,P1,RuPhos,3-bromoquinoline,"3,5-dimethylisoxazole-4-boronic acid pinacol ester",110.0,2.489,185.5,62.8,25.2,4
reaction:48,1,P1-L7,P1,PtBu3,3-bromoquinoline,"3,5-dimethylisoxazole-4-boronic acid pinacol ester",110.0,2.499,176.5,68.6,27.5,8
reaction:49,1,P1-L1,P1,XPhos,3-bromoquinoline,"3,5-dimethylisoxazole-4-boronic acid pinacol ester",110.0,2.266,60.0,83.9,37.1,1
reaction:50,1,P1-L7,P1,PtBu3,3-bromoquinoline,"3,5-dimethylisoxazole-4-boronic acid pinacol ester",110.0,2.303,60.0,80.7,35.0,8
reaction:51,1,P1-L3,P1,RuPhos,3-bromoquinoline,"3,5-dimethylisoxazole-4-boronic acid pinacol ester",110.0,2.323,60.0,64.4,27.7,4
reaction:52,1,P1-L1,P1,XPhos,3-bromoquinoline,"3,5-dimethylisoxazole-4-boronic acid pinacol ester",110.0,1.592,202.8,70.9,44.6,1
reaction:53,1,P1-L7,P1,PtBu3,3-bromoquinoline,"3,5-dimethylisoxazole-4-boronic acid pinacol ester",66.8,2.499,60.0,3.6,1.4,8
reaction:54,1,P1-L1,P1,XPhos,3-bromoquinoline,"3,5-dimethylisoxazole-4-boronic acid pinacol ester",110.0,0.513,60.0,20.5,40.0,1
reaction:55,1,P1-L5,P1,PCy3,3-bromoquinoline,"3,5-dimethylisoxazole-4-boronic acid pinacol ester",110.0,2.512,600.0,42.0,16.7,11
reaction:56,1,P1-L6,P1,PPh3,3-bromoquinoline,"3,5-dimethylisoxazole-4-boronic acid pinacol ester",110.0,1.127,189.7,7.4,6.6,17
reaction:57,1,P1-L3,P1,RuPhos,3-bromoquinoline,"3,5-dimethylisoxazole-4-boronic acid pinacol ester",65.3,1.106,600.0,5.6,5.1,4
reaction:58,1,P2-L1,P2,XPhos,3-bromoquinoline,"3,5-dimethylisoxazole-4-boronic acid pinacol ester",30.0,0.496,600.0,0.6,1.1,1
reaction:59,1,P1-L2,P1,SPhos,3-bromoquinoline,"3,5-dimethylisoxazole-4-boronic acid pinacol ester",110.0,2.513,189.7,52.9,21.1,3
reaction:60,2,P1-L6,P1,PPh3,3-chloropyridine,"3,5-dimethylisoxazole-4-boronic acid pinacol ester",110.0,2.49,600.0,0.1,0.0,17
reaction:61,2,P1-L5,P1,PCy3,3-chloropyridine,"3,5-dimethylisoxazole-4-boronic acid pinacol ester",110.0,0.51,60.0,0.1,0.2,11
reaction:62,2,P1-L7,P1,PtBu3,3-chloropyridine,"3,5-dimethylisoxazole-4-boronic acid pinacol ester",110.0,2.489,600.0,5.7,2.3,8
reaction:63,2,P1-L1,P1,XPhos,3-chloropyridine,"3,5-dimethylisoxazole-4-boronic acid pinacol ester",110.0,2.516,60.0,6.4,2.5,1
reaction:64,2,P1-L2,P1,SPhos,3-chloropyridine,"3,5-dimethylisoxazole-4-boronic acid pinacol ester",110.0,2.516,60.0,11.0,4.4,3
reaction:65,2,P1-L3,P1,RuPhos,3-chloropyridine,"3,5-dimethylisoxazole-4-boronic acid pinacol ester",110.0,0.512,600.0,0.1,0.2,4
reaction:66,2,P2-L1,P2,XPhos,3-chloropyridine,"3,5-dimethylisoxazole-4-boronic acid pinacol ester",110.0,0.507,600.0,0.1,0.2,1
reaction:67,2,P1-L5,P1,PCy3,3-chloropyridine,"3,5-dimethylisoxazole-4-boronic acid pinacol ester",30.0,2.492,600.0,0.1,0.0,11
reaction:68,2,P1-L7,P1,PtBu3,3-chloropyridine,"3,5-dimethylisoxazole-4-boronic acid pinacol ester",30.0,0.509,60.0,0.1,0.2,8
reaction:69,2,P1-L6,P1,PPh3,3-chloropyridine,"3,5-dimethylisoxazole-4-boronic acid pinacol ester",30.0,0.492,60.0,0.1,0.2,17
reaction:70,2,P1-L1,P1,XPhos,3-chloropyridine,"3,5-dimethylisoxazole-4-boronic acid pinacol ester",30.0,0.509,600.0,0.1,0.2,1
reaction:71,2,P1-L3,P1,RuPhos,3-chloropyridine,"3,5-dimethylisoxazole-4-boronic acid pinacol ester",30.0,2.505,60.0,0.1,0.0,4
reaction:72,2,P2-L1,P2,XPhos,3-chloropyridine,"3,5-dimethylisoxazole-4-boronic acid pinacol ester",30.0,2.509,60.0,0.1,0.0,1
reaction:73,2,P1-L2,P1,SPhos,3-chloropyridine,"3,5-dimethylisoxazole-4-boronic acid pinacol ester",30.0,0.492,600.0,0.1,0.2,3
reaction:74,2,P2-L1,P2,XPhos,3-chloropyridine,"3,5-dimethylisoxazole-4-boronic acid pinacol ester",65.3,1.121,60.0,0.4,0.3,1
reaction:75,2,P1-L5,P1,PCy3,3-chloropyridine,"3,5-dimethylisoxazole-4-boronic acid pinacol ester",65.3,2.492,60.0,0.1,0.0,11
reaction:76,2,P1-L1,P1,XPhos,3-chloropyridine,"3,5-dimethylisoxazole-4-boronic acid pinacol ester",65.3,1.131,189.7,5.9,5.2,1
reaction:77,2,P1-L6,P1,PPh3,3-chloropyridine,"3,5-dimethylisoxazole-4-boronic acid pinacol ester",65.3,1.122,60.0,0.1,0.1,17
reaction:78,2,P1-L7,P1,PtBu3,3-chloropyridine,"3,5-dimethylisoxazole-4-boronic acid pinacol ester",65.3,1.131,60.0,0.1,0.1,8
reaction:79,2,P1-L3,P1,RuPhos,3-chloropyridine,"3,5-dimethylisoxazole-4-boronic acid pinacol ester",65.3,2.505,60.0,11.8,4.7,4
reaction:80,2,P1-L6,P1,PPh3,3-chloropyridine,"3,5-dimethylisoxazole-4-boronic acid pinacol ester",110.0,2.49,189.7,0.1,0.0,17
reaction:81,2,P1-L5,P1,PCy3,3-chloropyridine,"3,5-dimethylisoxazole-4-boronic acid pinacol ester",110.0,1.111,189.7,8.2,7.2,11
reaction:82,2,P1-L2,P1,SPhos,3-chloropyridine,"3,5-dimethylisoxazole-4-boronic acid pinacol ester",110.0,2.516,60.0,11.5,4.6,3
reaction:83,2,P1-L3,P1,RuPhos,3-chloropyridine,"3,5-dimethylisoxazole-4-boronic acid pinacol ester",110.0,1.131,189.7,10.5,9.2,4
reaction:84,2,P2-L1,P2,XPhos,3-chloropyridine,"3,5-dimethylisoxazole-4-boronic acid pinacol ester",110.0,2.509,189.7,5.2,2.1,1
reaction:85,2,P1-L1,P1,XPhos,3-chloropyridine,"3,5-dimethylisoxazole-4-boronic acid pinacol ester",110.0,2.516,60.0,13.5,5.4,1
reaction:86,2,P1-L7,P1,PtBu3,3-chloropyridine,"3,5-dimethylisoxazole-4-boronic acid pinacol ester",110.0,2.489,189.7,11.7,4.6,8
reaction:87,2,P1-L2,P1,SPhos,3-chloropyridine,"3,5-dimethylisoxazole-4-boronic acid pinacol ester",110.0,2.516,339.6,16.1,6.4,3
reaction:88,2,P1-L1,P1,XPhos,3-chloropyridine,"3,5-dimethylisoxazole-4-boronic acid pinacol ester",110.0,2.516,340.3,16.3,6.5,1
reaction:89,2,P1-L7,P1,PtBu3,3-chloropyridine,"3,5-dimethylisoxazole-4-boronic acid pinacol ester",33.8,2.489,600.0,0.1,0.0,8
reaction:90,2,P1-L3,P1,RuPhos,3-chloropyridine,"3,5-dimethylisoxazole-4-boronic acid pinacol ester",30.0,2.047,600.0,0.1,0.1,4
reaction:91,2,P1-L7,P1,PtBu3,3-chloropyridine,"3,5-dimethylisoxazole-4-boronic acid pinacol ester",110.0,2.489,149.0,28.1,11.2,8
reaction:92,2,P1-L5,P1,PCy3,3-chloropyridine,"3,5-dimethylisoxazole-4-boronic acid pinacol ester",110.0,2.492,156.7,16.4,6.5,11
reaction:93,2,P1-L3,P1,RuPhos,3-chloropyridine,"3,5-dimethylisoxazole-4-boronic acid pinacol ester",110.0,2.505,162.3,16.9,6.7,4
reaction:94,2,P1-L1,P1,XPhos,3-chloropyridine,"3,5-dimethylisoxazole-4-boronic acid pinacol ester",107.8,2.516,172.3,19.9,7.9,1
reaction:95,2,P1-L2,P1,SPhos,3-chloropyridine,"3,5-dimethylisoxazole-4-boronic acid pinacol ester",95.1,2.516,177.6,13.0,5.2,3
reaction:96,2,P1-L1,P1,XPhos,3-chloropyridine,"3,5-dimethylisoxazole-4-boronic acid pinacol ester",110.0,0.792,222.1,8.5,10.9,1
reaction:97,2,P1-L2,P1,SPhos,3-chloropyridine,"3,5-dimethylisoxazole-4-boronic acid pinacol ester",110.0,2.169,192.5,11.6,5.4,3
reaction:98,2,P1-L7,P1,PtBu3,3-chloropyridine,"3,5-dimethylisoxazole-4-boronic acid pinacol ester",110.0,1.923,155.6,5.4,2.8,8
reaction:99,2,P1-L5,P1,PCy3,3-chloropyridine,"3,5-dimethylisoxazole-4-boronic acid pinacol ester",110.0,2.011,184.7,18.6,9.1,11
reaction:100,2,P1-L3,P1,RuPhos,3-chloropyridine,"3,5-dimethylisoxazole-4-boronic acid pinacol ester",56.1,0.754,262.1,5.5,7.0,4
reaction:101,2,P1-L3,P1,RuPhos,3-chloropyridine,"3,5-dimethylisoxazole-4-boronic acid pinacol ester",81.9,2.505,203.4,18.0,7.2,4
reaction:102,2,P1-L2,P1,SPhos,3-chloropyridine,"3,5-dimethylisoxazole-4-boronic acid pinacol ester",93.8,2.516,190.0,14.2,5.6,3
reaction:103,2,P1-L5,P1,PCy3,3-chloropyridine,"3,5-dimethylisoxazole-4-boronic acid pinacol ester",110.0,2.492,184.5,18.1,7.2,11
reaction:104,2,P1-L1,P1,XPhos,3-chloropyridine,"3,5-dimethylisoxazole-4-boronic acid pinacol ester",110.0,2.516,213.2,24.6,9.8,1
reaction:105,2,P1-L7,P1,PtBu3,3-chloropyridine,"3,5-dimethylisoxazole-4-boronic acid pinacol ester",110.0,2.489,157.7,6.8,2.7,8
reaction:106,2,P1-L1,P1,XPhos,3-chloropyridine,"3,5-dimethylisoxazole-4-boronic acid pinacol ester",110.0,2.516,261.0,26.0,10.3,1
reaction:107,2,P1-L5,P1,PCy3,3-chloropyridine,"3,5-dimethylisoxazole-4-boronic acid pinacol ester",110.0,2.492,206.5,24.5,9.7,11
reaction:108,2,P1-L3,P1,RuPhos,3-chloropyridine,"3,5-dimethylisoxazole-4-boronic acid pinacol ester",100.7,2.505,198.4,17.3,6.9,4
reaction:109,2,P1-L2,P1,SPhos,3-chloropyridine,"3,5-dimethylisoxazole-4-boronic acid pinacol ester",110.0,1.938,600.0,15.9,8.3,3
reaction:110,2,P1-L3,P1,RuPhos,3-chloropyridine,"3,5-dimethylisoxazole-4-boronic acid pinacol ester",110.0,1.993,600.0,18.5,9.4,4
reaction:111,2,P1-L1,P1,XPhos,3-chloropyridine,"3,5-dimethylisoxazole-4-boronic acid pinacol ester",110.0,1.781,600.0,24.0,13.3,1
reaction:112,2,P1-L5,P1,PCy3,3-chloropyridine,"3,5-dimethylisoxazole-4-boronic acid pinacol ester",110.0,1.951,600.0,30.6,15.5,11
reaction:113,2,P1-L5,P1,PCy3,3-chloropyridine,"3,5-dimethylisoxazole-4-boronic acid pinacol ester",110.0,1.951,600.0,30.2,15.3,11
reaction:114,2,P1-L1,P1,XPhos,3-chloropyridine,"3,5-dimethylisoxazole-4-boronic acid pinacol ester",110.0,1.385,600.0,20.2,14.7,1
reaction:115,2,P1-L3,P1,RuPhos,3-chloropyridine,"3,5-dimethylisoxazole-4-boronic acid pinacol ester",97.2,1.94,375.4,16.9,8.8,4
reaction:116,2,P1-L3,P1,RuPhos,3-chloropyridine,"3,5-dimethylisoxazole-4-boronic acid pinacol ester",103.3,2.505,600.0,22.3,8.9,4
reaction:117,2,P1-L1,P1,XPhos,3-chloropyridine,"3,5-dimethylisoxazole-4-boronic acid pinacol ester",110.0,2.516,600.0,32.6,13.0,1
reaction:118,2,P1-L5,P1,PCy3,3-chloropyridine,"3,5-dimethylisoxazole-4-boronic acid pinacol ester",110.0,2.011,600.0,40.1,19.7,11
reaction:119,2,P1-L5,P1,PCy3,3-chloropyridine,"3,5-dimethylisoxazole-4-boronic acid pinacol ester",110.0,2.492,600.0,42.0,16.7,11
reaction:120,2,P1-L1,P1,XPhos,3-chloropyridine,"3,5-dimethylisoxazole-4-boronic acid pinacol ester",30.0,2.516,60.0,0.1,0.0,1
reaction:121,2,P1-L1,P1,XPhos,3-chloropyridine,"3,5-dimethylisoxazole-4-boronic acid pinacol ester",30.0,2.516,60.0,0.4,0.2,1
reaction:122,2,P1-L5,P1,PCy3,3-chloropyridine,"3,5-dimethylisoxazole-4-boronic acid pinacol ester",110.0,2.492,600.0,47.6,18.9,11
reaction:123,2,P1-L1,P1,XPhos,3-chloropyridine,"3,5-dimethylisoxazole-4-boronic acid pinacol ester",47.1,2.516,600.0,41.9,16.6,1
reaction:124,2,P1-L5,P1,PCy3,3-chloropyridine,"3,5-dimethylisoxazole-4-boronic acid pinacol ester",71.0,2.492,600.0,0.1,0.0,11
reaction:125,2,P1-L5,P1,PCy3,3-chloropyridine,"3,5-dimethylisoxazole-4-boronic acid pinacol ester",110.0,2.492,600.0,42.0,16.7,11
reaction:126,2,P1-L2,P1,SPhos,3-chloropyridine,"3,5-dimethylisoxazole-4-boronic acid pinacol ester",39.8,2.516,600.0,1.1,0.4,3
reaction:127,2,P1-L3,P1,RuPhos,3-chloropyridine,"3,5-dimethylisoxazole-4-boronic acid pinacol ester",38.1,2.505,600.0,4.6,1.8,4
reaction:128,2,P1-L1,P1,XPhos,3-chloropyridine,"3,5-dimethylisoxazole-4-boronic acid pinacol ester",61.0,2.516,600.0,14.2,5.6,1
reaction:129,2,P1-L3,P1,RuPhos,3-chloropyridine,"3,5-dimethylisoxazole-4-boronic acid pinacol ester",69.4,2.505,600.0,24.4,9.7,4
reaction:130,2,P1-L1,P1,XPhos,3-chloropyridine,"3,5-dimethylisoxazole-4-boronic acid pinacol ester",63.0,2.516,600.0,15.7,6.3,1
reaction:131,2,P1-L1,P1,XPhos,3-chloropyridine,"3,5-dimethylisoxazole-4-boronic acid pinacol ester",110.0,2.516,600.0,14.0,5.6,1
reaction:132,2,P1-L5,P1,PCy3,3-chloropyridine,"3,5-dimethylisoxazole-4-boronic acid pinacol ester",110.0,2.492,600.0,45.4,18.1,11
reaction:133,2,P1-L5,P1,PCy3,3-chloropyridine,"3,5-dimethylisoxazole-4-boronic acid pinacol ester",110.0,2.492,600.0,38.4,15.2,11
reaction:134,2,P1-L5,P1,PCy3,3-chloropyridine,"3,5-dimethylisoxazole-4-boronic acid pinacol ester",110.0,1.711,600.0,26.2,15.1,11
reaction:135,2,P1-L1,P1,XPhos,3-chloropyridine,"3,5-dimethylisoxazole-4-boronic acid pinacol ester",110.0,2.516,600.0,17.2,6.8,1
reaction:136,2,P1-L5,P1,PCy3,3-chloropyridine,"3,5-dimethylisoxazole-4-boronic acid pinacol ester",110.0,2.492,600.0,41.1,16.3,11
reaction:137,2,P1-L1,P1,XPhos,3-chloropyridine,"3,5-dimethylisoxazole-4-boronic acid pinacol ester",110.0,2.516,600.0,17.1,6.8,1
reaction:138,2,P1-L5,P1,PCy3,3-chloropyridine,"3,5-dimethylisoxazole-4-boronic acid pinacol ester",110.0,2.492,600.0,45.2,18.0,11
reaction:139,2,P1-L5,P1,PCy3,3-chloropyridine,"3,5-dimethylisoxazole-4-boronic acid pinacol ester",110.0,1.771,600.0,34.8,19.4,11
reaction:140,2,P1-L1,P1,XPhos,3-chloropyridine,"3,5-dimethylisoxazole-4-boronic acid pinacol ester",30.0,2.488,600.0,2.5,1.0,1
reaction:141,2,P1-L1,P1,XPhos,3-chloropyridine,"3,5-dimethylisoxazole-4-boronic acid pinacol ester",30.0,2.488,600.0,3.2,1.3,1
reaction:142,2,P1-L5,P1,PCy3,3-chloropyridine,"3,5-dimethylisoxazole-4-boronic acid pinacol ester",110.0,2.492,600.0,44.0,17.5,11
reaction:143,2,P1-L5,P1,PCy3,3-chloropyridine,"3,5-dimethylisoxazole-4-boronic acid pinacol ester",110.0,1.921,600.0,38.9,20.3,11
reaction:144,2,P1-L5,P1,PCy3,3-chloropyridine,"3,5-dimethylisoxazole-4-boronic acid pinacol ester",110.0,2.492,370.2,28.0,11.1,11
reaction:145,2,P1-L2,P1,SPhos,3-chloropyridine,"3,5-dimethylisoxazole-4-boronic acid pinacol ester",65.3,1.128,189.7,8.9,7.8,3
reaction:146,2,P1-L1,P1,XPhos,3-chloropyridine,"3,5-dimethylisoxazole-4-boronic acid pinacol ester",110.0,2.516,600.0,17.7,7.0,1
reaction:147,2,P1-L3,P1,RuPhos,3-chloropyridine,"3,5-dimethylisoxazole-4-boronic acid pinacol ester",110.0,2.505,600.0,25.0,10.0,4
reaction:148,2,P1-L7,P1,PtBu3,3-chloropyridine,"3,5-dimethylisoxazole-4-boronic acid pinacol ester",110.0,2.489,166.9,10.8,4.3,8
reaction:149,2,P2-L1,P2,XPhos,3-chloropyridine,"3,5-dimethylisoxazole-4-boronic acid pinacol ester",33.4,2.509,600.0,1.2,0.5,1
reaction:150,2,P1-L6,P1,PPh3,3-chloropyridine,"3,5-dimethylisoxazole-4-boronic acid pinacol ester",30.0,2.49,600.0,0.1,0.0,17
reaction:151,3,P1-L1,P1,XPhos,3-chloropyridine,benzofuran-2-boronic acid,30.0,0.51,60.0,0.2,0.3,1
reaction:152,3,P1-L5,P1,PCy3,3-chloropyridine,benzofuran-2-boronic acid,30.0,2.511,600.0,0.2,0.1,11
reaction:153,3,P1-L6,P1,PPh3,3-chloropyridine,benzofuran-2-boronic acid,30.0,0.499,60.0,0.2,0.3,17
reaction:154,3,P1-L7,P1,PtBu3,3-chloropyridine,benzofuran-2-boronic acid,30.0,0.501,600.0,0.2,0.3,8
reaction:155,3,P1-L3,P1,RuPhos,3-chloropyridine,benzofuran-2-boronic acid,30.0,2.512,60.0,0.2,0.1,4
reaction:156,3,P2-L1,P2,XPhos,3-chloropyridine,benzofuran-2-boronic acid,30.0,0.509,600.0,0.2,0.3,1
reaction:157,3,P2-L1,P2,XPhos,3-chloropyridine,benzofuran-2-boronic acid,110.0,2.515,60.0,82.6,32.8,1
reaction:158,3,P1-L5,P1,PCy3,3-chloropyridine,benzofuran-2-boronic acid,110.0,0.508,60.0,0.2,0.3,11
reaction:159,3,P1-L6,P1,PPh3,3-chloropyridine,benzofuran-2-boronic acid,110.0,2.496,600.0,0.2,0.1,17
reaction:160,3,P1-L3,P1,RuPhos,3-chloropyridine,benzofuran-2-boronic acid,110.0,0.503,600.0,25.4,50.6,4
reaction:161,3,P1-L7,P1,PtBu3,3-chloropyridine,benzofuran-2-boronic acid,110.0,2.504,60.0,42.2,16.9,8
reaction:162,3,P1-L2,P1,SPhos,3-chloropyridine,benzofuran-2-boronic acid,110.0,0.51,60.0,23.6,46.3,3
reaction:163,3,P1-L1,P1,XPhos,3-chloropyridine,benzofuran-2-boronic acid,110.0,2.493,600.0,91.3,36.6,1
reaction:164,3,P1-L3,P1,RuPhos,3-chloropyridine,benzofuran-2-boronic acid,110.0,1.117,189.7,86.5,77.4,4
reaction:165,3,P2-L1,P2,XPhos,3-chloropyridine,benzofuran-2-boronic acid,110.0,2.515,189.7,86.4,34.3,1
reaction:166,3,P1-L6,P1,PPh3,3-chloropyridine,benzofuran-2-boronic acid,110.0,2.496,189.7,0.2,0.1,17
reaction:167,3,P1-L5,P1,PCy3,3-chloropyridine,benzofuran-2-boronic acid,110.0,1.106,60.0,4.4,4.0,11
reaction:168,3,P1-L1,P1,XPhos,3-chloropyridine,benzofuran-2-boronic acid,110.0,2.493,189.7,78.8,31.6,1
reaction:169,3,P1-L2,P1,SPhos,3-chloropyridine,benzofuran-2-boronic acid,110.0,2.494,60.0,86.7,34.7,3
reaction:170,3,P1-L7,P1,PtBu3,3-chloropyridine,benzofuran-2-boronic acid,110.0,2.504,60.0,49.9,19.9,8
reaction:171,3,P1-L2,P1,SPhos,3-chloropyridine,benzofuran-2-boronic acid,65.3,1.106,189.7,4.3,3.9,3
reaction:172,3,P1-L5,P1,PCy3,3-chloropyridine,benzofuran-2-boronic acid,65.3,2.511,189.7,5.1,2.0,11
reaction:173,3,P1-L1,P1,XPhos,3-chloropyridine,benzofuran-2-boronic acid,65.3,1.105,60.0,7.6,6.9,1
reaction:174,3,P1-L3,P1,RuPhos,3-chloropyridine,benzofuran-2-boronic acid,65.3,2.512,60.0,22.1,8.8,4
reaction:175,3,P2-L1,P2,XPhos,3-chloropyridine,benzofuran-2-boronic acid,65.3,1.13,60.0,6.9,6.1,1
reaction:176,3,P1-L1,P1,XPhos,3-chloropyridine,benzofuran-2-boronic acid,110.0,2.352,600.0,76.6,32.6,1
reaction:177,3,P1-L2,P1,SPhos,3-chloropyridine,benzofuran-2-boronic acid,110.0,2.438,600.0,80.3,33.0,3
reaction:178,3,P1-L3,P1,RuPhos,3-chloropyridine,benzofuran-2-boronic acid,110.0,2.317,600.0,87.4,37.7,4
reaction:179,3,P2-L1,P2,XPhos,3-chloropyridine,benzofuran-2-boronic acid,110.0,2.345,600.0,80.3,34.3,1
reaction:180,3,P1-L7,P1,PtBu3,3-chloropyridine,benzofuran-2-boronic acid,110.0,2.393,600.0,49.9,20.9,8
reaction:181,3,P1-L5,P1,PCy3,3-chloropyridine,benzofuran-2-boronic acid,48.3,0.748,600.0,0.2,0.2,11
reaction:182,3,P1-L7,P1,PtBu3,3-chloropyridine,benzofuran-2-boronic acid,110.0,1.113,124.3,10.9,9.8,8
reaction:183,3,P1-L2,P1,SPhos,3-chloropyridine,benzofuran-2-boronic acid,110.0,1.219,202.9,62.6,51.4,3
reaction:184,3,P2-L1,P2,XPhos,3-chloropyridine,benzofuran-2-boronic acid,110.0,1.074,160.9,59.7,55.6,1
reaction:185,3,P1-L1,P1,XPhos,3-chloropyridine,benzofuran-2-boronic acid,110.0,1.105,123.2,85.8,77.6,1
reaction:186,3,P1-L3,P1,RuPhos,3-chloropyridine,benzofuran-2-boronic acid,83.8,1.061,600.0,51.7,48.6,4
reaction:187,3,P1-L7,P1,PtBu3,3-chloropyridine,benzofuran-2-boronic acid,110.0,1.419,60.0,35.1,24.8,8
reaction:188,3,P1-L2,P1,SPhos,3-chloropyridine,benzofuran-2-boronic acid,110.0,1.672,60.0,88.8,53.1,3
reaction:189,3,P1-L3,P1,RuPhos,3-chloropyridine,benzofuran-2-boronic acid,110.0,1.312,60.0,78.4,59.8,4
reaction:190,3,P1-L1,P1,XPhos,3-chloropyridine,benzofuran-2-boronic acid,110.0,1.417,60.0,87.5,61.8,1
reaction:191,3,P1-L2,P1,SPhos,3-chloropyridine,benzofuran-2-boronic acid,110.0,2.494,186.8,75.4,30.3,3
reaction:192,3,P1-L1,P1,XPhos,3-chloropyridine,benzofuran-2-boronic acid,110.0,2.493,149.9,79.8,32.0,1
reaction:193,3,P2-L1,P2,XPhos,3-chloropyridine,benzofuran-2-boronic acid,103.6,2.515,186.8,83.4,33.2,1
reaction:194,3,P1-L3,P1,RuPhos,3-chloropyridine,benzofuran-2-boronic acid,110.0,2.512,179.9,86.5,34.4,4
reaction:195,3,P1-L1,P1,XPhos,3-chloropyridine,benzofuran-2-boronic acid,110.0,1.502,60.0,85.0,56.6,1
reaction:196,3,P1-L2,P1,SPhos,3-chloropyridine,benzofuran-2-boronic acid,110.0,1.927,60.0,84.2,43.6,3
reaction:197,3,P1-L3,P1,RuPhos,3-chloropyridine,benzofuran-2-boronic acid,110.0,1.312,137.9,79.4,60.6,4
reaction:198,3,P1-L3,P1,RuPhos,3-chloropyridine,benzofuran-2-boronic acid,110.0,1.647,60.0,81.4,49.5,4
reaction:199,3,P1-L1,P1,XPhos,3-chloropyridine,benzofuran-2-boronic acid,110.0,1.048,177.6,81.1,77.4,1
reaction:200,3,P1-L2,P1,SPhos,3-chloropyridine,benzofuran-2-boronic acid,110.0,1.446,188.8,71.5,49.5,3
reaction:201,3,P1-L3,P1,RuPhos,3-chloropyridine,benzofuran-2-boronic acid,110.0,1.368,211.9,82.0,59.9,4
reaction:202,3,P1-L2,P1,SPhos,3-chloropyridine,benzofuran-2-boronic acid,110.0,1.332,239.7,68.2,51.2,3
reaction:203,3,P1-L1,P1,XPhos,3-chloropyridine,benzofuran-2-boronic acid,110.0,1.048,253.3,87.0,83.0,1
reaction:204,3,P1-L1,P1,XPhos,3-chloropyridine,benzofuran-2-boronic acid,110.0,1.275,108.9,83.3,65.3,1
reaction:205,3,P1-L2,P1,SPhos,3-chloropyridine,benzofuran-2-boronic acid,110.0,2.409,66.6,86.4,35.8,3
reaction:206,3,P1-L3,P1,RuPhos,3-chloropyridine,benzofuran-2-boronic acid,110.0,1.731,192.1,83.3,48.1,4
reaction:207,3,P1-L1,P1,XPhos,3-chloropyridine,benzofuran-2-boronic acid,110.0,1.077,221.3,81.7,75.9,1
reaction:208,3,P1-L2,P1,SPhos,3-chloropyridine,benzofuran-2-boronic acid,110.0,1.871,192.7,77.7,41.5,3
reaction:209,3,P1-L1,P1,XPhos,3-chloropyridine,benzofuran-2-boronic acid,110.0,1.303,180.1,84.9,65.1,1
reaction:210,3,P1-L2,P1,SPhos,3-chloropyridine,benzofuran-2-boronic acid,110.0,1.899,144.0,84.6,44.5,3
reaction:211,3,P1-L3,P1,RuPhos,3-chloropyridine,benzofuran-2-boronic acid,110.0,2.038,146.6,87.7,43.0,4
reaction:212,3,P1-L1,P1,XPhos,3-chloropyridine,benzofuran-2-boronic acid,110.0,2.493,60.0,85.9,34.4,1
reaction:213,3,P1-L3,P1,RuPhos,3-chloropyridine,benzofuran-2-boronic acid,110.0,1.926,101.5,90.4,46.9,4
reaction:214,3,P1-L2,P1,SPhos,3-chloropyridine,benzofuran-2-boronic acid,110.0,2.126,60.0,81.4,38.3,3
reaction:215,3,P1-L1,P1,XPhos,3-chloropyridine,benzofuran-2-boronic acid,110.0,1.105,218.5,89.4,80.8,1
reaction:216,3,P1-L2,P1,SPhos,3-chloropyridine,benzofuran-2-boronic acid,110.0,1.814,135.7,73.5,40.5,3
reaction:217,3,P1-L1,P1,XPhos,3-chloropyridine,benzofuran-2-boronic acid,110.0,0.935,600.0,79.9,85.6,1
reaction:218,3,P1-L3,P1,RuPhos,3-chloropyridine,benzofuran-2-boronic acid,110.0,1.591,147.9,82.9,52.1,4
reaction:219,3,P1-L2,P1,SPhos,3-chloropyridine,benzofuran-2-boronic acid,110.0,1.701,162.9,68.0,40.0,3
reaction:220,3,P1-L3,P1,RuPhos,3-chloropyridine,benzofuran-2-boronic acid,110.0,1.675,162.1,90.1,53.8,4
reaction:221,3,P1-L1,P1,XPhos,3-chloropyridine,benzofuran-2-boronic acid,110.0,1.218,600.0,90.6,74.3,1
reaction:222,3,P1-L3,P1,RuPhos,3-chloropyridine,benzofuran-2-boronic acid,110.0,1.424,600.0,70.1,49.3,4
reaction:223,3,P1-L2,P1,SPhos,3-chloropyridine,benzofuran-2-boronic acid,110.0,1.417,600.0,94.1,66.4,3
reaction:224,3,P1-L3,P1,RuPhos,3-chloropyridine,benzofuran-2-boronic acid,110.0,1.926,60.0,87.6,45.4,4
reaction:225,3,P1-L2,P1,SPhos,3-chloropyridine,benzofuran-2-boronic acid,110.0,1.757,60.0,77.9,44.3,3
reaction:226,3,P1-L3,P1,RuPhos,3-chloropyridine,benzofuran-2-boronic acid,110.0,1.787,600.0,81.0,45.3,4
reaction:227,3,P1-L2,P1,SPhos,3-chloropyridine,benzofuran-2-boronic acid,110.0,1.616,600.0,84.5,52.3,3
reaction:228,3,P1-L1,P1,XPhos,3-chloropyridine,benzofuran-2-boronic acid,110.0,1.303,600.0,84.0,64.4,1
reaction:229,3,P1-L1,P1,XPhos,3-chloropyridine,benzofuran-2-boronic acid,110.0,1.218,600.0,79.6,65.4,1
reaction:230,3,P1-L2,P1,SPhos,3-chloropyridine,benzofuran-2-boronic acid,110.0,1.587,600.0,75.0,47.2,3
reaction:231,3,P1-L3,P1,RuPhos,3-chloropyridine,benzofuran-2-boronic acid,110.0,1.787,600.0,78.0,43.6,4
reaction:232,3,P1-L3,P1,RuPhos,3-chloropyridine,benzofuran-2-boronic acid,40.2,0.503,60.0,0.2,0.3,4
reaction:233,3,P1-L3,P1,RuPhos,3-chloropyridine,benzofuran-2-boronic acid,40.1,0.503,60.0,0.2,0.3,4
reaction:234,3,P1-L3,P1,RuPhos,3-chloropyridine,benzofuran-2-boronic acid,110.0,1.619,229.2,80.1,49.6,4
reaction:235,3,P1-L2,P1,SPhos,3-chloropyridine,benzofuran-2-boronic acid,30.0,2.494,600.0,0.2,0.1,3
reaction:236,3,P1-L7,P1,PtBu3,3-chloropyridine,benzofuran-2-boronic acid,65.3,1.113,189.7,0.8,0.7,8
reaction:237,3,P1-L5,P1,PCy3,3-chloropyridine,benzofuran-2-boronic acid,71.7,1.196,600.0,0.2,0.1,11
reaction:238,3,P1-L3,P1,RuPhos,3-chloropyridine,benzofuran-2-boronic acid,110.0,1.787,92.2,90.2,50.5,4
reaction:239,3,P1-L1,P1,XPhos,3-chloropyridine,benzofuran-2-boronic acid,110.0,1.09,600.0,87.3,80.1,1
reaction:240,3,P2-L1,P2,XPhos,3-chloropyridine,benzofuran-2-boronic acid,110.0,1.413,60.0,43.9,31.1,1
reaction:241,3,P1-L6,P1,PPh3,3-chloropyridine,benzofuran-2-boronic acid,65.3,1.109,60.0,0.2,0.1,17
reaction:242,4,P1-L6,P1,PPh3,2-chloropyridine,N-Boc-pyrrole-2-boronic acid,110.0,2.504,600.0,29.4,11.7,17
reaction:243,4,P1-L5,P1,PCy3,2-chloropyridine,N-Boc-pyrrole-2-boronic acid,110.0,2.499,600.0,53.6,21.4,11
reaction:244,4,P1-L7,P1,PtBu3,2-chloropyridine,N-Boc-pyrrole-2-boronic acid,110.0,2.491,60.0,23.7,9.5,8
reaction:245,4,P1-L3,P1,RuPhos,2-chloropyridine,N-Boc-pyrrole-2-boronic acid,110.0,0.502,60.0,64.8,129.2,4
reaction:246,4,P2-L1,P2,XPhos,2-chloropyridine,N-Boc-pyrrole-2-boronic acid,110.0,0.506,600.0,50.3,99.3,1
reaction:247,4,P1-L2,P1,SPhos,2-chloropyridine,N-Boc-pyrrole-2-boronic acid,110.0,0.511,600.0,55.1,107.8,3
reaction:248,4,P1-L1,P1,XPhos,2-chloropyridine,N-Boc-pyrrole-2-boronic acid,110.0,2.501,60.0,94.1,37.6,1
reaction:249,4,P1-L1,P1,XPhos,2-chloropyridine,N-Boc-pyrrole-2-boronic acid,30.0,0.5,600.0,1.5,2.9,1
reaction:250,4,P1-L5,P1,PCy3,2-chloropyridine,N-Boc-pyrrole-2-boronic acid,30.0,0.5,60.0,0.1,0.2,11
reaction:251,4,P1-L2,P1,SPhos,2-chloropyridine,N-Boc-pyrrole-2-boronic acid,30.0,2.507,60.0,0.1,0.0,3
reaction:252,4,P1-L3,P1,RuPhos,2-chloropyridine,N-Boc-pyrrole-2-boronic acid,30.0,2.51,600.0,6.9,2.7,4
reaction:253,4,P2-L1,P2,XPhos,2-chloropyridine,N-Boc-pyrrole-2-boronic acid,65.3,2.508,600.0,95.5,38.1,1
reaction:254,4,P1-L1,P1,XPhos,2-chloropyridine,N-Boc-pyrrole-2-boronic acid,65.3,1.12,600.0,73.1,65.3,1
reaction:255,4,P1-L6,P1,PPh3,2-chloropyridine,N-Boc-pyrrole-2-boronic acid,65.3,1.127,189.7,1.4,1.3,17
reaction:256,4,P1-L2,P1,SPhos,2-chloropyridine,N-Boc-pyrrole-2-boronic acid,65.3,2.507,189.7,91.3,36.4,3
reaction:257,4,P1-L7,P1,PtBu3,2-chloropyridine,N-Boc-pyrrole-2-boronic acid,65.3,1.126,600.0,0.8,0.7,8
reaction:258,4,P1-L3,P1,RuPhos,2-chloropyridine,N-Boc-pyrrole-2-boronic acid,65.3,1.123,189.7,68.3,60.8,4
reaction:259,4,P1-L5,P1,PCy3,2-chloropyridine,N-Boc-pyrrole-2-boronic acid,65.3,1.131,189.7,1.5,1.3,11
reaction:260,4,P1-L1,P1,XPhos,2-chloropyridine,N-Boc-pyrrole-2-boronic acid,110.0,2.501,189.7,87.2,34.9,1
reaction:261,4,P1-L6,P1,PPh3,2-chloropyridine,N-Boc-pyrrole-2-boronic acid,110.0,2.504,600.0,40.4,16.1,17
reaction:262,4,P1-L3,P1,RuPhos,2-chloropyridine,N-Boc-pyrrole-2-boronic acid,110.0,2.51,600.0,82.2,32.8,4
reaction:263,4,P1-L7,P1,PtBu3,2-chloropyridine,N-Boc-pyrrole-2-boronic acid,110.0,2.491,189.7,28.8,11.6,8
reaction:264,4,P1-L2,P1,SPhos,2-chloropyridine,N-Boc-pyrrole-2-boronic acid,110.0,1.12,600.0,80.9,72.2,3
reaction:265,4,P1-L5,P1,PCy3,2-chloropyridine,N-Boc-pyrrole-2-boronic acid,110.0,2.499,600.0,64.3,25.7,11
reaction:266,4,P2-L1,P2,XPhos,2-chloropyridine,N-Boc-pyrrole-2-boronic acid,110.0,1.109,189.7,89.4,80.6,1
reaction:267,4,P1-L5,P1,PCy3,2-chloropyridine,N-Boc-pyrrole-2-boronic acid,110.0,1.079,114.7,33.9,31.4,11
reaction:268,4,P1-L6,P1,PPh3,2-chloropyridine,N-Boc-pyrrole-2-boronic acid,110.0,1.077,114.7,23.0,21.4,17
reaction:269,4,P1-L7,P1,PtBu3,2-chloropyridine,N-Boc-pyrrole-2-boronic acid,110.0,0.982,250.1,26.3,26.8,8
reaction:270,4,P2-L1,P2,XPhos,2-chloropyridine,N-Boc-pyrrole-2-boronic acid,71.6,1.037,150.3,28.7,27.7,1
reaction:271,4,P1-L2,P1,SPhos,2-chloropyridine,N-Boc-pyrrole-2-boronic acid,81.2,1.071,145.8,80.2,74.9,3
reaction:272,4,P1-L3,P1,RuPhos,2-chloropyridine,N-Boc-pyrrole-2-boronic acid,109.2,0.932,326.4,89.6,96.1,4
reaction:273,4,P1-L1,P1,XPhos,2-chloropyridine,N-Boc-pyrrole-2-boronic acid,89.8,0.858,168.9,86.4,100.7,1
reaction:274,4,P1-L1,P1,XPhos,2-chloropyridine,N-Boc-pyrrole-2-boronic acid,61.9,2.501,600.0,94.4,37.8,1
reaction:275,4,P1-L2,P1,SPhos,2-chloropyridine,N-Boc-pyrrole-2-boronic acid,101.6,2.507,227.6,84.1,33.6,3
reaction:276,4,P1-L3,P1,RuPhos,2-chloropyridine,N-Boc-pyrrole-2-boronic acid,75.7,2.51,600.0,90.5,36.1,4
reaction:277,4,P2-L1,P2,XPhos,2-chloropyridine,N-Boc-pyrrole-2-boronic acid,104.0,2.508,182.6,85.5,34.1,1
reaction:278,4,P1-L2,P1,SPhos,2-chloropyridine,N-Boc-pyrrole-2-boronic acid,61.5,1.387,600.0,82.6,59.5,3
reaction:279,4,P1-L1,P1,XPhos,2-chloropyridine,N-Boc-pyrrole-2-boronic acid,106.8,1.215,600.0,88.1,72.5,1
reaction:280,4,P1-L3,P1,RuPhos,2-chloropyridine,N-Boc-pyrrole-2-boronic acid,84.7,1.793,600.0,86.5,48.3,4
reaction:281,4,P2-L1,P2,XPhos,2-chloropyridine,N-Boc-pyrrole-2-boronic acid,96.5,1.977,600.0,81.8,41.3,1
reaction:282,4,P1-L5,P1,PCy3,2-chloropyridine,N-Boc-pyrrole-2-boronic acid,110.0,1.236,600.0,43.0,34.8,11
reaction:283,4,P1-L2,P1,SPhos,2-chloropyridine,N-Boc-pyrrole-2-boronic acid,73.7,2.507,600.0,88.0,35.1,3
reaction:284,4,P1-L3,P1,RuPhos,2-chloropyridine,N-Boc-pyrrole-2-boronic acid,110.0,1.53,134.4,85.3,55.8,4
reaction:285,4,P2-L1,P2,XPhos,2-chloropyridine,N-Boc-pyrrole-2-boronic acid,91.7,2.05,196.1,86.2,42.1,1
reaction:286,4,P1-L1,P1,XPhos,2-chloropyridine,N-Boc-pyrrole-2-boronic acid,106.5,0.786,227.9,85.3,108.5,1
reaction:287,4,P2-L1,P2,XPhos,2-chloropyridine,N-Boc-pyrrole-2-boronic acid,88.2,2.098,260.4,83.9,40.0,1
reaction:288,4,P1-L2,P1,SPhos,2-chloropyridine,N-Boc-pyrrole-2-boronic acid,80.8,1.996,600.0,95.0,47.6,3
reaction:289,4,P1-L3,P1,RuPhos,2-chloropyridine,N-Boc-pyrrole-2-boronic acid,98.5,2.056,169.1,81.0,39.4,4
reaction:290,4,P1-L1,P1,XPhos,2-chloropyridine,N-Boc-pyrrole-2-boronic acid,105.3,0.739,236.9,78.9,106.8,1
reaction:291,4,P1-L1,P1,XPhos,2-chloropyridine,N-Boc-pyrrole-2-boronic acid,70.4,1.715,60.0,67.0,39.1,1
reaction:292,4,P1-L3,P1,RuPhos,2-chloropyridine,N-Boc-pyrrole-2-boronic acid,82.1,2.295,60.0,91.8,40.0,4
reaction:293,4,P1-L2,P1,SPhos,2-chloropyridine,N-Boc-pyrrole-2-boronic acid,85.6,2.507,60.0,86.6,34.5,3
reaction:294,4,P1-L1,P1,XPhos,2-chloropyridine,N-Boc-pyrrole-2-boronic acid,97.7,0.715,600.0,82.5,115.4,1
reaction:295,4,P1-L2,P1,SPhos,2-chloropyridine,N-Boc-pyrrole-2-boronic acid,72.8,1.314,600.0,87.0,66.2,3
reaction:296,4,P1-L1,P1,XPhos,2-chloropyridine,N-Boc-pyrrole-2-boronic acid,73.5,2.501,299.9,99.8,39.9,1
reaction:297,4,P1-L3,P1,RuPhos,2-chloropyridine,N-Boc-pyrrole-2-boronic acid,95.6,1.554,237.1,79.9,51.4,4
reaction:298,4,P1-L2,P1,SPhos,2-chloropyridine,N-Boc-pyrrole-2-boronic acid,87.0,1.801,600.0,84.6,46.9,3
reaction:299,4,P1-L2,P1,SPhos,2-chloropyridine,N-Boc-pyrrole-2-boronic acid,110.0,1.412,196.0,84.5,59.9,3
reaction:300,4,P1-L1,P1,XPhos,2-chloropyridine,N-Boc-pyrrole-2-boronic acid,108.8,1.358,202.8,67.3,49.5,1
reaction:301,4,P1-L2,P1,SPhos,2-chloropyridine,N-Boc-pyrrole-2-boronic acid,76.3,1.655,205.1,82.7,50.0,3
reaction:302,4,P1-L1,P1,XPhos,2-chloropyridine,N-Boc-pyrrole-2-boronic acid,74.7,1.572,222.9,81.6,51.9,1
reaction:303,4,P1-L1,P1,XPhos,2-chloropyridine,N-Boc-pyrrole-2-boronic acid,73.2,2.287,167.6,87.9,38.4,1
reaction:304,4,P1-L2,P1,SPhos,2-chloropyridine,N-Boc-pyrrole-2-boronic acid,75.8,1.947,200.4,98.7,50.7,3
reaction:305,4,P1-L2,P1,SPhos,2-chloropyridine,N-Boc-pyrrole-2-boronic acid,84.2,2.507,600.0,88.9,35.5,3
reaction:306,4,P1-L3,P1,RuPhos,2-chloropyridine,N-Boc-pyrrole-2-boronic acid,98.2,2.51,600.0,82.8,33.0,4
reaction:307,4,P1-L1,P1,XPhos,2-chloropyridine,N-Boc-pyrrole-2-boronic acid,97.7,2.501,600.0,83.8,33.5,1
reaction:308,4,P1-L2,P1,SPhos,2-chloropyridine,N-Boc-pyrrole-2-boronic acid,70.7,1.144,600.0,79.3,69.3,3
reaction:309,4,P1-L3,P1,RuPhos,2-chloropyridine,N-Boc-pyrrole-2-boronic acid,93.0,2.51,149.9,84.2,33.6,4
reaction:310,4,P1-L1,P1,XPhos,2-chloropyridine,N-Boc-pyrrole-2-boronic acid,96.7,0.739,600.0,77.8,105.3,1
reaction:311,4,P1-L3,P1,RuPhos,2-chloropyridine,N-Boc-pyrrole-2-boronic acid,105.7,1.386,216.2,85.6,61.7,4
reaction:312,4,P1-L1,P1,XPhos,2-chloropyridine,N-Boc-pyrrole-2-boronic acid,97.3,0.715,600.0,84.7,118.5,1
reaction:313,4,P1-L1,P1,XPhos,2-chloropyridine,N-Boc-pyrrole-2-boronic acid,88.6,0.977,600.0,85.6,87.6,1
reaction:314,4,P1-L2,P1,SPhos,2-chloropyridine,N-Boc-pyrrole-2-boronic acid,77.4,1.193,600.0,78.9,66.2,3
reaction:315,4,P1-L3,P1,RuPhos,2-chloropyridine,N-Boc-pyrrole-2-boronic acid,97.6,2.51,126.4,72.6,28.9,4
reaction:316,4,P1-L2,P1,SPhos,2-chloropyridine,N-Boc-pyrrole-2-boronic acid,69.3,2.507,276.4,99.5,39.7,3
reaction:317,4,P1-L1,P1,XPhos,2-chloropyridine,N-Boc-pyrrole-2-boronic acid,110.0,0.643,60.0,83.2,129.4,1
reaction:318,4,P1-L1,P1,XPhos,2-chloropyridine,N-Boc-pyrrole-2-boronic acid,110.0,0.667,60.0,70.1,105.1,1
reaction:319,4,P1-L2,P1,SPhos,2-chloropyridine,N-Boc-pyrrole-2-boronic acid,71.6,2.507,258.2,84.5,33.7,3
reaction:320,4,P1-L2,P1,SPhos,2-chloropyridine,N-Boc-pyrrole-2-boronic acid,104.7,1.193,211.7,77.8,65.2,3
reaction:321,4,P1-L1,P1,XPhos,2-chloropyridine,N-Boc-pyrrole-2-boronic acid,110.0,1.12,113.3,91.1,81.4,1
reaction:322,4,P1-L2,P1,SPhos,2-chloropyridine,N-Boc-pyrrole-2-boronic acid,58.7,2.507,600.0,86.3,34.4,3
reaction:323,4,P1-L1,P1,XPhos,2-chloropyridine,N-Boc-pyrrole-2-boronic acid,110.0,1.096,60.0,94.5,86.3,1
reaction:324,4,P1-L2,P1,SPhos,2-chloropyridine,N-Boc-pyrrole-2-boronic acid,72.4,2.507,600.0,84.4,33.7,3
reaction:325,4,P1-L1,P1,XPhos,2-chloropyridine,N-Boc-pyrrole-2-boronic acid,110.0,0.977,60.0,54.2,55.5,1
reaction:326,4,P2-L1,P2,XPhos,2-chloropyridine,N-Boc-pyrrole-2-boronic acid,30.0,2.508,60.0,4.0,1.6,1
reaction:327,4,P1-L6,P1,PPh3,2-chloropyridine,N-Boc-pyrrole-2-boronic acid,30.0,0.501,60.0,0.1,0.2,17
reaction:328,4,P1-L2,P1,SPhos,2-chloropyridine,N-Boc-pyrrole-2-boronic acid,77.2,1.314,600.0,88.4,67.3,3
reaction:329,4,P1-L3,P1,RuPhos,2-chloropyridine,N-Boc-pyrrole-2-boronic acid,94.9,1.171,319.6,83.6,71.4,4
reaction:330,4,P1-L5,P1,PCy3,2-chloropyridine,N-Boc-pyrrole-2-boronic acid,108.5,2.499,60.0,48.4,19.4,11
reaction:331,4,P1-L7,P1,PtBu3,2-chloropyridine,N-Boc-pyrrole-2-boronic acid,30.0,0.503,600.0,0.1,0.2,8
reaction:332,4,P1-L1,P1,XPhos,2-chloropyridine,N-Boc-pyrrole-2-boronic acid,110.0,1.096,154.1,88.6,80.9,1
