row_id,Reaction_No,ligand,test_index,task_id,model,split_id,method,reference_group,repeat,fold,y_true,y_pred,latent_std,predictive_std
reaction:9,9,XPhos,7,73,pc_top,split_007,lolo,XPhos,0,7,93.67,47.546944507645286,30.500216313740175,30.500231564121307
reaction:21,21,XPhos,15,73,pc_top,split_007,lolo,XPhos,0,7,83.19,47.47431852454438,30.500216313740175,30.500231564121307
reaction:33,33,XPhos,23,73,pc_top,split_007,lolo,XPhos,0,7,73.02,47.47100331327894,30.500216313740175,30.500231564121307
reaction:45,45,XPhos,31,73,pc_top,split_007,lolo,XPhos,0,7,60.67,47.4066092717331,30.500216313740175,30.500231564121307
reaction:57,57,XPhos,39,73,pc_top,split_007,lolo,XPhos,0,7,92.22,47.51354941329066,30.500216313740175,30.500231564121307
reaction:69,69,XPhos,47,73,pc_top,split_007,lolo,XPhos,0,7,92.83,47.54482633846961,30.500216313740175,30.500231564121307
reaction:81,81,XPhos,55,73,pc_top,split_007,lolo,XPhos,0,7,90.3,47.515713048740956,30.500216313740175,30.500231564121307
reaction:93,93,XPhos,63,73,pc_top,split_007,lolo,XPhos,0,7,78.23,47.463877660997014,30.500216313740175,30.500231564121307
reaction:105,105,XPhos,71,73,pc_top,split_007,lolo,XPhos,0,7,88.97,47.54278701705801,30.500216313740175,30.500231564121307
reaction:117,117,XPhos,79,73,pc_top,split_007,lolo,XPhos,0,7,80.77,47.51305953745787,30.500216313740175,30.500231564121307
reaction:129,129,XPhos,87,73,pc_top,split_007,lolo,XPhos,0,7,53.52,47.43286505078237,30.500216313740175,30.500231564121307
reaction:141,141,XPhos,95,73,pc_top,split_007,lolo,XPhos,0,7,52.33,47.37847680409351,30.500216313740175,30.500231564121307
reaction:153,153,XPhos,103,73,pc_top,split_007,lolo,XPhos,0,7,72.0,47.485959595376244,30.500216313740175,30.500231564121307
reaction:165,165,XPhos,111,73,pc_top,split_007,lolo,XPhos,0,7,85.21,47.54000747075161,30.500216313740175,30.500231564121307
reaction:177,177,XPhos,119,73,pc_top,split_007,lolo,XPhos,0,7,88.93,47.54602869925377,30.500216313740175,30.500231564121307
reaction:189,189,XPhos,127,73,pc_top,split_007,lolo,XPhos,0,7,91.35,47.55143939564019,30.500216313740175,30.500231564121307
reaction:201,201,XPhos,135,73,pc_top,split_007,lolo,XPhos,0,7,88.28,47.51052881286458,30.500216313740175,30.500231564121307
reaction:213,213,XPhos,143,73,pc_top,split_007,lolo,XPhos,0,7,37.01,47.35845720213532,30.500216313740175,30.500231564121307
reaction:225,225,XPhos,151,73,pc_top,split_007,lolo,XPhos,0,7,60.88,47.45089031963012,30.500216313740175,30.500231564121307
reaction:237,237,XPhos,159,73,pc_top,split_007,lolo,XPhos,0,7,39.49,47.34820119000883,30.500216313740175,30.500231564121307
reaction:249,249,XPhos,167,73,pc_top,split_007,lolo,XPhos,0,7,79.14,47.44603866770102,30.500216313740175,30.500231564121307
reaction:261,261,XPhos,175,73,pc_top,split_007,lolo,XPhos,0,7,61.47,47.4838977227624,30.500216313740175,30.500231564121307
reaction:273,273,XPhos,183,73,pc_top,split_007,lolo,XPhos,0,7,67.48,47.48944477642537,30.500216313740175,30.500231564121307
reaction:285,285,XPhos,191,73,pc_top,split_007,lolo,XPhos,0,7,43.52,47.38810601832997,30.500216313740175,30.500231564121307
reaction:297,297,XPhos,199,73,pc_top,split_007,lolo,XPhos,0,7,37.65,47.36208499723586,30.500216313740175,30.500231564121307
reaction:309,309,XPhos,207,73,pc_top,split_007,lolo,XPhos,0,7,30.98,47.24732266692974,30.500216313740175,30.500231564121307
reaction:321,321,XPhos,215,73,pc_top,split_007,lolo,XPhos,0,7,35.0,47.25469836836746,30.500216313740175,30.500231564121307
reaction:333,333,XPhos,223,73,pc_top,split_007,lolo,XPhos,0,7,22.24,47.272709327483845,30.500216313740175,30.500231564121307
reaction:345,345,XPhos,231,73,pc_top,split_007,lolo,XPhos,0,7,40.25,47.25739672315021,30.500216313740175,30.500231564121307
reaction:357,357,XPhos,239,73,pc_top,split_007,lolo,XPhos,0,7,27.33,47.24982556876898,30.500216313740175,30.500231564121307
reaction:369,369,XPhos,247,73,pc_top,split_007,lolo,XPhos,0,7,32.86,47.25309962192923,30.500216313740175,30.500231564121307
reaction:381,381,XPhos,255,73,pc_top,split_007,lolo,XPhos,0,7,37.87,47.26655098951727,30.500216313740175,30.500231564121307
reaction:393,393,XPhos,263,73,pc_top,split_007,lolo,XPhos,0,7,90.21,47.564090153510264,30.500216313740175,30.500231564121307
reaction:405,405,XPhos,271,73,pc_top,split_007,lolo,XPhos,0,7,56.96,47.47306057795606,30.500216313740175,30.500231564121307
reaction:417,417,XPhos,279,73,pc_top,split_007,lolo,XPhos,0,7,46.08,47.370077030653036,30.500216313740175,30.500231564121307
reaction:429,429,XPhos,287,73,pc_top,split_007,lolo,XPhos,0,7,34.03,47.324524149976085,30.500216313740175,30.500231564121307
reaction:441,441,XPhos,295,73,pc_top,split_007,lolo,XPhos,0,7,74.15,47.47493825529377,30.500216313740175,30.500231564121307
reaction:453,453,XPhos,303,73,pc_top,split_007,lolo,XPhos,0,7,75.54,47.56400783847751,30.500216313740175,30.500231564121307
reaction:465,465,XPhos,311,73,pc_top,split_007,lolo,XPhos,0,7,64.3,47.51576575718496,30.500216313740175,30.500231564121307
reaction:477,477,XPhos,319,73,pc_top,split_007,lolo,XPhos,0,7,42.69,47.43275536317807,30.500216313740175,30.500231564121307
reaction:489,489,XPhos,327,73,pc_top,split_007,lolo,XPhos,0,7,71.64,47.47734489023381,30.500216313740175,30.500231564121307
reaction:501,501,XPhos,335,73,pc_top,split_007,lolo,XPhos,0,7,48.37,47.45530303250898,30.500216313740175,30.500231564121307
reaction:513,513,XPhos,343,73,pc_top,split_007,lolo,XPhos,0,7,19.33,47.309816770832455,30.500216313740175,30.500231564121307
reaction:525,525,XPhos,351,73,pc_top,split_007,lolo,XPhos,0,7,24.48,47.31952649279965,30.500216313740175,30.500231564121307
reaction:537,537,XPhos,359,73,pc_top,split_007,lolo,XPhos,0,7,50.12,47.38764704343167,30.500216313740175,30.500231564121307
reaction:549,549,XPhos,367,73,pc_top,split_007,lolo,XPhos,0,7,45.58,47.459589994871784,30.500216313740175,30.500231564121307
reaction:561,561,XPhos,375,73,pc_top,split_007,lolo,XPhos,0,7,60.95,47.4694755504948,30.500216313740175,30.500231564121307
reaction:573,573,XPhos,383,73,pc_top,split_007,lolo,XPhos,0,7,63.04,47.43027641041838,30.500216313740175,30.500231564121307
reaction:585,585,XPhos,391,73,pc_top,split_007,lolo,XPhos,0,7,26.44,47.42513241789573,30.500216313740175,30.500231564121307
reaction:597,597,XPhos,399,73,pc_top,split_007,lolo,XPhos,0,7,10.88,47.29077341569132,30.500216313740175,30.500231564121307
reaction:609,609,XPhos,407,73,pc_top,split_007,lolo,XPhos,0,7,44.81,47.43685251111606,30.500216313740175,30.500231564121307
reaction:621,621,XPhos,415,73,pc_top,split_007,lolo,XPhos,0,7,29.35,47.26753656550895,30.500216313740175,30.500231564121307
reaction:633,633,XPhos,423,73,pc_top,split_007,lolo,XPhos,0,7,30.55,47.437941460341726,30.500216313740175,30.500231564121307
reaction:645,645,XPhos,431,73,pc_top,split_007,lolo,XPhos,0,7,18.95,47.378510571462634,30.500216313740175,30.500231564121307
reaction:657,657,XPhos,439,73,pc_top,split_007,lolo,XPhos,0,7,22.27,47.26971072865115,30.500216313740175,30.500231564121307
reaction:669,669,XPhos,447,73,pc_top,split_007,lolo,XPhos,0,7,15.1,47.261574215355054,30.500216313740175,30.500231564121307
reaction:681,681,XPhos,455,73,pc_top,split_007,lolo,XPhos,0,7,91.27,47.5646746896446,30.500216313740175,30.500231564121307
reaction:693,693,XPhos,463,73,pc_top,split_007,lolo,XPhos,0,7,82.19,47.53435325423976,30.500216313740175,30.500231564121307
reaction:705,705,XPhos,471,73,pc_top,split_007,lolo,XPhos,0,7,45.64,47.41121091645581,30.500216313740175,30.500231564121307
reaction:717,717,XPhos,479,73,pc_top,split_007,lolo,XPhos,0,7,90.69,47.56335253944181,30.500216313740175,30.500231564121307
reaction:729,729,XPhos,487,73,pc_top,split_007,lolo,XPhos,0,7,90.55,47.55785589625607,30.500216313740175,30.500231564121307
reaction:741,741,XPhos,495,73,pc_top,split_007,lolo,XPhos,0,7,90.62,47.56266027851967,30.500216313740175,30.500231564121307
reaction:753,753,XPhos,503,73,pc_top,split_007,lolo,XPhos,0,7,52.37,47.420199585653435,30.500216313740175,30.500231564121307
reaction:765,765,XPhos,511,73,pc_top,split_007,lolo,XPhos,0,7,26.69,47.32637108498158,30.500216313740175,30.500231564121307
reaction:777,777,XPhos,519,73,pc_top,split_007,lolo,XPhos,0,7,92.69,47.559076662049456,30.500216313740175,30.500231564121307
reaction:789,789,XPhos,527,73,pc_top,split_007,lolo,XPhos,0,7,78.08,47.50269414903509,30.500216313740175,30.500231564121307
reaction:801,801,XPhos,535,73,pc_top,split_007,lolo,XPhos,0,7,66.46,47.36344101965228,30.500216313740175,30.500231564121307
reaction:813,813,XPhos,543,73,pc_top,split_007,lolo,XPhos,0,7,47.08,47.358423483662236,30.500216313740175,30.500231564121307
reaction:825,825,XPhos,551,73,pc_top,split_007,lolo,XPhos,0,7,84.67,47.51324278435461,30.500216313740175,30.500231564121307
reaction:837,837,XPhos,559,73,pc_top,split_007,lolo,XPhos,0,7,91.1,47.55635808186312,30.500216313740175,30.500231564121307
reaction:849,849,XPhos,567,73,pc_top,split_007,lolo,XPhos,0,7,80.59,47.558572254236,30.500216313740175,30.500231564121307
reaction:861,861,XPhos,575,73,pc_top,split_007,lolo,XPhos,0,7,66.77,47.473876954104114,30.500216313740175,30.500231564121307
reaction:873,873,XPhos,583,73,pc_top,split_007,lolo,XPhos,0,7,95.8,47.57598958585996,30.500216313740175,30.500231564121307
reaction:885,885,XPhos,591,73,pc_top,split_007,lolo,XPhos,0,7,87.65,47.545795008981464,30.500216313740175,30.500231564121307
reaction:897,897,XPhos,599,73,pc_top,split_007,lolo,XPhos,0,7,55.66,47.402586344113,30.500216313740175,30.500231564121307
reaction:909,909,XPhos,607,73,pc_top,split_007,lolo,XPhos,0,7,47.9,47.41112020609091,30.500216313740175,30.500231564121307
reaction:921,921,XPhos,615,73,pc_top,split_007,lolo,XPhos,0,7,80.83,47.43857719717392,30.500216313740175,30.500231564121307
reaction:933,933,XPhos,623,73,pc_top,split_007,lolo,XPhos,0,7,95.5,47.57557163122963,30.500216313740175,30.500231564121307
reaction:945,945,XPhos,631,73,pc_top,split_007,lolo,XPhos,0,7,95.85,47.576115670302414,30.500216313740175,30.500231564121307
reaction:957,957,XPhos,639,73,pc_top,split_007,lolo,XPhos,0,7,95.19,47.58213321913043,30.500216313740175,30.500231564121307
reaction:969,969,XPhos,647,73,pc_top,split_007,lolo,XPhos,0,7,47.22,47.40927400404045,30.500216313740175,30.500231564121307
reaction:981,981,XPhos,655,73,pc_top,split_007,lolo,XPhos,0,7,52.85,47.45105068817841,30.500216313740175,30.500231564121307
reaction:993,993,XPhos,663,73,pc_top,split_007,lolo,XPhos,0,7,87.99,47.50118461670998,30.500216313740175,30.500231564121307
reaction:1005,1005,XPhos,671,73,pc_top,split_007,lolo,XPhos,0,7,43.5,47.36976431588866,30.500216313740175,30.500231564121307
reaction:1017,1017,XPhos,679,73,pc_top,split_007,lolo,XPhos,0,7,64.39,47.45889561879565,30.500216313740175,30.500231564121307
reaction:1029,1029,XPhos,687,73,pc_top,split_007,lolo,XPhos,0,7,66.93,47.46591273293432,30.500216313740175,30.500231564121307
reaction:1041,1041,XPhos,695,73,pc_top,split_007,lolo,XPhos,0,7,27.91,47.27430049616356,30.500216313740175,30.500231564121307
reaction:1053,1053,XPhos,703,73,pc_top,split_007,lolo,XPhos,0,7,26.28,47.28698796570255,30.500216313740175,30.500231564121307
reaction:1065,1065,XPhos,711,73,pc_top,split_007,lolo,XPhos,0,7,88.97,47.576747867653566,30.500216313740175,30.500231564121307
reaction:1077,1077,XPhos,719,73,pc_top,split_007,lolo,XPhos,0,7,75.35,47.52073949465445,30.500216313740175,30.500231564121307
reaction:1089,1089,XPhos,727,73,pc_top,split_007,lolo,XPhos,0,7,60.51,47.47662490280466,30.500216313740175,30.500231564121307
reaction:1101,1101,XPhos,735,73,pc_top,split_007,lolo,XPhos,0,7,83.35,47.556807488917606,30.500216313740175,30.500231564121307
reaction:1113,1113,XPhos,743,73,pc_top,split_007,lolo,XPhos,0,7,82.32,47.54814676066722,30.500216313740175,30.500231564121307
reaction:1125,1125,XPhos,751,73,pc_top,split_007,lolo,XPhos,0,7,82.88,47.560719513840645,30.500216313740175,30.500231564121307
reaction:1137,1137,XPhos,759,73,pc_top,split_007,lolo,XPhos,0,7,68.57,47.49836090637388,30.500216313740175,30.500231564121307
reaction:1149,1149,XPhos,767,73,pc_top,split_007,lolo,XPhos,0,7,29.42,47.3447076646315,30.500216313740175,30.500231564121307
reaction:1161,1161,XPhos,775,73,pc_top,split_007,lolo,XPhos,0,7,86.6,47.541790402397524,30.500216313740175,30.500231564121307
reaction:1173,1173,XPhos,783,73,pc_top,split_007,lolo,XPhos,0,7,84.94,47.541604441493796,30.500216313740175,30.500231564121307
reaction:1185,1185,XPhos,791,73,pc_top,split_007,lolo,XPhos,0,7,79.93,47.52694606488712,30.500216313740175,30.500231564121307
reaction:1197,1197,XPhos,799,73,pc_top,split_007,lolo,XPhos,0,7,65.69,47.47560563015882,30.500216313740175,30.500231564121307
reaction:1209,1209,XPhos,807,73,pc_top,split_007,lolo,XPhos,0,7,85.95,47.538001225753014,30.500216313740175,30.500231564121307
reaction:1221,1221,XPhos,815,73,pc_top,split_007,lolo,XPhos,0,7,88.37,47.566639236330296,30.500216313740175,30.500231564121307
reaction:1233,1233,XPhos,823,73,pc_top,split_007,lolo,XPhos,0,7,79.09,47.53197420181918,30.500216313740175,30.500231564121307
reaction:1245,1245,XPhos,831,73,pc_top,split_007,lolo,XPhos,0,7,63.55,47.45901559985442,30.500216313740175,30.500231564121307
reaction:1257,1257,XPhos,839,73,pc_top,split_007,lolo,XPhos,0,7,83.93,47.53870324022608,30.500216313740175,30.500231564121307
reaction:1269,1269,XPhos,847,73,pc_top,split_007,lolo,XPhos,0,7,55.47,47.42851157490251,30.500216313740175,30.500231564121307
reaction:1281,1281,XPhos,855,73,pc_top,split_007,lolo,XPhos,0,7,40.12,47.340425030843434,30.500216313740175,30.500231564121307
reaction:1293,1293,XPhos,863,73,pc_top,split_007,lolo,XPhos,0,7,38.17,47.339565421046494,30.500216313740175,30.500231564121307
reaction:1305,1305,XPhos,871,73,pc_top,split_007,lolo,XPhos,0,7,60.62,47.42553404156987,30.500216313740175,30.500231564121307
reaction:1317,1317,XPhos,879,73,pc_top,split_007,lolo,XPhos,0,7,73.95,47.483142633194525,30.500216313740175,30.500231564121307
reaction:1329,1329,XPhos,887,73,pc_top,split_007,lolo,XPhos,0,7,67.97,47.4861527509405,30.500216313740175,30.500231564121307
reaction:1341,1341,XPhos,895,73,pc_top,split_007,lolo,XPhos,0,7,62.62,47.47099769794993,30.500216313740175,30.500231564121307
reaction:1353,1353,XPhos,903,73,pc_top,split_007,lolo,XPhos,0,7,75.62,47.522934672102934,30.500216313740175,30.500231564121307
reaction:1365,1365,XPhos,911,73,pc_top,split_007,lolo,XPhos,0,7,72.44,47.46134782526861,30.500216313740175,30.500231564121307
reaction:1377,1377,XPhos,919,73,pc_top,split_007,lolo,XPhos,0,7,85.48,47.52331196711719,30.500216313740175,30.500231564121307
reaction:1389,1389,XPhos,927,73,pc_top,split_007,lolo,XPhos,0,7,57.98,47.425405831568725,30.500216313740175,30.500231564121307
reaction:1401,1401,XPhos,935,73,pc_top,split_007,lolo,XPhos,0,7,66.05,47.53302166951823,30.500216313740175,30.500231564121307
reaction:1413,1413,XPhos,943,73,pc_top,split_007,lolo,XPhos,0,7,75.29,47.53573260147155,30.500216313740175,30.500231564121307
reaction:1425,1425,XPhos,951,73,pc_top,split_007,lolo,XPhos,0,7,50.85,47.39397258304488,30.500216313740175,30.500231564121307
reaction:1437,1437,XPhos,959,73,pc_top,split_007,lolo,XPhos,0,7,48.25,47.375518313087774,30.500216313740175,30.500231564121307
reaction:1449,1449,XPhos,967,73,pc_top,split_007,lolo,XPhos,0,7,91.45,47.553144391503466,30.500216313740175,30.500231564121307
reaction:1461,1461,XPhos,975,73,pc_top,split_007,lolo,XPhos,0,7,86.36,47.53778826460806,30.500216313740175,30.500231564121307
reaction:1473,1473,XPhos,983,73,pc_top,split_007,lolo,XPhos,0,7,77.72,47.4484620689208,30.500216313740175,30.500231564121307
reaction:1485,1485,XPhos,991,73,pc_top,split_007,lolo,XPhos,0,7,90.79,47.5577259442471,30.500216313740175,30.500231564121307
reaction:1497,1497,XPhos,999,73,pc_top,split_007,lolo,XPhos,0,7,90.57,47.554186506823676,30.500216313740175,30.500231564121307
reaction:1509,1509,XPhos,1007,73,pc_top,split_007,lolo,XPhos,0,7,91.45,47.55927926782175,30.500216313740175,30.500231564121307
reaction:1521,1521,XPhos,1015,73,pc_top,split_007,lolo,XPhos,0,7,73.77,47.478070854581645,30.500216313740175,30.500231564121307
reaction:1533,1533,XPhos,1023,73,pc_top,split_007,lolo,XPhos,0,7,48.59,47.37914406030375,30.500216313740175,30.500231564121307
reaction:1545,1545,XPhos,1031,73,pc_top,split_007,lolo,XPhos,0,7,67.97,47.48790382860864,30.500216313740175,30.500231564121307
reaction:1557,1557,XPhos,1039,73,pc_top,split_007,lolo,XPhos,0,7,50.2,47.42836036621366,30.500216313740175,30.500231564121307
reaction:1569,1569,XPhos,1047,73,pc_top,split_007,lolo,XPhos,0,7,60.14,47.46221989482001,30.500216313740175,30.500231564121307
reaction:1581,1581,XPhos,1055,73,pc_top,split_007,lolo,XPhos,0,7,55.94,47.4321796202826,30.500216313740175,30.500231564121307
reaction:1593,1593,XPhos,1063,73,pc_top,split_007,lolo,XPhos,0,7,79.44,47.5298094660598,30.500216313740175,30.500231564121307
reaction:1605,1605,XPhos,1071,73,pc_top,split_007,lolo,XPhos,0,7,60.54,47.5366324723772,30.500216313740175,30.500231564121307
reaction:1617,1617,XPhos,1079,73,pc_top,split_007,lolo,XPhos,0,7,61.61,47.47070535371366,30.500216313740175,30.500231564121307
reaction:1629,1629,XPhos,1087,73,pc_top,split_007,lolo,XPhos,0,7,49.48,47.43157657981586,30.500216313740175,30.500231564121307
reaction:1641,1641,XPhos,1095,73,pc_top,split_007,lolo,XPhos,0,7,90.0,47.5643419804223,30.500216313740175,30.500231564121307
reaction:1653,1653,XPhos,1103,73,pc_top,split_007,lolo,XPhos,0,7,80.96,47.50253213062757,30.500216313740175,30.500231564121307
reaction:1665,1665,XPhos,1111,73,pc_top,split_007,lolo,XPhos,0,7,70.51,47.40294251624415,30.500216313740175,30.500231564121307
reaction:1677,1677,XPhos,1119,73,pc_top,split_007,lolo,XPhos,0,7,65.8,47.411326497146064,30.500216313740175,30.500231564121307
reaction:1689,1689,XPhos,1127,73,pc_top,split_007,lolo,XPhos,0,7,84.34,47.527964132295864,30.500216313740175,30.500231564121307
reaction:1701,1701,XPhos,1135,73,pc_top,split_007,lolo,XPhos,0,7,93.61,47.57955667946477,30.500216313740175,30.500231564121307
reaction:1713,1713,XPhos,1143,73,pc_top,split_007,lolo,XPhos,0,7,91.7,47.58167151204869,30.500216313740175,30.500231564121307
reaction:1725,1725,XPhos,1151,73,pc_top,split_007,lolo,XPhos,0,7,81.88,47.527719919154386,30.500216313740175,30.500231564121307
reaction:1737,1737,XPhos,1159,73,pc_top,split_007,lolo,XPhos,0,7,68.92,47.47809636689659,30.500216313740175,30.500231564121307
reaction:1749,1749,XPhos,1167,73,pc_top,split_007,lolo,XPhos,0,7,52.63,47.4551600327405,30.500216313740175,30.500231564121307
reaction:1761,1761,XPhos,1175,73,pc_top,split_007,lolo,XPhos,0,7,67.02,47.47992499731772,30.500216313740175,30.500231564121307
reaction:1773,1773,XPhos,1183,73,pc_top,split_007,lolo,XPhos,0,7,48.02,47.375204747153056,30.500216313740175,30.500231564121307
reaction:1785,1785,XPhos,1191,73,pc_top,split_007,lolo,XPhos,0,7,71.36,47.49252697500222,30.500216313740175,30.500231564121307
reaction:1797,1797,XPhos,1199,73,pc_top,split_007,lolo,XPhos,0,7,75.0,47.50178223713432,30.500216313740175,30.500231564121307
reaction:1809,1809,XPhos,1207,73,pc_top,split_007,lolo,XPhos,0,7,65.57,47.4946861440314,30.500216313740175,30.500231564121307
reaction:1821,1821,XPhos,1215,73,pc_top,split_007,lolo,XPhos,0,7,74.08,47.47695726556142,30.500216313740175,30.500231564121307
reaction:1833,1833,XPhos,1223,73,pc_top,split_007,lolo,XPhos,0,7,63.61,47.48473650786207,30.500216313740175,30.500231564121307
reaction:1845,1845,XPhos,1231,73,pc_top,split_007,lolo,XPhos,0,7,56.03,47.418884780998674,30.500216313740175,30.500231564121307
reaction:1857,1857,XPhos,1239,73,pc_top,split_007,lolo,XPhos,0,7,36.08,47.30854834059218,30.500216313740175,30.500231564121307
reaction:1869,1869,XPhos,1247,73,pc_top,split_007,lolo,XPhos,0,7,68.52,47.49138288803048,30.500216313740175,30.500231564121307
reaction:1881,1881,XPhos,1255,73,pc_top,split_007,lolo,XPhos,0,7,71.6,47.488697099049176,30.500216313740175,30.500231564121307
reaction:1893,1893,XPhos,1263,73,pc_top,split_007,lolo,XPhos,0,7,76.38,47.50130092077409,30.500216313740175,30.500231564121307
reaction:1905,1905,XPhos,1271,73,pc_top,split_007,lolo,XPhos,0,7,40.32,47.34065632228129,30.500216313740175,30.500231564121307
reaction:1917,1917,XPhos,1279,73,pc_top,split_007,lolo,XPhos,0,7,28.87,47.300243107421025,30.500216313740175,30.500231564121307
reaction:1929,1929,XPhos,1287,73,pc_top,split_007,lolo,XPhos,0,7,90.64,47.56046695038639,30.500216313740175,30.500231564121307
reaction:1941,1941,XPhos,1295,73,pc_top,split_007,lolo,XPhos,0,7,74.99,47.48454969973568,30.500216313740175,30.500231564121307
reaction:1953,1953,XPhos,1303,73,pc_top,split_007,lolo,XPhos,0,7,72.25,47.49398707037557,30.500216313740175,30.500231564121307
reaction:1965,1965,XPhos,1311,73,pc_top,split_007,lolo,XPhos,0,7,71.22,47.516476147133076,30.500216313740175,30.500231564121307
reaction:1977,1977,XPhos,1319,73,pc_top,split_007,lolo,XPhos,0,7,93.06,47.5687805320877,30.500216313740175,30.500231564121307
reaction:1989,1989,XPhos,1327,73,pc_top,split_007,lolo,XPhos,0,7,92.77,47.56652464410677,30.500216313740175,30.500231564121307
reaction:2001,2001,XPhos,1335,73,pc_top,split_007,lolo,XPhos,0,7,72.37,47.53043029758234,30.500216313740175,30.500231564121307
reaction:2013,2013,XPhos,1343,73,pc_top,split_007,lolo,XPhos,0,7,48.24,47.44281252793847,30.500216313740175,30.500231564121307
reaction:2025,2025,XPhos,1351,73,pc_top,split_007,lolo,XPhos,0,7,82.69,47.515875690532475,30.500216313740175,30.500231564121307
reaction:2037,2037,XPhos,1359,73,pc_top,split_007,lolo,XPhos,0,7,56.96,47.462883028741594,30.500216313740175,30.500231564121307
reaction:2049,2049,XPhos,1367,73,pc_top,split_007,lolo,XPhos,0,7,41.21,47.38860205154116,30.500216313740175,30.500231564121307
reaction:2061,2061,XPhos,1375,73,pc_top,split_007,lolo,XPhos,0,7,43.93,47.37397578383649,30.500216313740175,30.500231564121307
reaction:2073,2073,XPhos,1383,73,pc_top,split_007,lolo,XPhos,0,7,72.71,47.483838583134904,30.500216313740175,30.500231564121307
reaction:2085,2085,XPhos,1391,73,pc_top,split_007,lolo,XPhos,0,7,93.67,47.57456309721751,30.500216313740175,30.500231564121307
reaction:2097,2097,XPhos,1399,73,pc_top,split_007,lolo,XPhos,0,7,80.34,47.532380798848436,30.500216313740175,30.500231564121307
reaction:2109,2109,XPhos,1407,73,pc_top,split_007,lolo,XPhos,0,7,61.65,47.45959500166284,30.500216313740175,30.500231564121307
reaction:2121,2121,XPhos,1415,73,pc_top,split_007,lolo,XPhos,0,7,90.34,47.55685810348179,30.500216313740175,30.500231564121307
reaction:2133,2133,XPhos,1423,73,pc_top,split_007,lolo,XPhos,0,7,72.62,47.493356647901,30.500216313740175,30.500231564121307
reaction:2145,2145,XPhos,1431,73,pc_top,split_007,lolo,XPhos,0,7,75.7,47.5206097325987,30.500216313740175,30.500231564121307
reaction:2157,2157,XPhos,1439,73,pc_top,split_007,lolo,XPhos,0,7,51.28,47.451437362,30.500216313740175,30.500231564121307
reaction:2169,2169,XPhos,1447,73,pc_top,split_007,lolo,XPhos,0,7,85.96,47.54754617063067,30.500216313740175,30.500231564121307
reaction:2181,2181,XPhos,1455,73,pc_top,split_007,lolo,XPhos,0,7,82.14,47.56808796667038,30.500216313740175,30.500231564121307
reaction:2193,2193,XPhos,1463,73,pc_top,split_007,lolo,XPhos,0,7,72.75,47.48083871891811,30.500216313740175,30.500231564121307
reaction:2205,2205,XPhos,1471,73,pc_top,split_007,lolo,XPhos,0,7,44.36,47.40955192245076,30.500216313740175,30.500231564121307
reaction:2217,2217,XPhos,1479,73,pc_top,split_007,lolo,XPhos,0,7,81.05,47.5271478941794,30.500216313740175,30.500231564121307
reaction:2229,2229,XPhos,1487,73,pc_top,split_007,lolo,XPhos,0,7,81.52,47.52121633625261,30.500216313740175,30.500231564121307
reaction:2241,2241,XPhos,1495,73,pc_top,split_007,lolo,XPhos,0,7,49.61,47.39302887023519,30.500216313740175,30.500231564121307
reaction:2253,2253,XPhos,1503,73,pc_top,split_007,lolo,XPhos,0,7,85.09,47.54795557375216,30.500216313740175,30.500231564121307
reaction:2265,2265,XPhos,1511,73,pc_top,split_007,lolo,XPhos,0,7,82.35,47.54378662193292,30.500216313740175,30.500231564121307
reaction:2277,2277,XPhos,1519,73,pc_top,split_007,lolo,XPhos,0,7,91.9,47.5952502847976,30.500216313740175,30.500231564121307
reaction:2289,2289,XPhos,1527,73,pc_top,split_007,lolo,XPhos,0,7,78.36,47.49674056227422,30.500216313740175,30.500231564121307
reaction:2301,2301,XPhos,1535,73,pc_top,split_007,lolo,XPhos,0,7,66.05,47.44459499263952,30.500216313740175,30.500231564121307
reaction:2313,2313,XPhos,1543,73,pc_top,split_007,lolo,XPhos,0,7,73.21,47.534321919301064,30.500216313740175,30.500231564121307
reaction:2325,2325,XPhos,1551,73,pc_top,split_007,lolo,XPhos,0,7,60.47,47.486210967628104,30.500216313740175,30.500231564121307
reaction:2337,2337,XPhos,1559,73,pc_top,split_007,lolo,XPhos,0,7,58.39,47.48541903410028,30.500216313740175,30.500231564121307
reaction:2349,2349,XPhos,1567,73,pc_top,split_007,lolo,XPhos,0,7,55.03,47.40340300729046,30.500216313740175,30.500231564121307
reaction:2361,2361,XPhos,1575,73,pc_top,split_007,lolo,XPhos,0,7,70.65,47.553979877199716,30.500216313740175,30.500231564121307
reaction:2373,2373,XPhos,1583,73,pc_top,split_007,lolo,XPhos,0,7,77.21,47.52105610850078,30.500216313740175,30.500231564121307
reaction:2385,2385,XPhos,1591,73,pc_top,split_007,lolo,XPhos,0,7,60.58,47.48843595557171,30.500216313740175,30.500231564121307
reaction:2397,2397,XPhos,1599,73,pc_top,split_007,lolo,XPhos,0,7,56.14,47.42010583301585,30.500216313740175,30.500231564121307
reaction:2409,2409,XPhos,1607,73,pc_top,split_007,lolo,XPhos,0,7,79.27,47.54076741057622,30.500216313740175,30.500231564121307
reaction:2421,2421,XPhos,1615,73,pc_top,split_007,lolo,XPhos,0,7,46.82,47.420647399575266,30.500216313740175,30.500231564121307
reaction:2433,2433,XPhos,1623,73,pc_top,split_007,lolo,XPhos,0,7,35.27,47.35879745228733,30.500216313740175,30.500231564121307
reaction:2445,2445,XPhos,1631,73,pc_top,split_007,lolo,XPhos,0,7,41.3,47.354376955665856,30.500216313740175,30.500231564121307
reaction:2457,2457,XPhos,1639,73,pc_top,split_007,lolo,XPhos,0,7,58.58,47.44898814588916,30.500216313740175,30.500231564121307
reaction:2469,2469,XPhos,1647,73,pc_top,split_007,lolo,XPhos,0,7,62.77,47.53121111479129,30.500216313740175,30.500231564121307
reaction:2481,2481,XPhos,1655,73,pc_top,split_007,lolo,XPhos,0,7,78.0,47.540199906674154,30.500216313740175,30.500231564121307
reaction:2493,2493,XPhos,1663,73,pc_top,split_007,lolo,XPhos,0,7,62.86,47.488579702348154,30.500216313740175,30.500231564121307
reaction:2505,2505,XPhos,1671,73,pc_top,split_007,lolo,XPhos,0,7,34.74,47.45409840523848,30.500216313740175,30.500231564121307
reaction:2517,2517,XPhos,1679,73,pc_top,split_007,lolo,XPhos,0,7,22.13,47.28567777176212,30.500216313740175,30.500231564121307
reaction:2529,2529,XPhos,1687,73,pc_top,split_007,lolo,XPhos,0,7,21.87,47.369489140539976,30.500216313740175,30.500231564121307
reaction:2541,2541,XPhos,1695,73,pc_top,split_007,lolo,XPhos,0,7,15.46,47.29824389972761,30.500216313740175,30.500231564121307
reaction:2553,2553,XPhos,1703,73,pc_top,split_007,lolo,XPhos,0,7,43.51,47.44538271196558,30.500216313740175,30.500231564121307
reaction:2565,2565,XPhos,1711,73,pc_top,split_007,lolo,XPhos,0,7,15.32,47.315667139797554,30.500216313740175,30.500231564121307
reaction:2577,2577,XPhos,1719,73,pc_top,split_007,lolo,XPhos,0,7,12.06,47.35485163008194,30.500216313740175,30.500231564121307
reaction:2589,2589,XPhos,1727,73,pc_top,split_007,lolo,XPhos,0,7,17.57,47.27304151858115,30.500216313740175,30.500231564121307
reaction:2601,2601,XPhos,1735,73,pc_top,split_007,lolo,XPhos,0,7,52.82,47.40252095121447,30.500216313740175,30.500231564121307
reaction:2613,2613,XPhos,1743,73,pc_top,split_007,lolo,XPhos,0,7,29.62,47.32507699884698,30.500216313740175,30.500231564121307
reaction:2625,2625,XPhos,1751,73,pc_top,split_007,lolo,XPhos,0,7,16.19,47.25045758697098,30.500216313740175,30.500231564121307
reaction:2637,2637,XPhos,1759,73,pc_top,split_007,lolo,XPhos,0,7,43.98,47.38550881693252,30.500216313740175,30.500231564121307
reaction:2649,2649,XPhos,1767,73,pc_top,split_007,lolo,XPhos,0,7,53.64,47.429724751483164,30.500216313740175,30.500231564121307
reaction:2661,2661,XPhos,1775,73,pc_top,split_007,lolo,XPhos,0,7,58.45,47.392221081663514,30.500216313740175,30.500231564121307
reaction:2673,2673,XPhos,1783,73,pc_top,split_007,lolo,XPhos,0,7,17.11,47.27891171628616,30.500216313740175,30.500231564121307
reaction:2685,2685,XPhos,1791,73,pc_top,split_007,lolo,XPhos,0,7,17.77,47.26569876299421,30.500216313740175,30.500231564121307
reaction:2697,2697,XPhos,1799,73,pc_top,split_007,lolo,XPhos,0,7,56.66,47.35666192396978,30.500216313740175,30.500231564121307
reaction:2709,2709,XPhos,1807,73,pc_top,split_007,lolo,XPhos,0,7,76.61,47.506096849024956,30.500216313740175,30.500231564121307
reaction:2721,2721,XPhos,1815,73,pc_top,split_007,lolo,XPhos,0,7,77.78,47.485255053212924,30.500216313740175,30.500231564121307
reaction:2733,2733,XPhos,1823,73,pc_top,split_007,lolo,XPhos,0,7,68.05,47.47388269707208,30.500216313740175,30.500231564121307
reaction:2745,2745,XPhos,1831,73,pc_top,split_007,lolo,XPhos,0,7,81.17,47.49597658678344,30.500216313740175,30.500231564121307
reaction:2757,2757,XPhos,1839,73,pc_top,split_007,lolo,XPhos,0,7,76.56,47.49986063938693,30.500216313740175,30.500231564121307
reaction:2769,2769,XPhos,1847,73,pc_top,split_007,lolo,XPhos,0,7,67.73,47.48548755730784,30.500216313740175,30.500231564121307
reaction:2781,2781,XPhos,1855,73,pc_top,split_007,lolo,XPhos,0,7,66.37,47.453283019663445,30.500216313740175,30.500231564121307
reaction:2793,2793,XPhos,1863,73,pc_top,split_007,lolo,XPhos,0,7,92.16,47.508623303019,30.500216313740175,30.500231564121307
reaction:2805,2805,XPhos,1871,73,pc_top,split_007,lolo,XPhos,0,7,56.5,47.38869469112307,30.500216313740175,30.500231564121307
reaction:2817,2817,XPhos,1879,73,pc_top,split_007,lolo,XPhos,0,7,57.55,47.37340412932637,30.500216313740175,30.500231564121307
reaction:2829,2829,XPhos,1887,73,pc_top,split_007,lolo,XPhos,0,7,68.31,47.403892909400106,30.500216313740175,30.500231564121307
reaction:2841,2841,XPhos,1895,73,pc_top,split_007,lolo,XPhos,0,7,79.94,47.47754767962734,30.500216313740175,30.500231564121307
reaction:2853,2853,XPhos,1903,73,pc_top,split_007,lolo,XPhos,0,7,92.53,47.50512956590593,30.500216313740175,30.500231564121307
reaction:2865,2865,XPhos,1911,73,pc_top,split_007,lolo,XPhos,0,7,91.76,47.50094809851968,30.500216313740175,30.500231564121307
reaction:2877,2877,XPhos,1919,73,pc_top,split_007,lolo,XPhos,0,7,84.83,47.46721337923778,30.500216313740175,30.500231564121307
reaction:2889,2889,XPhos,1927,73,pc_top,split_007,lolo,XPhos,0,7,86.53,47.48679350383453,30.500216313740175,30.500231564121307
reaction:2901,2901,XPhos,1935,73,pc_top,split_007,lolo,XPhos,0,7,52.93,47.37569189565357,30.500216313740175,30.500231564121307
reaction:2913,2913,XPhos,1943,73,pc_top,split_007,lolo,XPhos,0,7,47.98,47.41992185897291,30.500216313740175,30.500231564121307
reaction:2925,2925,XPhos,1951,73,pc_top,split_007,lolo,XPhos,0,7,40.46,47.34987052185718,30.500216313740175,30.500231564121307
reaction:2937,2937,XPhos,1959,73,pc_top,split_007,lolo,XPhos,0,7,10.45,47.235340680354774,30.500216313740175,30.500231564121307
reaction:2949,2949,XPhos,1967,73,pc_top,split_007,lolo,XPhos,0,7,11.13,47.23062984841408,30.500216313740175,30.500231564121307
reaction:2961,2961,XPhos,1975,73,pc_top,split_007,lolo,XPhos,0,7,9.9,47.22371440746465,30.500216313740175,30.500231564121307
reaction:2973,2973,XPhos,1983,73,pc_top,split_007,lolo,XPhos,0,7,8.47,47.24320828507232,30.500216313740175,30.500231564121307
reaction:2985,2985,XPhos,1991,73,pc_top,split_007,lolo,XPhos,0,7,58.97,47.44391767964617,30.500216313740175,30.500231564121307
reaction:2997,2997,XPhos,1999,73,pc_top,split_007,lolo,XPhos,0,7,34.16,47.331205441175484,30.500216313740175,30.500231564121307
reaction:3009,3009,XPhos,2007,73,pc_top,split_007,lolo,XPhos,0,7,16.18,47.2386265989236,30.500216313740175,30.500231564121307
reaction:3021,3021,XPhos,2015,73,pc_top,split_007,lolo,XPhos,0,7,51.75,47.435708146358024,30.500216313740175,30.500231564121307
reaction:3033,3033,XPhos,2023,73,pc_top,split_007,lolo,XPhos,0,7,60.85,47.435724272426896,30.500216313740175,30.500231564121307
reaction:3045,3045,XPhos,2031,73,pc_top,split_007,lolo,XPhos,0,7,65.54,47.43324503028108,30.500216313740175,30.500231564121307
reaction:3057,3057,XPhos,2039,73,pc_top,split_007,lolo,XPhos,0,7,16.23,47.25765756607605,30.500216313740175,30.500231564121307
reaction:3069,3069,XPhos,2047,73,pc_top,split_007,lolo,XPhos,0,7,10.31,47.218531976643895,30.500216313740175,30.500231564121307
reaction:3082,3082,XPhos,2055,73,pc_top,split_007,lolo,XPhos,0,7,10.67,47.21889360696478,30.500216313740175,30.500231564121307
reaction:3094,3094,XPhos,2063,73,pc_top,split_007,lolo,XPhos,0,7,16.83,47.244181109623426,30.500216313740175,30.500231564121307
reaction:3106,3106,XPhos,2071,73,pc_top,split_007,lolo,XPhos,0,7,10.59,47.215616199015685,30.500216313740175,30.500231564121307
reaction:3118,3118,XPhos,2079,73,pc_top,split_007,lolo,XPhos,0,7,12.72,47.218634072506866,30.500216313740175,30.500231564121307
reaction:3130,3130,XPhos,2087,73,pc_top,split_007,lolo,XPhos,0,7,12.75,47.222762266988084,30.500216313740175,30.500231564121307
reaction:3142,3142,XPhos,2095,73,pc_top,split_007,lolo,XPhos,0,7,12.12,47.22022119857237,30.500216313740175,30.500231564121307
reaction:3154,3154,XPhos,2103,73,pc_top,split_007,lolo,XPhos,0,7,12.19,47.2287869401888,30.500216313740175,30.500231564121307
reaction:3166,3166,XPhos,2111,73,pc_top,split_007,lolo,XPhos,0,7,13.52,47.229380997720305,30.500216313740175,30.500231564121307
reaction:3178,3178,XPhos,2119,73,pc_top,split_007,lolo,XPhos,0,7,30.5,47.28018264973991,30.500216313740175,30.500231564121307
reaction:3190,3190,XPhos,2127,73,pc_top,split_007,lolo,XPhos,0,7,30.09,47.27264799032988,30.500216313740175,30.500231564121307
reaction:3202,3202,XPhos,2135,73,pc_top,split_007,lolo,XPhos,0,7,18.41,47.24860804327375,30.500216313740175,30.500231564121307
reaction:3214,3214,XPhos,2143,73,pc_top,split_007,lolo,XPhos,0,7,15.29,47.237650370601536,30.500216313740175,30.500231564121307
reaction:3226,3226,XPhos,2151,73,pc_top,split_007,lolo,XPhos,0,7,19.47,47.24279929164557,30.500216313740175,30.500231564121307
reaction:3238,3238,XPhos,2159,73,pc_top,split_007,lolo,XPhos,0,7,21.02,47.27656646693343,30.500216313740175,30.500231564121307
reaction:3250,3250,XPhos,2167,73,pc_top,split_007,lolo,XPhos,0,7,35.39,47.25478458556713,30.500216313740175,30.500231564121307
reaction:3262,3262,XPhos,2175,73,pc_top,split_007,lolo,XPhos,0,7,32.07,47.28197830389363,30.500216313740175,30.500231564121307
reaction:3274,3274,XPhos,2183,73,pc_top,split_007,lolo,XPhos,0,7,14.92,47.230254733123935,30.500216313740175,30.500231564121307
reaction:3286,3286,XPhos,2191,73,pc_top,split_007,lolo,XPhos,0,7,20.84,47.25342317076864,30.500216313740175,30.500231564121307
reaction:3298,3298,XPhos,2199,73,pc_top,split_007,lolo,XPhos,0,7,23.37,47.22910846934934,30.500216313740175,30.500231564121307
reaction:3310,3310,XPhos,2207,73,pc_top,split_007,lolo,XPhos,0,7,11.72,47.22547113312437,30.500216313740175,30.500231564121307
reaction:3322,3322,XPhos,2215,73,pc_top,split_007,lolo,XPhos,0,7,14.73,47.22889874218688,30.500216313740175,30.500231564121307
reaction:3334,3334,XPhos,2223,73,pc_top,split_007,lolo,XPhos,0,7,16.19,47.231550886244854,30.500216313740175,30.500231564121307
reaction:3346,3346,XPhos,2231,73,pc_top,split_007,lolo,XPhos,0,7,33.09,47.23143841817133,30.500216313740175,30.500231564121307
reaction:3358,3358,XPhos,2239,73,pc_top,split_007,lolo,XPhos,0,7,35.78,47.23090568757701,30.500216313740175,30.500231564121307
reaction:3370,3370,XPhos,2247,73,pc_top,split_007,lolo,XPhos,0,7,27.69,47.28181423046783,30.500216313740175,30.500231564121307
reaction:3382,3382,XPhos,2255,73,pc_top,split_007,lolo,XPhos,0,7,51.17,47.37615500966248,30.500216313740175,30.500231564121307
reaction:3394,3394,XPhos,2263,73,pc_top,split_007,lolo,XPhos,0,7,47.38,47.36888780583711,30.500216313740175,30.500231564121307
reaction:3406,3406,XPhos,2271,73,pc_top,split_007,lolo,XPhos,0,7,43.22,47.39237371669764,30.500216313740175,30.500231564121307
reaction:3418,3418,XPhos,2279,73,pc_top,split_007,lolo,XPhos,0,7,46.27,47.40221107061558,30.500216313740175,30.500231564121307
reaction:3430,3430,XPhos,2287,73,pc_top,split_007,lolo,XPhos,0,7,30.62,47.27432642386058,30.500216313740175,30.500231564121307
reaction:3442,3442,XPhos,2295,73,pc_top,split_007,lolo,XPhos,0,7,48.35,47.2934034895622,30.500216313740175,30.500231564121307
reaction:3454,3454,XPhos,2303,73,pc_top,split_007,lolo,XPhos,0,7,42.62,47.4008789416355,30.500216313740175,30.500231564121307
reaction:3466,3466,XPhos,2311,73,pc_top,split_007,lolo,XPhos,0,7,16.12,47.23953501723649,30.500216313740175,30.500231564121307
reaction:3478,3478,XPhos,2319,73,pc_top,split_007,lolo,XPhos,0,7,20.14,47.25870034969062,30.500216313740175,30.500231564121307
reaction:3490,3490,XPhos,2327,73,pc_top,split_007,lolo,XPhos,0,7,16.92,47.251298872989345,30.500216313740175,30.500231564121307
reaction:3502,3502,XPhos,2335,73,pc_top,split_007,lolo,XPhos,0,7,4.66,47.24641038331802,30.500216313740175,30.500231564121307
reaction:3514,3514,XPhos,2343,73,pc_top,split_007,lolo,XPhos,0,7,14.07,47.24342834905226,30.500216313740175,30.500231564121307
reaction:3526,3526,XPhos,2351,73,pc_top,split_007,lolo,XPhos,0,7,15.8,47.23416984440778,30.500216313740175,30.500231564121307
reaction:3538,3538,XPhos,2359,73,pc_top,split_007,lolo,XPhos,0,7,14.17,47.24158396425252,30.500216313740175,30.500231564121307
reaction:3550,3550,XPhos,2367,73,pc_top,split_007,lolo,XPhos,0,7,15.27,47.23913454041077,30.500216313740175,30.500231564121307
reaction:3562,3562,XPhos,2375,73,pc_top,split_007,lolo,XPhos,0,7,29.92,47.309246991776675,30.500216313740175,30.500231564121307
reaction:3574,3574,XPhos,2383,73,pc_top,split_007,lolo,XPhos,0,7,23.65,47.29194242143463,30.500216313740175,30.500231564121307
reaction:3586,3586,XPhos,2391,73,pc_top,split_007,lolo,XPhos,0,7,23.4,47.28838529197232,30.500216313740175,30.500231564121307
reaction:3598,3598,XPhos,2399,73,pc_top,split_007,lolo,XPhos,0,7,23.11,47.27662727558053,30.500216313740175,30.500231564121307
reaction:3610,3610,XPhos,2407,73,pc_top,split_007,lolo,XPhos,0,7,24.26,47.271212322206566,30.500216313740175,30.500231564121307
reaction:3622,3622,XPhos,2415,73,pc_top,split_007,lolo,XPhos,0,7,29.03,47.30191427566296,30.500216313740175,30.500231564121307
reaction:3634,3634,XPhos,2423,73,pc_top,split_007,lolo,XPhos,0,7,28.83,47.309450935617484,30.500216313740175,30.500231564121307
reaction:3646,3646,XPhos,2431,73,pc_top,split_007,lolo,XPhos,0,7,31.51,47.304104373078616,30.500216313740175,30.500231564121307
reaction:3658,3658,XPhos,2439,73,pc_top,split_007,lolo,XPhos,0,7,22.39,47.24145753254659,30.500216313740175,30.500231564121307
reaction:3670,3670,XPhos,2447,73,pc_top,split_007,lolo,XPhos,0,7,19.78,47.25690855987266,30.500216313740175,30.500231564121307
reaction:3682,3682,XPhos,2455,73,pc_top,split_007,lolo,XPhos,0,7,16.51,47.24029975176338,30.500216313740175,30.500231564121307
reaction:3694,3694,XPhos,2463,73,pc_top,split_007,lolo,XPhos,0,7,5.87,47.215844584855574,30.500216313740175,30.500231564121307
reaction:3706,3706,XPhos,2471,73,pc_top,split_007,lolo,XPhos,0,7,15.15,47.23703046216369,30.500216313740175,30.500231564121307
reaction:3718,3718,XPhos,2479,73,pc_top,split_007,lolo,XPhos,0,7,15.63,47.239410975413016,30.500216313740175,30.500231564121307
reaction:3730,3730,XPhos,2487,73,pc_top,split_007,lolo,XPhos,0,7,15.96,47.23539800047071,30.500216313740175,30.500231564121307
reaction:3742,3742,XPhos,2495,73,pc_top,split_007,lolo,XPhos,0,7,15.82,47.31154038491408,30.500216313740175,30.500231564121307
reaction:3754,3754,XPhos,2503,73,pc_top,split_007,lolo,XPhos,0,7,30.14,47.30039317174285,30.500216313740175,30.500231564121307
reaction:3766,3766,XPhos,2511,73,pc_top,split_007,lolo,XPhos,0,7,61.95,47.437925481553194,30.500216313740175,30.500231564121307
reaction:3778,3778,XPhos,2519,73,pc_top,split_007,lolo,XPhos,0,7,57.92,47.38960519354308,30.500216313740175,30.500231564121307
reaction:3790,3790,XPhos,2527,73,pc_top,split_007,lolo,XPhos,0,7,64.55,47.469514392417075,30.500216313740175,30.500231564121307
reaction:3802,3802,XPhos,2535,73,pc_top,split_007,lolo,XPhos,0,7,61.03,47.452758892247004,30.500216313740175,30.500231564121307
reaction:3814,3814,XPhos,2543,73,pc_top,split_007,lolo,XPhos,0,7,44.35,47.42031923230153,30.500216313740175,30.500231564121307
reaction:3826,3826,XPhos,2551,73,pc_top,split_007,lolo,XPhos,0,7,50.87,47.42385623415686,30.500216313740175,30.500231564121307
reaction:3838,3838,XPhos,2559,73,pc_top,split_007,lolo,XPhos,0,7,67.02,47.46258846851858,30.500216313740175,30.500231564121307
reaction:3850,3850,XPhos,2567,73,pc_top,split_007,lolo,XPhos,0,7,13.88,47.233323870518944,30.500216313740175,30.500231564121307
reaction:3862,3862,XPhos,2575,73,pc_top,split_007,lolo,XPhos,0,7,21.26,47.25323863305251,30.500216313740175,30.500231564121307
reaction:3874,3874,XPhos,2583,73,pc_top,split_007,lolo,XPhos,0,7,12.01,47.23296544315401,30.500216313740175,30.500231564121307
reaction:3886,3886,XPhos,2591,73,pc_top,split_007,lolo,XPhos,0,7,12.89,47.23763221221762,30.500216313740175,30.500231564121307
reaction:3898,3898,XPhos,2599,73,pc_top,split_007,lolo,XPhos,0,7,12.72,47.23668096584816,30.500216313740175,30.500231564121307
reaction:3910,3910,XPhos,2607,73,pc_top,split_007,lolo,XPhos,0,7,12.47,47.231160256887584,30.500216313740175,30.500231564121307
reaction:3922,3922,XPhos,2615,73,pc_top,split_007,lolo,XPhos,0,7,13.04,47.22987018297028,30.500216313740175,30.500231564121307
reaction:3934,3934,XPhos,2623,73,pc_top,split_007,lolo,XPhos,0,7,12.83,47.23205031017479,30.500216313740175,30.500231564121307
reaction:3946,3946,XPhos,2631,73,pc_top,split_007,lolo,XPhos,0,7,16.74,47.23292361998827,30.500216313740175,30.500231564121307
reaction:3958,3958,XPhos,2639,73,pc_top,split_007,lolo,XPhos,0,7,16.07,47.2478798718591,30.500216313740175,30.500231564121307
reaction:3970,3970,XPhos,2647,73,pc_top,split_007,lolo,XPhos,0,7,16.52,47.24289180289969,30.500216313740175,30.500231564121307
reaction:3982,3982,XPhos,2655,73,pc_top,split_007,lolo,XPhos,0,7,20.14,47.24271944217511,30.500216313740175,30.500231564121307
reaction:3994,3994,XPhos,2663,73,pc_top,split_007,lolo,XPhos,0,7,17.41,47.24478622215333,30.500216313740175,30.500231564121307
reaction:4006,4006,XPhos,2671,73,pc_top,split_007,lolo,XPhos,0,7,16.0,47.24604609749848,30.500216313740175,30.500231564121307
reaction:4018,4018,XPhos,2679,73,pc_top,split_007,lolo,XPhos,0,7,18.91,47.24674020250642,30.500216313740175,30.500231564121307
reaction:4030,4030,XPhos,2687,73,pc_top,split_007,lolo,XPhos,0,7,16.23,47.246079776994236,30.500216313740175,30.500231564121307
reaction:4042,4042,XPhos,2695,73,pc_top,split_007,lolo,XPhos,0,7,14.3,47.236609874440994,30.500216313740175,30.500231564121307
reaction:4054,4054,XPhos,2703,73,pc_top,split_007,lolo,XPhos,0,7,17.09,47.250793977695,30.500216313740175,30.500231564121307
reaction:4066,4066,XPhos,2711,73,pc_top,split_007,lolo,XPhos,0,7,14.1,47.23809540511324,30.500216313740175,30.500231564121307
reaction:4078,4078,XPhos,2719,73,pc_top,split_007,lolo,XPhos,0,7,13.5,47.235753947366604,30.500216313740175,30.500231564121307
reaction:4090,4090,XPhos,2727,73,pc_top,split_007,lolo,XPhos,0,7,14.08,47.23196071550716,30.500216313740175,30.500231564121307
reaction:4102,4102,XPhos,2735,73,pc_top,split_007,lolo,XPhos,0,7,14.58,47.23494993560635,30.500216313740175,30.500231564121307
reaction:4114,4114,XPhos,2743,73,pc_top,split_007,lolo,XPhos,0,7,13.69,47.23396767551813,30.500216313740175,30.500231564121307
reaction:4126,4126,XPhos,2751,73,pc_top,split_007,lolo,XPhos,0,7,14.78,47.2359724850776,30.500216313740175,30.500231564121307
reaction:4138,4138,XPhos,2759,73,pc_top,split_007,lolo,XPhos,0,7,29.22,47.25231689600313,30.500216313740175,30.500231564121307
reaction:4150,4150,XPhos,2767,73,pc_top,split_007,lolo,XPhos,0,7,41.29,47.37442308221431,30.500216313740175,30.500231564121307
reaction:4162,4162,XPhos,2775,73,pc_top,split_007,lolo,XPhos,0,7,49.83,47.3887258348453,30.500216313740175,30.500231564121307
reaction:4174,4174,XPhos,2783,73,pc_top,split_007,lolo,XPhos,0,7,58.39,47.4250274362975,30.500216313740175,30.500231564121307
reaction:4186,4186,XPhos,2791,73,pc_top,split_007,lolo,XPhos,0,7,46.03,47.33974777333292,30.500216313740175,30.500231564121307
reaction:4198,4198,XPhos,2799,73,pc_top,split_007,lolo,XPhos,0,7,24.86,47.26118040083325,30.500216313740175,30.500231564121307
reaction:4210,4210,XPhos,2807,73,pc_top,split_007,lolo,XPhos,0,7,33.45,47.309589304568746,30.500216313740175,30.500231564121307
reaction:4222,4222,XPhos,2815,73,pc_top,split_007,lolo,XPhos,0,7,42.55,47.4056418866854,30.500216313740175,30.500231564121307
reaction:4234,4234,XPhos,2823,73,pc_top,split_007,lolo,XPhos,0,7,17.25,47.24565451326595,30.500216313740175,30.500231564121307
reaction:4246,4246,XPhos,2831,73,pc_top,split_007,lolo,XPhos,0,7,16.82,47.25273470396342,30.500216313740175,30.500231564121307
reaction:4258,4258,XPhos,2839,73,pc_top,split_007,lolo,XPhos,0,7,16.16,47.25373612403034,30.500216313740175,30.500231564121307
reaction:4270,4270,XPhos,2847,73,pc_top,split_007,lolo,XPhos,0,7,14.19,47.245565317752984,30.500216313740175,30.500231564121307
reaction:4282,4282,XPhos,2855,73,pc_top,split_007,lolo,XPhos,0,7,17.59,47.24625385589322,30.500216313740175,30.500231564121307
reaction:4294,4294,XPhos,2863,73,pc_top,split_007,lolo,XPhos,0,7,14.31,47.231984369586556,30.500216313740175,30.500231564121307
reaction:4306,4306,XPhos,2871,73,pc_top,split_007,lolo,XPhos,0,7,15.62,47.240998480953614,30.500216313740175,30.500231564121307
reaction:4318,4318,XPhos,2879,73,pc_top,split_007,lolo,XPhos,0,7,16.17,47.24461832261072,30.500216313740175,30.500231564121307
reaction:4330,4330,XPhos,2887,73,pc_top,split_007,lolo,XPhos,0,7,20.28,47.25195829883113,30.500216313740175,30.500231564121307
reaction:4342,4342,XPhos,2895,73,pc_top,split_007,lolo,XPhos,0,7,15.9,47.25145266414233,30.500216313740175,30.500231564121307
reaction:4354,4354,XPhos,2903,73,pc_top,split_007,lolo,XPhos,0,7,17.4,47.24170401107422,30.500216313740175,30.500231564121307
reaction:4366,4366,XPhos,2911,73,pc_top,split_007,lolo,XPhos,0,7,15.94,47.245394630339156,30.500216313740175,30.500231564121307
reaction:4378,4378,XPhos,2919,73,pc_top,split_007,lolo,XPhos,0,7,17.56,47.24497813036589,30.500216313740175,30.500231564121307
reaction:4390,4390,XPhos,2927,73,pc_top,split_007,lolo,XPhos,0,7,18.72,47.24478081425388,30.500216313740175,30.500231564121307
reaction:4402,4402,XPhos,2935,73,pc_top,split_007,lolo,XPhos,0,7,23.55,47.261035326871976,30.500216313740175,30.500231564121307
reaction:4414,4414,XPhos,2943,73,pc_top,split_007,lolo,XPhos,0,7,23.22,47.278558080364775,30.500216313740175,30.500231564121307
reaction:4426,4426,XPhos,2951,73,pc_top,split_007,lolo,XPhos,0,7,19.2,47.24295354118108,30.500216313740175,30.500231564121307
reaction:4438,4438,XPhos,2959,73,pc_top,split_007,lolo,XPhos,0,7,16.94,47.25123049916188,30.500216313740175,30.500231564121307
reaction:4450,4450,XPhos,2967,73,pc_top,split_007,lolo,XPhos,0,7,17.07,47.24227754010229,30.500216313740175,30.500231564121307
reaction:4462,4462,XPhos,2975,73,pc_top,split_007,lolo,XPhos,0,7,16.01,47.24755638779747,30.500216313740175,30.500231564121307
reaction:4474,4474,XPhos,2983,73,pc_top,split_007,lolo,XPhos,0,7,17.21,47.25046314609518,30.500216313740175,30.500231564121307
reaction:4486,4486,XPhos,2991,73,pc_top,split_007,lolo,XPhos,0,7,21.74,47.264397640929666,30.500216313740175,30.500231564121307
reaction:4498,4498,XPhos,2999,73,pc_top,split_007,lolo,XPhos,0,7,20.83,47.266657789818446,30.500216313740175,30.500231564121307
reaction:4510,4510,XPhos,3007,73,pc_top,split_007,lolo,XPhos,0,7,17.96,47.26061589235005,30.500216313740175,30.500231564121307
reaction:4522,4522,XPhos,3015,73,pc_top,split_007,lolo,XPhos,0,7,22.67,47.26517631181015,30.500216313740175,30.500231564121307
reaction:4534,4534,XPhos,3023,73,pc_top,split_007,lolo,XPhos,0,7,48.27,47.390211698047956,30.500216313740175,30.500231564121307
reaction:4546,4546,XPhos,3031,73,pc_top,split_007,lolo,XPhos,0,7,47.01,47.352651387869194,30.500216313740175,30.500231564121307
reaction:4558,4558,XPhos,3039,73,pc_top,split_007,lolo,XPhos,0,7,59.08,47.3555735248012,30.500216313740175,30.500231564121307
reaction:4570,4570,XPhos,3047,73,pc_top,split_007,lolo,XPhos,0,7,38.14,47.32719802251115,30.500216313740175,30.500231564121307
reaction:4582,4582,XPhos,3055,73,pc_top,split_007,lolo,XPhos,0,7,23.15,47.26705580065487,30.500216313740175,30.500231564121307
reaction:4594,4594,XPhos,3063,73,pc_top,split_007,lolo,XPhos,0,7,29.03,47.26160234870523,30.500216313740175,30.500231564121307
reaction:4606,4606,XPhos,3071,73,pc_top,split_007,lolo,XPhos,0,7,43.45,47.38462123052303,30.500216313740175,30.500231564121307
