descriptor,PC1,PC2,PC3,PC4
vmin_vmin_boltz,-0.04067306530540895,0.10981953552077278,-0.041338244207637334,0.13129977274451812
vmin_r_boltz,-0.031976712086411285,0.09478640684095829,-0.029553152030867447,0.10669412842363274
fmo_e_homo_boltz,0.0689854867747084,-0.08071910798533272,0.0076196971082009984,-0.0677526072028799
fmo_e_lumo_boltz,-0.05180416974357119,-0.06535314216846433,0.10796222610018481,-0.040589133625210716
fmo_mu_boltz,0.00013882147907651882,-0.09273117396310165,0.08355680646603869,-0.06735174183492454
fmo_eta_boltz,-0.09159224788164784,-0.003985559825289198,0.09019993183115249,0.009243074098248726
fmo_omega_boltz,0.03340007271515529,0.07971758342476909,-0.10464212603735701,0.05270235635226955
somo_ra_boltz,-0.09090076064035055,-0.04873847810309212,0.10621398937627599,-0.02369418352035521
somo_rc_boltz,0.10888995775494723,-0.007993176998542828,-0.033602188661339474,-0.022860540318713957
nbo_P_boltz,-0.023789768179655724,0.08843548980625084,0.07250861501576504,0.16954037273765818
nbo_P_ra_boltz,0.00625098739239603,0.07919751421555181,0.06043051109774201,0.14845570213893922
spindens_P_ra_boltz,-0.07997395326151292,0.03239070149964025,0.05491117020682147,0.08472242745236704
nbo_P_rc_boltz,-0.03967941089320232,0.04359116666036943,0.08451392722108132,0.1312926447896888
spindens_P_rc_boltz,-0.016882843171063387,-0.08235497959569701,0.0034831934313027057,-0.09183447300832158
nmr_P_boltz,0.03769259409833005,-0.07490241687404418,-0.07291297641616065,-0.18106509860177353
nmrtens_sxx_P_boltz,0.045582917017370626,-0.07867852794285048,-0.06957989608074898,-0.17067392619285954
nmrtens_syy_P_boltz,0.04252155983625588,-0.0804727140442319,-0.07711053042498256,-0.17399109033967997
nmrtens_szz_P_boltz,-0.0009117661699017437,-0.02955412721717326,-0.04538323353495628,-0.1454391565355555
efg_amp_P_boltz,-0.02913014415378865,0.06780952342424264,0.0465201034536323,0.17811324479517582
efgtens_xx_P_boltz,0.025880067565979433,-0.04869608381844968,-0.03955358981059063,-0.1353742018525212
efgtens_yy_P_boltz,-0.008444659153992022,-0.007835134795010308,0.0029590683343308556,-0.006876254994198933
efgtens_zz_P_boltz,-0.027087762632799498,0.07123927753511909,0.049898493412998485,0.18530848514319767
nuesp_P_boltz,-0.04693801713337497,0.11828046474363005,0.02432847485393819,0.18099562487815485
E_solv_cds_boltz,-0.10208524114046334,0.0102381105152637,0.00964027487627073,0.04608673773143288
nbo_lp_P_percent_s_boltz,-0.06021178546055997,0.11463620449547712,0.0840919887918999,0.127368753994288
nbo_lp_P_occ_boltz,-0.05482211304594026,0.07304983476401991,0.10715183388743019,0.04984355550055176
nbo_lp_P_e_boltz,0.06343849504034661,-0.12615088572974753,-0.031063330188663835,-0.13236463393674716
nbo_bd_e_max_boltz,0.03772260595883482,-0.10316806968706771,-0.03639520058059274,-0.1395746021370418
nbo_bd_e_avg_boltz,0.049750438426098186,-0.10770431739635991,-0.052426474663716964,-0.17417706131224353
nbo_bds_e_min_boltz,0.039964987477396595,-0.06244474712372843,-0.01841634275085232,-0.09200445291523929
nbo_bds_e_avg_boltz,0.04316321465474634,-0.06036779590644185,-0.008224821416022066,-0.08269971525743443
nbo_bd_occ_min_boltz,-0.06423903614840935,0.07020246343359551,0.05965415872755469,0.02474503207367637
nbo_bd_occ_avg_boltz,-0.0782746053075768,0.07415667473130479,0.08179932974260894,0.03777422841167511
nbo_bds_occ_max_boltz,-0.030662058432582004,0.04780097296630439,0.06951092268739165,0.17796670874883877
nbo_bds_occ_avg_boltz,-0.028472131548712424,0.048247553103005575,0.06948402961129722,0.19031696761176145
E_solv_total_boltz,-0.11351657028857123,-0.03531479882264967,0.048530938390811545,0.016019765158856707
E_solv_elstat_boltz,-0.09119916274815579,-0.0809349335460637,0.08154855805986726,-0.026780687386592405
E_oxidation_boltz,-0.09151767818512728,0.062298282978335714,0.012744329198671592,0.05159345851489025
E_reduction_boltz,-0.0742754132879019,-0.05762903528363013,0.11040767299684011,-0.03301565483403289
fukui_p_boltz,-0.08499813587637355,0.037697031156821305,0.04314304643612441,0.08143632732146527
fukui_m_boltz,-0.022842933428386246,-0.0832458891750083,0.010676612839013739,-0.0823597951019535
vbur_vtot_boltz,0.12417012269866158,0.01987653899233287,-0.02850190959435062,0.015820121827240245
vbur_ratio_vbur_vtot_boltz,-0.08083924133014737,-0.061989803440843046,0.09390414378287018,0.014265397498291872
Pint_P_int_boltz,0.11793394155337568,-0.007129716048068933,-0.04052378871755054,-0.013413618506013199
Pint_dP_boltz,0.10771902953650381,0.03439431268812519,-0.06626019021669187,0.02327167943328124
Pint_P_min_boltz,0.04255153434462286,-0.07429654937032584,0.028831439610694506,-0.031401618331819654
Pint_P_max_boltz,0.11921216987994072,0.004232173329459209,-0.03385328505697399,0.007481410366558292
volume_boltz,0.12392443108358987,0.011777718101815259,-0.01683137583392451,0.006559894535068108
surface_area_boltz,0.12236202242152361,0.026325494932696644,-0.029285182672015662,0.0016961017305405566
sphericity_boltz,-0.10688892792874895,-0.06174106445530892,0.0524738156226343,0.004270700720938451
dipolemoment_boltz,0.02080823331825198,0.0862422400600295,-0.07814646305036979,0.05759591579848937
dipolemoment_min,0.006633857064292115,0.03837428736014064,-0.10333715639159217,0.04995923409194403
dipolemoment_max,0.026780472905406187,0.11184002013781975,-0.047515698070096125,0.04399701674446785
dipolemoment_delta,0.028004893276820354,0.10833662978825072,0.024257860792410543,0.014464696531864229
dipolemoment_vburminconf,0.019477303544487228,0.0884955163576071,-0.06671580814225168,0.034120708351812495
qpole_amp_boltz,0.048714560741581966,0.11410620059256142,-0.09960629706033777,0.03412735146443105
qpole_amp_min,0.03794193496176342,0.07240345444960856,-0.1232729546137688,0.038876460332183276
qpole_amp_max,0.054441974191346026,0.1292151151554706,-0.06941287275545205,0.023121686404031328
qpole_amp_delta,0.044113006313304934,0.11871186997468364,0.0032171374086400286,0.0006639885417557575
qpole_amp_vburminconf,0.05316697837753314,0.10711514669222881,-0.08540231722606309,0.021668651991792447
qpoletens_xx_boltz,0.049726329755198,0.1144417706719983,-0.09152884516530062,0.04164123646946102
qpoletens_xx_min,0.03686140290557998,0.07016517353818076,-0.11707984942084622,0.04775638466967496
qpoletens_xx_max,0.0547731903400277,0.12828990193635742,-0.0644721750821185,0.03161027948610917
qpoletens_xx_delta,0.04498330282095147,0.11715117039238827,0.0007812635407161182,0.006650872857241799
qpoletens_xx_vburminconf,0.05191874573054306,0.10640569401810743,-0.0797325850960571,0.03811090996137682
qpoletens_yy_boltz,-0.0046376537705816985,-0.0027815058065420255,-0.026691920927491664,-0.03560349834295106
qpoletens_yy_min,-0.03813368721310022,-0.09676674225382016,-0.008171928464064872,-0.026597106738457138
qpoletens_yy_max,0.032411722904444475,0.09481180587832289,-0.013329368306460043,-0.023294972662400243
qpoletens_yy_delta,0.04651075309832541,0.12645687128888852,-0.0036402399396518407,0.00163392746575431
qpoletens_yy_vburminconf,-0.00019582974638614425,-0.009761984984094647,-0.006039884413034061,-0.05955142633924261
qpoletens_zz_boltz,-0.045906594716086484,-0.1091864221019088,0.10028034685861567,-0.02423199663817361
qpoletens_zz_min,-0.05256879780376056,-0.1283685049960001,0.06613410389250267,-0.015464244401919116
qpoletens_zz_max,-0.034523535847283474,-0.06163956840874358,0.12325176001681225,-0.027990773506609532
qpoletens_zz_delta,0.04341800876953145,0.12177655163533013,0.0008597665022213466,0.00037545661371057566
qpoletens_zz_vburminconf,-0.05129027671995108,-0.100223984526573,0.08208227228305508,-0.006591617812267735
pyr_P_boltz,-0.04599728768106023,0.12421338838052592,0.00574571469977323,-0.05362870934543007
pyr_P_min,-0.06819163266638306,0.09923908502372376,-0.05634890160682369,0.00030979675154490794
pyr_P_max,-0.04571830053537028,0.12988804160960385,0.038083750487685294,-0.048600555329635586
pyr_P_delta,0.04608374879605045,0.007237355557998176,0.12705280657499185,-0.05745240671041554
pyr_P_vburminconf,-0.06316755166182389,0.10274498090009375,-0.033132977623204794,-0.012089470838894797
pyr_alpha_boltz,0.05058747793086191,-0.12039903148475262,-0.011583986168124746,0.037682502767853794
pyr_alpha_min,0.04924385575605559,-0.12855323598908766,-0.04696239133613351,0.02945090177475565
pyr_alpha_max,0.07082693722052086,-0.09311108487919635,0.05182904737906109,-0.007829732125434823
pyr_alpha_delta,0.03650473288539566,0.03433805312575417,0.1337873981744007,-0.04905276874269685
pyr_alpha_vburminconf,0.06529227848483854,-0.09491911523189989,0.028441255385604637,0.005476423833776561
vbur_vbur_boltz,0.09685134071648191,-0.07034427758206833,0.08793380639385573,0.05145794425054414
vbur_vbur_min,0.07816016890763393,-0.1210754933677836,0.015677679362168857,0.13235062417237412
vbur_vbur_max,0.09399546598445843,-0.02904324043442,0.13620416768238405,0.016875841189125235
vbur_vbur_delta,0.06923816271798962,0.03613405159918898,0.15824611746716227,-0.0577938392462368
vbur_vbur_vburminconf,0.07816016890763393,-0.12107549336778362,0.015677679362168847,0.13235062417237412
vbur_qvbur_min_boltz,0.0751768157484492,-0.09401970581543326,0.04210699274900066,0.05973847835962442
vbur_qvbur_min_min,0.0548545472160392,-0.1291410895960609,-0.03983942879482651,0.09035998449790697
vbur_qvbur_min_max,0.07229347987598216,-0.038440990787960726,0.11962474145808934,0.019630038066717925
vbur_qvbur_min_delta,0.05187685205735732,0.017579165737323474,0.1448446733273028,-0.020005982444947557
vbur_qvbur_min_vburminconf,0.06625407449855093,-0.12577535546985763,-0.013348256278707964,0.07135887379758334
vbur_qvbur_max_boltz,0.08936319961025217,-0.051350542684265,0.09211353175581402,0.03457102011680008
vbur_qvbur_max_min,0.0664274905934009,-0.10078901914182413,0.021455183083179154,0.15157095510406288
vbur_qvbur_max_max,0.08980899033019499,-0.01429685245505005,0.13068444492883605,0.005737340414633863
vbur_qvbur_max_delta,0.06449845708114456,0.043666669655296995,0.13881574206224967,-0.08395868653425845
vbur_qvbur_max_vburminconf,0.06791376114007457,-0.09911264632987928,0.024809678710673227,0.14910707153566694
vbur_qvtot_min_boltz,0.09170057656279361,-0.03892831829099055,-0.05085825935374076,0.030929357875355144
vbur_qvtot_min_min,0.07403502010064378,-0.07078789064466869,-0.0962012530525844,0.03909083603392989
vbur_qvtot_min_max,0.10655080444138364,0.002301417339592616,-0.007073258242826207,0.009243543378183292
vbur_qvtot_min_delta,0.06479678874917198,0.09165226165739317,0.10951532382072517,-0.03510959780683475
vbur_qvtot_min_vburminconf,0.09459733400466189,-0.027167566449458544,-0.044575281742908486,0.024570001939552822
vbur_qvtot_max_boltz,0.11598703094633121,0.03519385471087559,-0.009575292851318952,-0.001607969664522739
vbur_qvtot_max_min,0.11405689763751085,0.0219083993873229,-0.03849242607574439,0.02076073685136551
vbur_qvtot_max_max,0.11629147095093802,0.05074339734537077,0.01026471195649604,-0.011052088297037726
vbur_qvtot_max_delta,0.0745644592580822,0.08483336128634188,0.09773598289912963,-0.06640535719535703
vbur_qvtot_max_vburminconf,0.11551612243875821,0.03327072046921671,-0.01576821994534081,0.008766409042583617
vbur_max_delta_qvbur_boltz,0.07380755777750272,-0.026979106692608536,0.09170395271054856,0.023268137863414792
vbur_max_delta_qvbur_min,0.0431313296543097,-0.06758640056195747,0.012476640212091387,0.1402707698221514
vbur_max_delta_qvbur_max,0.07839499550948822,0.008937176368809755,0.13773027516392958,-0.006746820564389388
vbur_max_delta_qvbur_delta,0.06330372892289154,0.044111317035549574,0.14342791191450516,-0.0787160173074233
vbur_max_delta_qvbur_vburminconf,0.05268177685324768,-0.06403730124570256,0.04087212827908235,0.1448123257951794
vbur_max_delta_qvtot_boltz,0.08688343299494204,0.059587124675209956,0.00272523435250398,-0.014003153733704967
vbur_max_delta_qvtot_min,0.07344764201250084,0.028745390864000114,-0.046846254185426435,0.014209918021412964
vbur_max_delta_qvtot_max,0.09611737974223786,0.0777430205790923,0.036098771948925336,-0.02659665946815814
vbur_max_delta_qvtot_delta,0.07415515293297131,0.0912162237610025,0.10367824543775762,-0.055701215940427984
vbur_max_delta_qvtot_vburminconf,0.08936988545320614,0.05109079309762862,-0.0022494475350818997,-0.00130216992386339
vbur_ovbur_min_boltz,0.03976174224856547,-0.03769885562596603,0.048148056162434616,0.067810599673455
vbur_ovbur_min_min,0.01803871543641133,-0.051313047553545314,0.002829155046504404,0.08194525522608082
vbur_ovbur_min_max,0.04704197765966448,-0.008019154957806909,0.0970292016701752,0.013530495225295012
vbur_ovbur_min_delta,0.04461239148964529,0.004355943178984367,0.10054207986752084,-0.006200677285919862
vbur_ovbur_min_vburminconf,0.018124912221317575,-0.05102210916872376,0.003010096272873406,0.08309202856802814
vbur_ovbur_max_boltz,0.0882367877749373,-0.050762232177195145,0.09058170809537433,0.0576949971097553
vbur_ovbur_max_min,0.07829958683307017,-0.09747344813962165,0.02976259013877045,0.11997548273209199
vbur_ovbur_max_max,0.0795463224508549,-0.00927415157571123,0.12553763184201502,0.02856141249136497
vbur_ovbur_max_delta,0.014936818080540048,0.08938950545606901,0.12033892292662061,-0.08939582763738005
vbur_ovbur_max_vburminconf,0.07966693016572328,-0.09354481939373978,0.034858948807585555,0.11400187161462268
vbur_ovtot_min_boltz,0.0407725477764179,-0.02334510649153209,0.05516327618274303,0.05041852854051361
vbur_ovtot_min_min,0.018084062656029437,-0.05017873197571392,0.002338863509494955,0.08241543887268934
vbur_ovtot_min_max,0.047016595322868907,0.006478924815096027,0.09451217444960364,0.008087069638577722
vbur_ovtot_min_delta,0.04482355825343228,0.015814885658586093,0.09632785315250704,-0.0068020648773451774
vbur_ovtot_min_vburminconf,0.01836341528587673,-0.05098601808621638,0.0030562026247631124,0.08445369770904358
vbur_ovtot_max_boltz,0.10658472120051536,0.052159381502812824,-0.04229827703086503,-0.0050615216489790435
vbur_ovtot_max_min,0.10435867542024319,0.032135280836886194,-0.06859998285074596,0.00856506753422759
vbur_ovtot_max_max,0.11319892164844268,0.06477970908546728,-0.0017421100022561396,-0.01987480445560533
vbur_ovtot_max_delta,0.0717788702629304,0.08306879166440188,0.10087761200800077,-0.05353270824224792
vbur_ovtot_max_vburminconf,0.11487465111811038,0.04595124005772786,-0.017000816656732656,-0.013384344133590933
vbur_near_vbur_boltz,0.09410125384036507,-0.08127998524095803,0.07241569965908833,0.06004599046255434
vbur_near_vbur_min,0.08492502014094386,-0.1199503148392897,0.014654827389793542,0.09244391247119665
vbur_near_vbur_max,0.08772919387424796,-0.03853913143682721,0.1269814325680385,0.029766948621597022
vbur_near_vbur_delta,0.03811070344971054,0.06528126713990745,0.16261807761483665,-0.05022002684355435
vbur_near_vbur_vburminconf,0.08509521280774106,-0.11957318168422956,0.01540794148847765,0.09306499787452152
vbur_far_vbur_boltz,0.08496235487539971,-0.049962130283289864,0.08896655252391075,0.03601364135599266
vbur_far_vbur_min,0.04223550169327733,-0.08635512173959133,0.010749089349907006,0.1554262304398789
vbur_far_vbur_max,0.08742236300590632,-0.016534473795659373,0.12842467953522185,0.0016589987298784709
vbur_far_vbur_delta,0.07913222554620428,0.012564156846068384,0.13426668595777053,-0.0528187179004753
vbur_far_vbur_vburminconf,0.0429582967884415,-0.0865060875529808,0.011323993562240193,0.155924062971349
vbur_near_vtot_boltz,0.11506071235510834,0.028664617205673308,-0.055190966112143004,0.0113033756135379
vbur_near_vtot_min,0.11083740220106812,0.018227487082339865,-0.07311840687173785,0.02137465156223502
vbur_near_vtot_max,0.12250452549689954,0.02855114057645743,-0.030299868352711225,-0.0007543345155251065
vbur_near_vtot_delta,0.08481639199061834,0.04242062063293103,0.11517095247694718,-0.06622867064802956
vbur_near_vtot_vburminconf,0.12256194750684286,0.027643052163886687,-0.030730548031453236,-0.0004079262939965425
vbur_far_vtot_boltz,0.08941888727006182,-0.022507635986584448,0.08091580412453393,0.022627550318738556
vbur_far_vtot_min,0.045409745452284815,-0.06442626315011955,0.005508080714775333,0.1371916338486656
vbur_far_vtot_max,0.0953930097226616,0.01352952451190019,0.10660219917461285,-0.007512774495356419
vbur_far_vtot_delta,0.08546204564292627,0.040868380712625156,0.11385508751218223,-0.0638337216818765
vbur_far_vtot_vburminconf,0.04976608020873495,-0.05657653567863526,0.004381567486746293,0.12878891135533524
sterimol_B1_boltz,0.09670767643758144,-0.025856864513991613,-0.05784635617796631,0.0007211750045217016
sterimol_B1_min,0.07917305530823253,-0.06524119464845161,-0.10548017122234232,0.013543022272769205
sterimol_B1_max,0.10074636742046505,0.02048618271977278,-0.015016074204779592,-0.010427905652605913
sterimol_B1_delta,0.040771363076115785,0.10295921605776219,0.10295248858794959,-0.029519914608607607
sterimol_B1_vburminconf,0.09573785294056539,-0.02750714232499672,-0.056035442957985585,0.0008876707664997315
sterimol_B5_boltz,0.09947737330187308,0.06621468488082415,-0.055515560753246505,-0.019182930469172497
sterimol_B5_min,0.09757771820956787,0.03956057624420169,-0.09200346229646793,0.008845573731966485
sterimol_B5_max,0.10263565279854889,0.0774704923440726,-0.026994130387360104,-0.03699589916765502
sterimol_B5_delta,0.035679180804995804,0.07179922946322993,0.07792472649747395,-0.07079275914836683
sterimol_B5_vburminconf,0.10632579662567791,0.05370864344640338,-0.05015773265103028,-0.010773491298181984
sterimol_L_boltz,0.06966455866683284,0.07447238103609281,-0.05681688656073065,0.005974249105231374
sterimol_L_min,0.0616078495106953,-0.00837304075541111,-0.1014720038754968,0.03011751484923961
sterimol_L_max,0.09139388563465907,0.0939013747366104,0.026238576655170345,-0.05489820191726222
sterimol_L_delta,0.050868903374314885,0.10269570005923191,0.09845006266979889,-0.07778728603846476
sterimol_L_vburminconf,0.0858291101703359,0.08606521277418706,0.008829894447798541,-0.036571029382900334
sterimol_burB1_boltz,0.097604748486889,-0.054546894603152284,-0.03196025403702298,0.007564813160420559
sterimol_burB1_min,0.07700744776701549,-0.08868245546536822,-0.09079973766670361,0.019289273608931963
sterimol_burB1_max,0.10293321676279092,-0.005542373071703229,0.02355142188242221,-0.002796856862952319
sterimol_burB1_delta,0.03803545831068186,0.0896234783771803,0.12627323840023438,-0.024219933993912653
sterimol_burB1_vburminconf,0.09519024938960927,-0.05547275406584751,-0.030627526419504034,0.011599615067133997
sterimol_burB5_boltz,0.10383747272689285,0.03360971576216424,-0.004721482603817826,-0.0025658518360289033
sterimol_burB5_min,0.10078568697097373,0.004639409824999836,-0.053765147340585774,0.029060667965235244
sterimol_burB5_max,0.10469604613679664,0.054331704902804694,0.028098018603835585,-0.02201832210205366
sterimol_burB5_delta,0.028674846469661824,0.0723615732621532,0.1051557184463369,-0.06663919568039296
sterimol_burB5_vburminconf,0.10442309963758921,0.015989607282386246,-0.01534679601176742,0.01885605815379084
sterimol_burL_boltz,0.05651370522839852,0.00837615319641469,-0.009690875927149354,0.002202684846338536
sterimol_burL_min,0.047784841928192545,-0.055095426494297606,-0.08973718693347134,0.008986934314706554
sterimol_burL_max,0.06870693906472398,0.03752314494980835,0.08935139449227045,-0.05711687377465822
sterimol_burL_delta,0.013173445911694285,0.07337898351024234,0.14093780420143187,-0.05065839631218363
sterimol_burL_vburminconf,0.06618939358821571,0.024242048197330137,0.04928972686544078,-0.04607488873956327
