row_id,catalyst,fold,reference_group,y_true,y_pred,y_std
reaction:1,tBuXphos G3,4,,38.72201600562694,11.721691131591797,26.641061782836914
reaction:2,Aphos G3,0,,0.0,3.7773094177246094,22.09710693359375
reaction:3,Xphos G3,0,,100.0,68.20492553710938,21.139863967895508
reaction:4,tBuXphos G3,4,,78.95609922558542,62.015037536621094,22.513832092285156
reaction:5,Aphos G3,2,,0.0,5.3985748291015625,21.15211296081543
reaction:6,Xphos G3,4,,100.0,89.0338134765625,21.38507652282715
reaction:7,Aphos G3,3,,0.0,7.033245086669922,26.267541885375977
reaction:8,tBu3P G2,0,,0.0,4.967288970947266,22.11873435974121
reaction:9,RuPhos G3,4,,85.81699604861305,75.5125961303711,21.790050506591797
reaction:10,Aphos G3,2,,0.0,9.665916442871094,22.830074310302734
reaction:11,tBu3P G2,2,,0.0,7.28948974609375,21.13047218322754
reaction:12,RuPhos G3,0,,94.40427105286628,84.09709167480469,22.262422561645508
reaction:13,tBuXphos G3,3,,0.0,-1.9048957824707031,24.885149002075195
reaction:14,Aphos G3,0,,0.0,-1.5595512390136719,22.054954528808594
reaction:15,Xphos G3,4,,0.0,27.341615676879883,22.46547508239746
reaction:16,tBuXphos G3,4,,0.0,52.80305480957031,22.914018630981445
reaction:17,Aphos G3,1,,0.0,-1.4945182800292969,21.935985565185547
reaction:18,Aphos G3,2,,0.0,-0.190399169921875,26.425668716430664
reaction:19,tBu3P G2,2,,0.0,-3.1715164184570312,22.147602081298828
reaction:20,RuPhos G3,3,,0.0,30.290538787841797,21.780338287353516
reaction:21,Aphos G3,1,,0.0,-4.169971466064453,23.81098175048828
reaction:22,tBu3P G2,4,,0.0,-0.006439208984375,20.86307716369629
reaction:23,RuPhos G3,0,,75.35033235846507,28.36587905883789,23.116273880004883
reaction:24,Aphos G3,2,,0.0,-2.2766380310058594,23.403715133666992
reaction:25,Xphos G3,4,,0.0,19.692771911621094,22.55997085571289
reaction:26,tBuXphos G3,0,,0.0,55.842132568359375,23.445953369140625
reaction:27,Aphos G3,3,,0.0,-9.02987289428711,22.351715087890625
reaction:28,Aphos G3,3,,0.0,-8.171489715576172,27.102514266967773
reaction:29,tBu3P G2,1,,0.0,-3.9089736938476562,21.91942596435547
reaction:30,RuPhos G3,3,,0.0,21.57234001159668,22.899131774902344
reaction:31,Aphos G3,3,,0.0,-8.824012756347656,23.87091827392578
reaction:32,tBu3P G2,3,,0.0,-9.125053405761719,22.363933563232422
reaction:33,tBuXphos G3,2,,0.0,26.771509170532227,26.613262176513672
reaction:34,Aphos G3,2,,0.0,-2.1600265502929688,22.446168899536133
reaction:35,Xphos G3,1,,0.0,14.681665420532227,24.587543487548828
reaction:36,tBuXphos G3,3,,82.74174342628626,36.44010543823242,26.0889949798584
reaction:37,Aphos G3,0,,0.0,-2.787586212158203,20.209882736206055
reaction:38,Xphos G3,1,,0.0,24.051212310791016,24.082439422607422
reaction:39,Aphos G3,4,,0.0,-9.72314453125,24.033971786499023
reaction:40,tBu3P G2,4,,0.0,-1.259124755859375,22.075313568115234
reaction:41,RuPhos G3,1,,0.0,14.93515396118164,24.599746704101562
reaction:42,Aphos G3,2,,0.0,1.4969673156738281,23.92584800720215
reaction:43,tBu3P G2,3,,0.0,-2.5141677856445312,23.489757537841797
reaction:44,RuPhos G3,3,,0.0,17.528419494628906,23.852964401245117
reaction:45,Aphos G3,4,,0.0,0.39804840087890625,21.39842987060547
reaction:46,tBuXphos G3,1,,100.0,48.777862548828125,22.972707748413086
reaction:47,Aphos G3,1,,0.0,2.94232177734375,21.28474235534668
reaction:48,Aphos G3,0,,0.0,0.6166152954101562,23.21892547607422
reaction:49,tBu3P G2,3,,0.0,3.5744552612304688,21.92496681213379
reaction:50,tBu3P G2,0,,0.0,3.155101776123047,19.749248504638672
reaction:51,RuPhos G3,0,,93.19677907483072,56.013954162597656,22.253278732299805
reaction:52,tBuXphos G3,4,,0.0,-4.576610565185547,28.79583168029785
reaction:53,Aphos G3,0,,0.0,3.38568115234375,22.961713790893555
reaction:54,Xphos G3,1,,82.16479632265536,57.67931365966797,25.091293334960938
reaction:55,tBuXphos G3,3,,0.0,40.977264404296875,27.498456954956055
reaction:56,Aphos G3,4,,0.0,-0.9189872741699219,25.25950813293457
reaction:57,Xphos G3,1,,75.29232022138747,64.3653335571289,25.073348999023438
reaction:58,Aphos G3,0,,0.0,7.621799468994141,26.614532470703125
reaction:59,tBu3P G2,3,,0.0,3.3140220642089844,25.526874542236328
reaction:60,RuPhos G3,3,,70.02041880830681,68.2234878540039,25.541370391845703
reaction:61,Aphos G3,4,,0.0,1.1767692565917969,26.706235885620117
reaction:62,tBu3P G2,2,,0.0,-0.16778182983398438,21.72701644897461
reaction:63,RuPhos G3,1,,62.17740821506301,65.44755554199219,25.181106567382812
reaction:64,tBuXphos G3,3,,0.0,34.750244140625,28.909509658813477
reaction:65,Aphos G3,0,,0.0,-1.1772499084472656,27.827917098999023
reaction:66,tBuXphos G3,0,,91.84283129570052,42.237937927246094,28.225244522094727
reaction:67,Aphos G3,0,,0.0,2.889423370361328,27.201168060302734
reaction:68,Xphos G3,2,,93.14614549847904,9.292497634887695,24.945899963378906
reaction:69,Aphos G3,3,,0.0,4.128421783447266,29.314130783081055
reaction:70,tBu3P G2,0,,0.0,-0.9805984497070312,27.83759307861328
reaction:71,RuPhos G3,1,,0.0,32.053409576416016,25.600418090820312
reaction:72,Aphos G3,4,,0.0,7.872783660888672,25.038238525390625
reaction:73,tBu3P G2,2,,0.0,0.9604835510253906,23.481698989868164
reaction:74,RuPhos G3,0,,0.0,66.76988983154297,27.212024688720703
reaction:75,tBuXphos G3,4,,0.0,30.331050872802734,28.454021453857422
reaction:76,Aphos G3,3,,0.0,2.707378387451172,23.857208251953125
reaction:77,Xphos G3,4,,88.33522023381062,62.668949127197266,25.395423889160156
reaction:78,tBuXphos G3,0,,83.74641297030102,48.71237564086914,25.198925018310547
reaction:79,Aphos G3,1,,0.0,5.077823638916016,23.731555938720703
reaction:80,Xphos G3,3,,84.44389921158727,77.77589416503906,23.94826316833496
reaction:81,Aphos G3,0,,0.0,5.07672119140625,25.61290740966797
reaction:82,tBu3P G2,2,,0.0,2.0622711181640625,22.131925582885742
reaction:83,RuPhos G3,2,,64.29350377198527,77.70037841796875,22.467988967895508
reaction:84,Aphos G3,4,,0.0,8.480607986450195,25.71637535095215
reaction:85,tBu3P G2,1,,0.0,6.574817657470703,23.69856834411621
reaction:86,RuPhos G3,4,,78.55922466808875,79.22584533691406,25.453004837036133
reaction:87,Xphos G3,1,,100.0,61.924346923828125,26.485515594482422
reaction:88,tBuXphos G3,1,,100.0,47.10777282714844,27.32882308959961
reaction:89,Aphos G3,0,,0.0,2.412761688232422,23.606304168701172
reaction:90,Xphos G3,4,,100.0,95.8148422241211,23.53713035583496
reaction:91,Aphos G3,2,,0.0,3.0416603088378906,27.17495346069336
reaction:92,tBu3P G2,1,,0.0,4.672519683837891,26.282012939453125
reaction:93,RuPhos G3,1,,100.0,62.72095489501953,26.488109588623047
reaction:94,Aphos G3,3,,0.0,14.461465835571289,26.645858764648438
reaction:95,tBu3P G2,1,,0.0,6.063549041748047,25.586135864257812
reaction:96,RuPhos G3,1,,100.0,85.53581237792969,26.050731658935547
reaction:97,tBuXphos G3,4,,0.0,12.150690078735352,28.65095329284668
reaction:98,Aphos G3,0,,0.0,1.1511688232421875,23.551380157470703
reaction:99,tBuXphos G3,3,,41.726005643708646,37.63713836669922,26.317129135131836
reaction:100,Aphos G3,2,,0.0,-0.9279632568359375,23.200708389282227
reaction:101,Aphos G3,1,,0.0,4.312763214111328,25.80670738220215
reaction:102,tBu3P G2,4,,0.0,1.0148353576660156,24.2554931640625
reaction:103,Aphos G3,4,,0.0,0.8005142211914062,25.59671974182129
reaction:104,tBu3P G2,4,,0.0,0.7063407897949219,23.848098754882812
reaction:105,RuPhos G3,0,,37.5857141980799,44.386634826660156,26.557537078857422
reaction:106,tBu3P G2,0,,0.0,2.8422584533691406,25.63109016418457
reaction:107,Aphos G3,2,,0.0,3.2772674560546875,27.286022186279297
reaction:108,tBuXphos G3,0,,0.0,6.9885406494140625,29.735074996948242
reaction:109,Aphos G3,1,,0.0,1.4307441711425781,25.00979995727539
reaction:110,tBu3P G2,2,,0.0,-0.5610618591308594,24.00156593322754
reaction:111,Aphos G3,1,,0.0,3.8171768188476562,26.799400329589844
reaction:112,tBu3P G2,3,,0.0,3.2776832580566406,26.061717987060547
reaction:113,tBuXphos G3,3,,0.0,8.350643157958984,31.096593856811523
reaction:114,Aphos G3,3,,0.0,3.5974502563476562,25.64861297607422
reaction:115,Xphos G3,3,,0.0,2.4508934020996094,26.36406135559082
reaction:116,tBuXphos G3,1,,0.0,8.215642929077148,29.699413299560547
reaction:117,Aphos G3,2,,0.0,0.7586860656738281,23.019683837890625
reaction:118,Xphos G3,1,,0.0,1.1152992248535156,27.278764724731445
reaction:119,Aphos G3,0,,0.0,4.391483306884766,27.801342010498047
reaction:120,tBu3P G2,3,,0.0,2.8001670837402344,25.579845428466797
reaction:121,RuPhos G3,2,,0.0,2.4598617553710938,27.409875869750977
reaction:122,Aphos G3,1,,0.0,1.8827934265136719,26.125303268432617
reaction:123,tBu3P G2,1,,0.0,0.37931060791015625,25.045425415039062
reaction:124,RuPhos G3,2,,0.0,1.798065185546875,26.661088943481445
reaction:125,tBuXphos G3,4,,0.0,11.74544906616211,31.14640998840332
reaction:126,Aphos G3,0,,0.0,2.0551223754882812,23.07428741455078
reaction:127,Xphos G3,3,,0.0,1.9261283874511719,27.51680564880371
reaction:128,tBuXphos G3,3,,0.0,0.6938629150390625,30.08608055114746
reaction:129,Aphos G3,3,,0.0,1.2767105102539062,23.532712936401367
reaction:130,Xphos G3,0,,0.0,4.872550964355469,28.086503982543945
reaction:131,Aphos G3,3,,0.0,11.956794738769531,29.77741813659668
reaction:132,tBu3P G2,2,,0.0,-0.3884849548339844,23.3455867767334
reaction:133,RuPhos G3,4,,0.0,1.9725189208984375,27.559873580932617
reaction:134,Aphos G3,3,,0.0,0.6383934020996094,25.260494232177734
reaction:135,tBu3P G2,1,,0.0,-0.6937751770019531,22.762697219848633
reaction:136,RuPhos G3,0,,0.0,5.541259765625,28.234033584594727
reaction:137,tBuXphos G3,1,,100.0,76.12715911865234,23.71564292907715
reaction:138,Aphos G3,2,,100.0,93.30490112304688,19.233793258666992
reaction:139,Xphos G3,3,,47.245549640586646,89.43766021728516,20.2960262298584
reaction:140,tBuXphos G3,0,,54.0615344587197,78.05895233154297,22.53154754638672
reaction:141,Aphos G3,0,,76.40793249533958,97.17578125,18.83164405822754
reaction:142,Xphos G3,2,,100.0,78.11695861816406,18.9649658203125
reaction:143,Aphos G3,1,,84.35854347689065,65.04461669921875,23.1066951751709
reaction:144,tBu3P G2,3,,97.76559164708468,94.79766845703125,19.614112854003906
reaction:145,RuPhos G3,3,,57.295810179189424,88.30474853515625,20.336772918701172
reaction:146,Aphos G3,1,,96.09371367312576,87.97889709472656,20.823944091796875
reaction:147,tBu3P G2,2,,93.37365649382448,87.15491485595703,18.503307342529297
reaction:148,RuPhos G3,4,,95.58563077917808,80.50160217285156,19.724510192871094
reaction:149,tBuXphos G3,2,,53.84532127436603,58.9219856262207,26.990880966186523
reaction:150,Aphos G3,3,,100.0,95.43941497802734,20.058332443237305
reaction:151,Xphos G3,3,,100.0,91.7991943359375,20.73929214477539
reaction:152,tBuXphos G3,3,,25.32622276828773,54.02851104736328,23.473264694213867
reaction:153,Aphos G3,0,,98.95067001145873,95.17184448242188,20.104450225830078
reaction:154,Xphos G3,3,,96.11901085481364,94.9342041015625,20.149080276489258
reaction:155,Aphos G3,3,,100.0,52.108150482177734,23.786090850830078
reaction:156,tBu3P G2,2,,98.51680455044044,97.15814208984375,21.212400436401367
reaction:157,RuPhos G3,1,,92.6258141259348,91.06354522705078,19.57267951965332
reaction:158,Aphos G3,2,,89.56953551380074,95.69578552246094,22.362699508666992
reaction:159,tBu3P G2,0,,95.625637014219,93.51898193359375,20.082658767700195
reaction:160,RuPhos G3,0,,96.19566039359236,95.77735137939453,19.906660079956055
reaction:161,tBuXphos G3,4,,90.757103830707,64.98491668701172,23.107898712158203
reaction:162,Aphos G3,3,,100.0,93.27593994140625,21.06017303466797
reaction:163,Xphos G3,0,,96.12036628441246,75.98009490966797,20.512224197387695
reaction:164,tBuXphos G3,0,,67.25365931339002,76.46060943603516,22.612768173217773
reaction:165,Aphos G3,0,,100.0,96.34812927246094,19.163829803466797
reaction:166,Xphos G3,1,,84.37391585986751,90.96268463134766,19.783790588378906
reaction:167,Aphos G3,3,,33.22338664821709,41.77586364746094,24.005596160888672
reaction:168,tBu3P G2,3,,98.76876086937855,92.46571350097656,21.031347274780273
reaction:169,RuPhos G3,0,,90.66343666289414,75.0787353515625,20.541406631469727
reaction:170,Aphos G3,0,,100.0,92.88870239257812,20.23949432373047
reaction:171,tBu3P G2,3,,96.67567186437276,95.20219421386719,19.745264053344727
reaction:172,RuPhos G3,3,,82.8685945793302,88.21470642089844,19.977067947387695
reaction:173,tBuXphos G3,1,,79.06281081666732,68.64976501464844,25.04624366760254
reaction:174,Aphos G3,2,,100.0,99.03707122802734,21.164331436157227
reaction:175,Xphos G3,0,,96.67226674661774,87.72030639648438,20.154342651367188
reaction:176,tBuXphos G3,3,,100.0,69.83672332763672,25.193613052368164
reaction:177,Aphos G3,1,,100.0,102.67201232910156,20.635225296020508
reaction:178,Xphos G3,4,,97.62953003070432,96.89220428466797,20.42184066772461
reaction:179,Aphos G3,2,,5.237368223952925,47.38600158691406,25.172374725341797
reaction:180,tBu3P G2,3,,100.0,96.4749755859375,21.687681198120117
reaction:181,RuPhos G3,3,,100.0,92.26130676269531,21.673521041870117
reaction:182,Aphos G3,3,,100.0,96.31341552734375,22.324073791503906
reaction:183,tBu3P G2,1,,100.0,102.11705017089844,20.601276397705078
reaction:184,RuPhos G3,3,,96.4012781797078,93.68424987792969,21.277589797973633
reaction:185,tBuXphos G3,2,,100.0,74.40664672851562,25.260112762451172
reaction:186,Aphos G3,3,,100.0,99.69188690185547,19.875316619873047
reaction:187,Xphos G3,0,,100.0,73.23358917236328,20.44582748413086
reaction:188,tBuXphos G3,1,,100.0,84.84941101074219,22.860204696655273
reaction:189,Aphos G3,4,,100.0,101.34077453613281,18.697559356689453
reaction:190,Xphos G3,0,,94.84256685338524,91.44284057617188,19.120023727416992
reaction:191,Aphos G3,1,,20.4004327457442,57.155609130859375,22.73617172241211
reaction:192,tBu3P G2,1,,100.0,99.87704467773438,19.53850555419922
reaction:193,RuPhos G3,0,,100.0,72.23878479003906,20.466196060180664
reaction:194,Aphos G3,1,,100.0,105.89656829833984,21.247901916503906
reaction:195,tBu3P G2,1,,100.0,105.5703125,19.189760208129883
reaction:196,RuPhos G3,1,,96.94143413051188,96.88888549804688,19.37606430053711
reaction:197,tBuXphos G3,2,,76.28370256847882,44.74445343017578,27.795120239257812
reaction:198,Aphos G3,2,,95.46495583025836,44.34855651855469,21.432292938232422
reaction:199,Xphos G3,0,,48.06036228935604,29.941558837890625,22.117708206176758
reaction:200,tBuXphos G3,4,,33.84537647947243,40.84015655517578,25.785051345825195
reaction:201,Aphos G3,0,,59.511761646401695,53.18818283081055,23.170690536499023
reaction:202,Xphos G3,4,,28.411272005797034,32.18443298339844,21.355070114135742
reaction:203,Aphos G3,3,,53.515770230818575,41.51518630981445,26.092689514160156
reaction:204,tBu3P G2,3,,37.74660244567025,68.51851654052734,21.762287139892578
reaction:205,RuPhos G3,3,,28.59869517895765,43.48250198364258,21.609695434570312
reaction:206,Aphos G3,0,,52.34918180528243,52.793067932128906,24.159582138061523
reaction:207,tBu3P G2,0,,7.257533894748268,51.657997131347656,23.137540817260742
reaction:208,RuPhos G3,1,,24.32073172054584,32.73086929321289,21.034984588623047
reaction:209,Aphos G3,3,,50.89311559036095,29.40392303466797,22.095325469970703
reaction:210,Xphos G3,2,,9.555858484306803,17.693038940429688,23.69496726989746
reaction:211,tBuXphos G3,2,,57.97183057737537,57.3720703125,27.361841201782227
reaction:212,Aphos G3,2,,80.23386363661501,37.59332275390625,21.220571517944336
reaction:213,Xphos G3,2,,81.56120783965605,25.116376876831055,24.164012908935547
reaction:214,Aphos G3,0,,3.9019254343355456,27.481029510498047,25.799205780029297
reaction:215,tBu3P G2,4,,10.31608381959764,49.648765563964844,21.69981575012207
reaction:216,RuPhos G3,1,,16.45694980292204,18.745512008666992,22.51743507385254
reaction:217,Aphos G3,1,,61.52532635271248,61.38750457763672,23.477392196655273
reaction:218,tBu3P G2,1,,32.21276390742164,58.72152328491211,21.686450958251953
reaction:219,RuPhos G3,2,,10.980562757279674,24.77817726135254,24.223852157592773
reaction:220,tBuXphos G3,2,,100.0,97.01792907714844,25.61849021911621
reaction:221,Aphos G3,2,,100.0,105.4036865234375,20.700204849243164
reaction:222,Xphos G3,0,,100.0,94.28861999511719,21.96819305419922
reaction:223,tBuXphos G3,1,,81.68682751379527,68.34907531738281,25.220081329345703
reaction:224,Aphos G3,0,,100.0,100.56185913085938,21.190990447998047
reaction:225,Xphos G3,1,,94.51643241688394,101.56956481933594,21.744586944580078
reaction:226,Aphos G3,4,,100.0,87.32649230957031,25.746196746826172
reaction:227,tBu3P G2,0,,100.0,103.6785888671875,21.5747013092041
reaction:228,RuPhos G3,4,,100.0,95.38216400146484,21.166818618774414
reaction:229,Aphos G3,2,,100.0,108.81819152832031,21.840253829956055
reaction:230,tBu3P G2,2,,100.0,101.07939147949219,20.066394805908203
reaction:231,RuPhos G3,1,,100.0,100.5892333984375,21.839540481567383
reaction:232,tBuXphos G3,3,,29.872847084143945,62.58094787597656,26.526382446289062
reaction:233,Aphos G3,1,,92.09719713125504,82.19013977050781,22.431415557861328
reaction:234,Xphos G3,3,,35.86445345031228,55.38282775878906,22.650081634521484
reaction:235,tBuXphos G3,2,,100.0,67.0754165649414,26.460819244384766
reaction:236,Aphos G3,4,,100.0,83.81175231933594,21.15142250061035
reaction:237,Xphos G3,0,,53.89106352896601,49.177337646484375,21.720441818237305
reaction:238,Aphos G3,4,,16.326890064247095,41.499427795410156,26.173152923583984
reaction:239,tBu3P G2,1,,96.13580616369164,81.6544189453125,22.40272331237793
reaction:240,RuPhos G3,1,,44.14119733665104,42.487831115722656,21.369604110717773
reaction:241,Aphos G3,3,,100.0,91.02586364746094,22.731782913208008
reaction:242,tBu3P G2,1,,69.79590613782361,93.40091705322266,21.433637619018555
reaction:243,RuPhos G3,3,,28.58603434040197,64.01056671142578,22.12551498413086
reaction:244,tBuXphos G3,2,,94.60151084367858,71.83790588378906,27.149682998657227
reaction:245,Aphos G3,4,,96.133047231998,97.77128601074219,22.001474380493164
reaction:246,Xphos G3,4,,46.91848249051721,58.589271545410156,21.892715454101562
reaction:247,tBuXphos G3,2,,38.15512684070648,55.59579086303711,25.80119514465332
reaction:248,Aphos G3,0,,96.55852090246172,97.39739227294922,21.03458023071289
reaction:249,Xphos G3,2,,93.6351810358032,79.75479125976562,21.60995101928711
reaction:250,Aphos G3,2,,95.96930609440808,79.69480895996094,25.26422882080078
reaction:251,tBu3P G2,1,,95.96412165259028,95.7259521484375,20.913339614868164
reaction:252,RuPhos G3,2,,42.46809879726796,55.80321502685547,21.81782341003418
reaction:253,Aphos G3,3,,96.51843948280128,84.54849243164062,22.425575256347656
reaction:254,tBu3P G2,4,,95.85026021935184,95.19146728515625,21.584117889404297
reaction:255,RuPhos G3,3,,80.36920860938618,79.17195129394531,22.06524085998535
reaction:256,tBuXphos G3,4,,9.217272716258725,19.632186889648438,22.778650283813477
reaction:257,Aphos G3,0,,65.23773143864548,73.80127716064453,19.137449264526367
reaction:258,Xphos G3,3,,46.721824888392185,45.36648178100586,19.786640167236328
reaction:259,tBuXphos G3,2,,0.0,-1.5529098510742188,24.031747817993164
reaction:260,Aphos G3,1,,60.33122271953364,61.299903869628906,19.398273468017578
reaction:261,Xphos G3,0,,30.03759292056275,38.965721130371094,20.474231719970703
reaction:262,Aphos G3,1,,65.27129326122677,51.25856018066406,24.237892150878906
reaction:263,tBu3P G2,3,,75.22675435292672,62.70185852050781,19.236190795898438
reaction:264,RuPhos G3,0,,50.00833945181608,43.285888671875,19.70725440979004
reaction:265,Aphos G3,0,,38.27910185543559,57.10304260253906,20.745576858520508
reaction:266,tBu3P G2,0,,67.55276533686735,62.088653564453125,19.06147575378418
reaction:267,RuPhos G3,0,,32.719968942230985,38.62034606933594,20.547971725463867
reaction:268,tBuXphos G3,2,,0.0,17.812349319458008,25.7721004486084
reaction:269,Aphos G3,3,,64.84630769315419,52.729454040527344,19.724384307861328
reaction:270,Xphos G3,1,,36.45965232004575,54.68839645385742,20.351543426513672
reaction:271,tBuXphos G3,1,,0.0,-18.793094635009766,22.998733520507812
reaction:272,Aphos G3,2,,28.05936227197337,52.48092269897461,21.850610733032227
reaction:273,Xphos G3,4,,20.66310176969036,43.438560485839844,20.00130844116211
reaction:274,Aphos G3,0,,80.65130662854776,26.606914520263672,23.039579391479492
reaction:275,tBu3P G2,2,,54.66671358469455,60.48707962036133,21.924657821655273
reaction:276,RuPhos G3,3,,71.74776330101078,42.637691497802734,20.515045166015625
reaction:277,Aphos G3,1,,26.24558029129552,40.36799240112305,21.246091842651367
reaction:278,tBu3P G2,2,,34.14417260888772,50.25208282470703,21.783872604370117
reaction:279,RuPhos G3,0,,43.32327205300332,34.21780776977539,19.97368621826172
reaction:280,tBuXphos G3,2,,0.0,5.202037811279297,25.378101348876953
reaction:281,Aphos G3,4,,48.69780280383001,41.67345428466797,20.300321578979492
reaction:282,Xphos G3,3,,19.33951370893665,36.01601028442383,20.2840518951416
reaction:283,tBuXphos G3,3,,0.0,-11.545047760009766,24.058719635009766
reaction:284,Aphos G3,3,,27.88301038275336,37.47236633300781,19.62354850769043
reaction:285,Xphos G3,4,,9.090349504450364,22.788307189941406,19.824609756469727
reaction:286,Aphos G3,1,,7.02255832122624,19.0150089263916,24.256145477294922
reaction:287,tBu3P G2,4,,29.96491513020504,39.332305908203125,20.298982620239258
reaction:288,RuPhos G3,1,,37.74638010402875,29.28812026977539,20.536624908447266
reaction:289,Aphos G3,3,,22.83565337972881,35.86042785644531,21.20059585571289
reaction:290,tBu3P G2,0,,19.10670207263107,36.896087646484375,18.50681495666504
reaction:291,RuPhos G3,0,,16.441802955948237,18.948654174804688,19.45320701599121
reaction:292,tBuXphos G3,4,,0.0,5.04522705078125,24.845130920410156
reaction:293,Aphos G3,1,,100.0,89.75582885742188,21.45555877685547
reaction:294,Xphos G3,1,,44.53852116960103,60.637142181396484,21.83756446838379
reaction:295,tBuXphos G3,2,,0.0,23.997175216674805,26.031530380249023
reaction:296,Aphos G3,0,,100.0,92.75138854980469,18.675357818603516
reaction:297,Xphos G3,0,,36.57451170325097,51.07122039794922,19.67287826538086
reaction:298,Aphos G3,1,,1.544843908047008,40.90885925292969,25.51835823059082
reaction:299,tBu3P G2,3,,100.0,88.61532592773438,21.096027374267578
reaction:300,RuPhos G3,3,,62.1217385904964,51.870849609375,21.267227172851562
reaction:301,Aphos G3,1,,100.0,74.0861587524414,22.91327667236328
reaction:302,tBu3P G2,1,,100.0,85.219482421875,21.549928665161133
reaction:303,RuPhos G3,4,,51.91387697372208,46.25627136230469,20.8450927734375
reaction:304,tBuXphos G3,3,,0.0,16.19941520690918,23.65797233581543
reaction:305,Aphos G3,2,,38.67140562424765,80.76875305175781,18.942729949951172
reaction:306,Xphos G3,3,,24.11208556606817,34.678409576416016,19.889310836791992
reaction:307,tBuXphos G3,3,,0.0,19.69730567932129,23.707014083862305
reaction:308,Aphos G3,3,,100.0,59.205406188964844,19.085729598999023
reaction:309,Xphos G3,1,,13.913946758958955,33.090850830078125,19.446229934692383
reaction:310,Aphos G3,0,,3.055874249330149,29.68716812133789,22.325057983398438
reaction:311,tBu3P G2,1,,100.0,56.541351318359375,19.750612258911133
reaction:312,RuPhos G3,2,,27.350041625004835,31.460540771484375,19.840484619140625
reaction:313,Aphos G3,0,,65.9387177007425,61.742332458496094,20.016212463378906
reaction:314,tBu3P G2,1,,47.69709988819144,66.1167221069336,19.233089447021484
reaction:315,RuPhos G3,2,,24.905914484192547,29.207530975341797,19.516794204711914
reaction:316,tBuXphos G3,0,,0.0,3.751068115234375,27.333160400390625
reaction:317,Aphos G3,4,,54.76171518192091,33.478492736816406,23.08346939086914
reaction:318,Xphos G3,2,,74.98371114274752,34.602622985839844,22.764205932617188
reaction:319,tBuXphos G3,0,,0.0,-9.995536804199219,26.9373836517334
reaction:320,Aphos G3,0,,16.60924281471609,14.720703125,22.241621017456055
reaction:321,Xphos G3,2,,19.26208071941454,21.678503036499023,22.22071647644043
reaction:322,Aphos G3,0,,20.86227084263491,19.637184143066406,26.380245208740234
reaction:323,tBu3P G2,4,,2.7302029984017984,31.299869537353516,23.06058120727539
reaction:324,RuPhos G3,3,,51.69441060505022,45.051414489746094,21.979238510131836
reaction:325,Aphos G3,0,,10.654795878493566,14.573236465454102,23.73712158203125
reaction:326,tBu3P G2,2,,1.1974838595251365,15.469104766845703,20.40302085876465
reaction:327,RuPhos G3,0,,16.367200012394512,26.508525848388672,21.772844314575195
reaction:328,tBuXphos G3,3,,0.0,1.7202796936035156,28.057580947875977
reaction:329,Aphos G3,4,,12.310824148669717,16.185325622558594,23.070560455322266
reaction:330,Xphos G3,1,,0.0,1.0515365600585938,24.383840560913086
reaction:331,tBuXphos G3,2,,9.569859104718974,18.051671981811523,27.652441024780273
reaction:332,Aphos G3,2,,17.9700221972314,17.42539405822754,21.70718765258789
reaction:333,Xphos G3,2,,5.637747947473664,2.336498260498047,22.47595977783203
reaction:334,Aphos G3,2,,0.0,1.65777587890625,27.034133911132812
reaction:335,tBu3P G2,0,,4.192956775759442,12.906627655029297,21.47498893737793
reaction:336,RuPhos G3,1,,1.9944607711774025,1.2753334045410156,24.420166015625
reaction:337,Aphos G3,1,,30.00105487688756,17.642139434814453,23.360565185546875
reaction:338,tBu3P G2,4,,14.030291506597932,16.471498489379883,22.429779052734375
reaction:339,RuPhos G3,4,,1.2083680854618573,4.754608154296875,22.285905838012695
reaction:340,tBuXphos G3,0,,79.49712395930635,40.75727462768555,25.21607780456543
reaction:341,Aphos G3,0,,89.76940909798425,94.72723388671875,20.751741409301758
reaction:342,Xphos G3,4,,100.0,95.40927124023438,21.903894424438477
reaction:343,tBuXphos G3,0,,9.533057894643925,25.996736526489258,24.886062622070312
reaction:344,Aphos G3,4,,90.77572713809332,86.09269714355469,21.99700355529785
reaction:345,Xphos G3,3,,100.0,86.6468505859375,21.36738395690918
reaction:346,Aphos G3,2,,99.22990206666586,76.35834503173828,24.495439529418945
reaction:347,tBu3P G2,3,,87.33323237173785,93.41755676269531,22.083776473999023
reaction:348,RuPhos G3,2,,100.0,91.6632080078125,20.596609115600586
reaction:349,Aphos G3,4,,90.64829516565185,80.87651062011719,23.435327529907227
reaction:350,tBu3P G2,3,,87.90533188902305,86.84666442871094,21.395965576171875
reaction:351,RuPhos G3,0,,100.0,88.22900390625,21.41558837890625
reaction:352,tBuXphos G3,1,,0.0,5.152866363525391,25.87027931213379
reaction:353,Aphos G3,0,,63.35843899775711,68.65001678466797,21.64011573791504
reaction:354,Xphos G3,4,,52.41863201721991,70.7547607421875,24.06695556640625
reaction:355,tBuXphos G3,2,,17.80408627521827,37.6014518737793,26.62453269958496
reaction:356,Aphos G3,0,,42.38281070716859,84.97905731201172,20.825647354125977
reaction:357,Xphos G3,4,,57.87389982395137,76.68399047851562,23.525238037109375
reaction:358,Aphos G3,1,,0.0,41.50115203857422,26.475818634033203
reaction:359,tBu3P G2,3,,51.59299074760951,66.3517837524414,21.67848014831543
reaction:360,RuPhos G3,4,,41.82982350730598,70.8584976196289,24.081327438354492
reaction:361,Aphos G3,4,,100.0,45.1123046875,24.02167510986328
reaction:362,tBu3P G2,4,,100.0,50.738487243652344,22.259475708007812
reaction:363,RuPhos G3,0,,100.0,53.42597961425781,21.301958084106445
reaction:364,tBuXphos G3,1,,40.78105725734128,30.680713653564453,26.47163963317871
reaction:365,Aphos G3,2,,96.05462699829316,92.681640625,21.202043533325195
reaction:366,Xphos G3,4,,26.654941804071075,40.90717697143555,22.56248664855957
reaction:367,tBuXphos G3,1,,9.485101149869642,8.772382736206055,26.153478622436523
reaction:368,Aphos G3,4,,94.27537812617086,83.00128936767578,22.4042911529541
reaction:369,Xphos G3,3,,66.7123378298408,39.866355895996094,22.4376163482666
reaction:370,Aphos G3,2,,100.0,70.75667572021484,25.531869888305664
reaction:371,tBu3P G2,4,,95.57679915714117,87.16462707519531,22.884675979614258
reaction:372,RuPhos G3,0,,14.495406937165724,45.11309814453125,20.940038681030273
reaction:373,Aphos G3,2,,42.4747821628049,82.14558410644531,22.07529067993164
reaction:374,tBu3P G2,1,,93.70091333699916,82.72865295410156,21.158864974975586
reaction:375,RuPhos G3,3,,97.94064639735105,38.970420837402344,22.545377731323242
reaction:376,Aphos G3,3,,85.8936150569852,83.91313171386719,21.810453414916992
reaction:377,Xphos G3,4,,87.69382073710497,81.85395812988281,20.44340705871582
reaction:378,tBuXphos G3,0,,86.70378376816454,87.71047973632812,22.999771118164062
reaction:379,Aphos G3,3,,100.0,86.60008239746094,21.609046936035156
reaction:380,Xphos G3,2,,100.0,69.1623764038086,20.816116333007812
reaction:381,Aphos G3,0,,0.0,68.27918243408203,25.121423721313477
reaction:382,tBu3P G2,3,,98.04749318870208,84.53901672363281,21.805423736572266
reaction:383,RuPhos G3,2,,80.82474957273429,80.47947692871094,21.00167465209961
reaction:384,Aphos G3,3,,90.7422472046191,87.32698059082031,23.253414154052734
reaction:385,tBu3P G2,4,,91.51631899777728,91.82078552246094,20.365894317626953
reaction:386,RuPhos G3,0,,62.31832974619383,84.42930603027344,20.863744735717773
reaction:387,Aphos G3,3,,92.67047117649491,92.78410339355469,21.463869094848633
reaction:388,Xphos G3,0,,91.21487055417926,93.29106140136719,22.16242027282715
reaction:389,tBuXphos G3,3,,74.5454481849977,86.70291900634766,23.5137996673584
reaction:390,Aphos G3,4,,100.0,91.74737548828125,21.72063636779785
reaction:391,Xphos G3,3,,70.328802365811,88.2215576171875,21.77839469909668
reaction:392,Aphos G3,3,,89.42919680408495,46.92002487182617,27.95028305053711
reaction:393,tBu3P G2,4,,94.55910600927008,94.04547882080078,21.656810760498047
reaction:394,RuPhos G3,2,,100.0,88.36177062988281,23.61104393005371
reaction:395,Aphos G3,4,,99.98771541748916,97.46892547607422,22.97779655456543
reaction:396,tBu3P G2,2,,90.38574707059428,98.21209716796875,23.137962341308594
reaction:397,RuPhos G3,4,,89.75851861203749,79.12783813476562,21.573200225830078
reaction:398,Aphos G3,1,,92.02827389268576,95.5251693725586,21.718006134033203
reaction:399,Xphos G3,0,,94.69602541229548,92.0463638305664,21.771577835083008
reaction:400,tBuXphos G3,1,,100.0,82.65872192382812,24.761255264282227
reaction:401,Aphos G3,3,,94.3614383068228,97.51799774169922,21.630388259887695
reaction:402,Xphos G3,4,,100.0,89.73002624511719,21.54909324645996
reaction:403,tBu3P G2,2,,98.51033976201876,92.39349365234375,24.056047439575195
reaction:404,RuPhos G3,4,,89.92126549158273,92.9761962890625,21.199302673339844
reaction:405,Aphos G3,2,,100.0,96.73365783691406,24.878643035888672
reaction:406,tBu3P G2,0,,98.50561074590144,97.88963317871094,20.308027267456055
reaction:407,RuPhos G3,0,,95.05518459158164,86.59980773925781,21.384443283081055
reaction:408,tBuXphos G3,2,,79.46104558356608,56.803924560546875,26.7292423248291
reaction:409,Aphos G3,3,,98.2002026055384,92.29646301269531,23.596689224243164
reaction:410,Xphos G3,0,,100.0,74.66171264648438,21.62766456604004
reaction:411,tBuXphos G3,4,,97.43730892449534,91.95515441894531,24.60317611694336
reaction:412,Aphos G3,3,,100.0,91.85281372070312,23.956077575683594
reaction:413,Xphos G3,4,,0.0,87.4611587524414,23.276187896728516
reaction:414,Aphos G3,3,,35.12897094695693,45.52120590209961,28.891048431396484
reaction:415,tBu3P G2,4,,93.81148208485632,97.58694458007812,21.616525650024414
reaction:416,RuPhos G3,1,,91.30535055737582,80.42202758789062,23.311058044433594
reaction:417,Aphos G3,3,,100.0,92.10314178466797,25.529638290405273
reaction:418,tBu3P G2,1,,100.0,94.9036865234375,22.674055099487305
reaction:419,RuPhos G3,4,,70.74975155026677,86.238525390625,23.340774536132812
reaction:420,tBuXphos G3,1,,89.83260730510271,66.92762756347656,25.181184768676758
reaction:421,Aphos G3,0,,100.0,100.02778625488281,20.513364791870117
reaction:422,Xphos G3,0,,95.5577453297164,84.37732696533203,21.67234230041504
reaction:423,tBuXphos G3,1,,100.0,91.18984985351562,23.947484970092773
reaction:424,Aphos G3,2,,98.48130946529676,102.3345947265625,19.895139694213867
reaction:425,Xphos G3,0,,83.60592185900444,77.18795776367188,21.03824234008789
reaction:426,Aphos G3,4,,100.0,37.20298385620117,26.219858169555664
reaction:427,tBu3P G2,0,,96.14134014675987,100.50404357910156,20.550819396972656
reaction:428,RuPhos G3,0,,98.5489830320786,83.6263427734375,21.674156188964844
reaction:429,Aphos G3,3,,100.0,108.76669311523438,23.378862380981445
reaction:430,tBu3P G2,3,,100.0,102.54437255859375,21.497468948364258
reaction:431,RuPhos G3,0,,98.39669621525977,76.34562683105469,21.089370727539062
reaction:432,Aphos G3,2,,89.46786065350398,88.52916717529297,26.56399917602539
reaction:433,Xphos G3,2,,92.20029092013571,63.7594108581543,26.619159698486328
reaction:434,tBuXphos G3,2,,64.96049208811552,76.34546661376953,28.367525100708008
reaction:435,Aphos G3,4,,100.0,75.46309661865234,24.072093963623047
reaction:436,Xphos G3,1,,85.55074060845716,87.47413635253906,24.887331008911133
reaction:437,tBu3P G2,0,,88.96271931871726,85.13685607910156,25.631832122802734
reaction:438,RuPhos G3,1,,52.74511193932428,91.02606201171875,24.707834243774414
reaction:439,Aphos G3,1,,95.16500942016756,84.39886474609375,25.36808204650879
reaction:440,tBu3P G2,2,,62.54352445779945,95.3272933959961,26.01215171813965
reaction:441,RuPhos G3,2,,100.0,73.95851135253906,26.606204986572266
reaction:442,tBuXphos G3,4,,0.0,47.931114196777344,28.141639709472656
reaction:443,Aphos G3,1,,54.0314063273201,54.06882095336914,25.182966232299805
reaction:444,Xphos G3,4,,16.353151360365768,14.182266235351562,24.28783416748047
reaction:445,tBuXphos G3,0,,78.85293088808842,40.393898010253906,27.583251953125
reaction:446,Aphos G3,1,,52.89604224574611,56.735565185546875,24.325380325317383
reaction:447,Xphos G3,3,,24.037251433009903,22.70166778564453,23.111713409423828
reaction:448,Aphos G3,2,,0.0,17.884929656982422,27.96080780029297
reaction:449,tBu3P G2,2,,56.72622807274498,52.270694732666016,21.993059158325195
reaction:450,RuPhos G3,1,,0.0,24.440139770507812,24.997512817382812
reaction:451,Aphos G3,0,,57.89353780178337,46.01057815551758,25.435686111450195
reaction:452,tBu3P G2,0,,56.66906122589984,51.16133117675781,24.233137130737305
reaction:453,RuPhos G3,2,,20.477931571677026,22.057884216308594,23.061695098876953
reaction:454,tBuXphos G3,0,,61.39085635747686,60.40443420410156,26.940065383911133
reaction:455,Aphos G3,4,,80.14250225907392,84.40034484863281,24.722747802734375
reaction:456,Xphos G3,3,,77.34367671641238,77.89738464355469,23.418272018432617
reaction:457,tBuXphos G3,0,,78.58205235164134,76.74310302734375,25.920198440551758
reaction:458,Aphos G3,0,,78.30898279654164,82.52528381347656,23.31109619140625
reaction:459,Xphos G3,2,,49.69043295666823,69.76455688476562,23.722164154052734
reaction:460,Aphos G3,4,,34.94350030009965,52.2242317199707,28.383665084838867
reaction:461,tBu3P G2,4,,82.88709778905945,84.5830078125,24.706953048706055
reaction:462,RuPhos G3,0,,79.32567387067276,75.73551940917969,23.690601348876953
reaction:463,Aphos G3,1,,92.84196117365872,80.32221984863281,23.058786392211914
reaction:464,tBu3P G2,4,,82.42937939341218,82.09530639648438,23.932836532592773
reaction:465,RuPhos G3,2,,84.37436189214397,69.2701416015625,23.76662826538086
reaction:466,tBuXphos G3,0,,63.16865479528551,52.69957733154297,27.82650375366211
reaction:467,Aphos G3,3,,80.13663056081153,80.61756896972656,25.90826988220215
reaction:468,Xphos G3,1,,59.21637478416191,73.41886901855469,24.339242935180664
reaction:469,tBuXphos G3,0,,82.57878163127505,80.02635192871094,26.94773292541504
reaction:470,Aphos G3,3,,80.6206588606519,82.57594299316406,25.537172317504883
reaction:471,Xphos G3,0,,68.97027082662538,69.37089538574219,22.904125213623047
reaction:472,Aphos G3,3,,35.121076659123226,43.51282501220703,29.176849365234375
reaction:473,tBu3P G2,2,,83.01870520784944,78.94532012939453,22.96254539489746
reaction:474,RuPhos G3,4,,70.87625794315237,63.75709915161133,24.923511505126953
reaction:475,Aphos G3,1,,84.84472329540611,83.29745483398438,25.852558135986328
reaction:476,tBu3P G2,3,,83.72027988353376,83.20454406738281,25.48377799987793
reaction:477,RuPhos G3,4,,73.62498517966236,66.1280288696289,24.7943058013916
reaction:478,tBuXphos G3,3,,22.7887150095274,47.84006881713867,27.775144577026367
reaction:479,Aphos G3,2,,61.40358083043511,63.009742736816406,24.103740692138672
reaction:480,Xphos G3,2,,49.847786904234816,45.528770446777344,23.448152542114258
reaction:481,tBuXphos G3,2,,55.31737448199241,55.855987548828125,25.562875747680664
reaction:482,Aphos G3,0,,60.57157330279293,62.464393615722656,24.789846420288086
reaction:483,Xphos G3,3,,0.0,50.200218200683594,22.79593849182129
reaction:484,Aphos G3,0,,19.934368444006367,48.81852340698242,27.25935935974121
reaction:485,tBu3P G2,2,,62.55253405154867,62.92573547363281,24.13246726989746
reaction:486,RuPhos G3,0,,48.73505527906823,43.52975845336914,24.5898494720459
reaction:487,Aphos G3,0,,64.49679105744661,61.2452392578125,25.864791870117188
reaction:488,tBu3P G2,4,,64.07413984740552,60.17516326904297,23.251117706298828
reaction:489,RuPhos G3,4,,46.20598685713392,25.71749496459961,24.060029983520508
reaction:490,tBuXphos G3,3,,45.890705706272776,24.999841690063477,23.480422973632812
reaction:491,Aphos G3,1,,93.11242091388388,92.23310089111328,19.103090286254883
reaction:492,Xphos G3,2,,85.57968591807233,79.35786437988281,18.911998748779297
reaction:493,tBuXphos G3,1,,39.31531049283812,39.13230895996094,22.91204833984375
reaction:494,Aphos G3,1,,91.8013668406974,88.94259643554688,18.695240020751953
reaction:495,Xphos G3,4,,84.91695036688931,88.91464233398438,20.62022590637207
reaction:496,Aphos G3,0,,64.18880042941849,60.29225158691406,21.898130416870117
reaction:497,tBu3P G2,2,,88.19554067864816,91.4952392578125,18.040449142456055
reaction:498,RuPhos G3,4,,73.95936125894642,82.88014221191406,20.770647048950195
reaction:499,Aphos G3,0,,92.88780494110507,82.7337417602539,19.601022720336914
reaction:500,tBu3P G2,3,,90.5790552297692,86.59003448486328,18.508981704711914
reaction:501,RuPhos G3,4,,84.52200592042567,87.6630859375,20.74014663696289
reaction:502,tBuXphos G3,4,,8.77875538324726,14.833276748657227,24.023733139038086
reaction:503,Aphos G3,0,,100.0,86.81077575683594,18.79010009765625
reaction:504,Xphos G3,4,,100.0,100.13282775878906,20.1124324798584
reaction:505,tBuXphos G3,4,,10.58065173628345,30.694026947021484,23.498550415039062
reaction:506,Aphos G3,2,,85.39635305382825,88.29135131835938,20.451173782348633
reaction:507,Xphos G3,3,,100.0,95.53096008300781,20.28607177734375
reaction:508,Aphos G3,1,,52.69831452387423,54.290016174316406,21.905210494995117
reaction:509,tBu3P G2,1,,91.6905027979298,89.59739685058594,19.123010635375977
reaction:510,RuPhos G3,3,,100.0,95.215087890625,20.54011344909668
reaction:511,Aphos G3,3,,81.10552095669618,79.91629028320312,20.089624404907227
reaction:512,tBu3P G2,2,,83.18460080544767,86.40541076660156,20.365192413330078
reaction:513,RuPhos G3,4,,100.0,96.310302734375,19.89525032043457
reaction:514,tBuXphos G3,1,,0.0,17.78597640991211,23.401132583618164
reaction:515,Aphos G3,2,,96.37307737473373,86.40098571777344,20.363414764404297
reaction:516,Xphos G3,1,,100.0,96.7537612915039,20.014833450317383
reaction:517,tBuXphos G3,0,,21.54617979544696,35.562744140625,22.544395446777344
reaction:518,Aphos G3,4,,96.76961687058473,91.39168548583984,18.38230323791504
reaction:519,Xphos G3,3,,94.34013138399706,91.65238952636719,20.281049728393555
reaction:520,Aphos G3,4,,14.74424899326509,27.38949203491211,22.614994049072266
reaction:521,tBu3P G2,0,,89.73730877904913,85.97735595703125,18.432022094726562
reaction:522,RuPhos G3,3,,100.0,94.66166687011719,20.42605972290039
reaction:523,Aphos G3,2,,90.35409400710134,77.39144134521484,21.470027923583984
reaction:524,tBu3P G2,2,,91.24009537984792,85.24453735351562,20.021902084350586
reaction:525,RuPhos G3,2,,97.75567479986374,89.89924621582031,20.012529373168945
reaction:526,tBuXphos G3,3,,27.394917475318813,18.196325302124023,25.23496437072754
reaction:527,Aphos G3,3,,100.0,97.03608703613281,20.579437255859375
reaction:528,Xphos G3,4,,100.0,101.32467651367188,20.254074096679688
reaction:529,tBuXphos G3,1,,66.42037453512954,48.02088928222656,24.254337310791016
reaction:530,Aphos G3,4,,100.0,100.75273132324219,19.3153133392334
reaction:531,Xphos G3,2,,100.0,94.52437591552734,20.832746505737305
reaction:532,Aphos G3,0,,14.02079998762012,30.37411880493164,22.244035720825195
reaction:533,tBu3P G2,0,,98.4111034902527,99.01904296875,18.697580337524414
reaction:534,RuPhos G3,2,,100.0,98.72994232177734,21.235862731933594
reaction:535,Aphos G3,4,,100.0,95.51736450195312,21.054861068725586
reaction:536,tBu3P G2,0,,98.25926485401028,102.31422424316406,17.985788345336914
reaction:537,RuPhos G3,1,,100.0,97.46598815917969,20.11400032043457
reaction:538,tBuXphos G3,2,,37.95162505602994,30.261455535888672,23.00302505493164
reaction:539,Aphos G3,3,,100.0,98.61831665039062,19.101194381713867
reaction:540,Xphos G3,0,,100.0,92.53132629394531,18.650218963623047
reaction:541,tBuXphos G3,0,,84.61993070123836,54.12372970581055,22.065673828125
reaction:542,Aphos G3,4,,100.0,102.94912719726562,18.41705894470215
reaction:543,Xphos G3,1,,100.0,96.6152572631836,19.852243423461914
reaction:544,Aphos G3,0,,25.84040503811304,45.82670974731445,21.957494735717773
reaction:545,tBu3P G2,1,,100.0,95.24342346191406,18.57576560974121
reaction:546,RuPhos G3,4,,100.0,96.01702880859375,19.776283264160156
reaction:547,Aphos G3,0,,100.0,98.18692016601562,19.397310256958008
reaction:548,tBu3P G2,2,,100.0,103.25150299072266,17.818723678588867
reaction:549,RuPhos G3,1,,100.0,95.64381408691406,19.958066940307617
reaction:550,tBuXphos G3,3,,0.0,6.817413330078125,26.37862205505371
reaction:551,Aphos G3,4,,50.05157156204015,40.51041793823242,20.5179500579834
reaction:552,Xphos G3,2,,16.38310734130416,17.898786544799805,21.621885299682617
reaction:553,tBuXphos G3,2,,0.0,9.875520706176758,26.238142013549805
reaction:554,Aphos G3,3,,33.949177155158374,26.042678833007812,21.151947021484375
reaction:555,Xphos G3,3,,18.375303816205587,21.90457534790039,22.3523006439209
reaction:556,Aphos G3,4,,26.832877426253,18.256568908691406,25.401098251342773
reaction:557,tBu3P G2,2,,37.919991013870366,38.98823928833008,20.760955810546875
reaction:558,RuPhos G3,4,,6.003070721947791,26.757572174072266,21.116178512573242
reaction:559,Aphos G3,2,,21.48301705030148,28.292068481445312,21.950014114379883
reaction:560,tBu3P G2,3,,17.63267589991129,23.860342025756836,21.09461212158203
reaction:561,RuPhos G3,3,,6.190496910423692,21.78249740600586,22.474952697753906
reaction:562,tBuXphos G3,2,,0.0,12.292879104614258,27.448610305786133
reaction:563,Aphos G3,4,,2.7314715713888047,16.474140167236328,20.969970703125
reaction:564,Xphos G3,3,,3.321915682983917,5.634063720703125,22.302173614501953
reaction:565,tBuXphos G3,0,,55.99520304892839,20.29078483581543,25.614286422729492
reaction:566,Aphos G3,3,,3.793096955503402,19.473520278930664,20.60317611694336
reaction:567,Xphos G3,3,,7.806792947816284,18.849538803100586,22.83919906616211
reaction:568,Aphos G3,2,,0.0,-9.494083404541016,25.982860565185547
reaction:569,tBu3P G2,0,,13.832625254496769,5.183307647705078,20.598081588745117
reaction:570,RuPhos G3,1,,3.144220300419851,3.622222900390625,21.88172149658203
reaction:571,Aphos G3,1,,0.0,29.081573486328125,21.777381896972656
reaction:572,tBu3P G2,4,,15.127020558734158,13.70930290222168,20.389108657836914
reaction:573,RuPhos G3,3,,1.5378235501410238,18.77163314819336,22.928659439086914
reaction:574,tBuXphos G3,1,,62.78773176411785,52.24219512939453,24.95044708251953
reaction:575,Aphos G3,3,,100.0,107.89358520507812,21.659040451049805
reaction:576,Xphos G3,1,,100.0,108.0523452758789,21.512134552001953
reaction:577,tBuXphos G3,1,,54.60982084164074,48.12510681152344,24.938770294189453
reaction:578,Aphos G3,4,,100.0,99.95343017578125,19.92598533630371
reaction:579,Xphos G3,2,,100.0,106.85294342041016,20.5747127532959
reaction:580,Aphos G3,2,,98.02980797253387,75.6035385131836,23.44540786743164
reaction:581,tBu3P G2,3,,100.0,106.92898559570312,21.604772567749023
reaction:582,RuPhos G3,1,,100.0,107.2343978881836,21.586637496948242
reaction:583,Aphos G3,2,,100.0,99.91365051269531,20.589405059814453
reaction:584,tBu3P G2,3,,100.0,100.90744018554688,20.564640045166016
reaction:585,RuPhos G3,2,,100.0,106.04254913330078,20.68474769592285
reaction:586,tBuXphos G3,4,,4.9670408582009005,20.15927505493164,26.666616439819336
reaction:587,Aphos G3,0,,92.81189287362876,88.1558837890625,20.07608985900879
reaction:588,Xphos G3,1,,88.53376223139821,81.9600830078125,20.474653244018555
reaction:589,tBuXphos G3,2,,83.47967091159204,64.8977279663086,25.864477157592773
reaction:590,Aphos G3,2,,88.56823543264377,100.4906234741211,20.863849639892578
reaction:591,Xphos G3,2,,93.39164741090052,90.63189697265625,20.98379898071289
reaction:592,Aphos G3,3,,15.374657624392412,37.582061767578125,24.658472061157227
reaction:593,tBu3P G2,2,,96.98577433308616,88.23239135742188,20.909223556518555
reaction:594,RuPhos G3,2,,85.3579271331844,83.02220153808594,21.333223342895508
reaction:595,Aphos G3,4,,98.45632638354924,85.88835906982422,21.806747436523438
reaction:596,tBu3P G2,2,,90.0862807907354,99.85897827148438,20.819353103637695
reaction:597,RuPhos G3,0,,88.38514696670462,89.57875061035156,20.335697174072266
reaction:598,tBuXphos G3,2,,32.02256595858388,36.12138748168945,25.413469314575195
reaction:599,Aphos G3,1,,95.52551595139066,100.43472290039062,21.350278854370117
reaction:600,Xphos G3,1,,93.94604443652386,65.51560974121094,22.079687118530273
reaction:601,tBuXphos G3,1,,22.51359653230064,33.417930603027344,25.563554763793945
reaction:602,Aphos G3,3,,95.7962898215315,98.76832580566406,20.284395217895508
reaction:603,Xphos G3,0,,97.4365116727902,102.12606048583984,20.156261444091797
reaction:604,Aphos G3,0,,94.19372121098418,83.00582122802734,23.901622772216797
reaction:605,tBu3P G2,1,,96.34236316414646,98.51995086669922,21.315156936645508
reaction:606,RuPhos G3,1,,94.03441771492156,64.85198211669922,22.151700973510742
reaction:607,Aphos G3,3,,95.37791424834997,82.22173309326172,21.91665267944336
reaction:608,tBu3P G2,4,,96.91291305344014,96.08609008789062,19.7204647064209
reaction:609,RuPhos G3,4,,95.16393312843908,98.01348876953125,20.059080123901367
reaction:610,tBuXphos G3,3,,0.0,3.9924392700195312,23.228153228759766
reaction:611,Aphos G3,3,,56.27637943539001,41.32463455200195,19.34263801574707
reaction:612,Xphos G3,4,,62.341545683273104,68.31295013427734,20.48896598815918
reaction:613,tBuXphos G3,0,,0.0,5.1206817626953125,24.21454620361328
reaction:614,Aphos G3,2,,67.41889252479088,67.61630249023438,19.302364349365234
reaction:615,Xphos G3,4,,60.54754024741167,74.99626159667969,19.78308868408203
reaction:616,Aphos G3,2,,64.90600424748082,49.103607177734375,22.279294967651367
reaction:617,tBu3P G2,2,,31.957207364163963,46.62263107299805,19.29439353942871
reaction:618,RuPhos G3,2,,69.7863653660917,61.75481033325195,18.96575164794922
reaction:619,Aphos G3,3,,39.8885566431446,76.35342407226562,20.731266021728516
reaction:620,tBu3P G2,2,,64.62171638146683,64.98800659179688,19.25175666809082
reaction:621,RuPhos G3,3,,71.10470910903693,70.11341094970703,19.134048461914062
reaction:622,tBuXphos G3,2,,0.0,-8.410114288330078,25.83103370666504
reaction:623,Aphos G3,1,,26.676767962166974,55.80476379394531,20.101455688476562
reaction:624,Xphos G3,4,,89.56907278689745,91.50895690917969,20.131725311279297
reaction:625,tBuXphos G3,1,,0.0,-5.448345184326172,22.80820083618164
reaction:626,Aphos G3,2,,86.37477932584832,52.75068283081055,20.92478370666504
reaction:627,Xphos G3,0,,95.15147543537064,93.37155151367188,20.025171279907227
reaction:628,Aphos G3,4,,14.99395889907222,56.43383026123047,23.49124526977539
reaction:629,tBu3P G2,1,,8.462613926169697,52.40702819824219,20.080636978149414
reaction:630,RuPhos G3,1,,100.0,85.80763244628906,19.758485794067383
reaction:631,Aphos G3,2,,70.1066072022515,45.50286865234375,22.32174301147461
reaction:632,tBu3P G2,1,,51.4327541848368,75.85263061523438,19.266786575317383
reaction:633,RuPhos G3,2,,100.0,89.39031982421875,20.710142135620117
reaction:634,tBuXphos G3,0,,0.0,-5.970302581787109,24.842615127563477
reaction:635,Aphos G3,0,,45.86029811170456,40.44581604003906,19.238412857055664
reaction:636,Xphos G3,4,,100.0,85.15699005126953,19.91694450378418
reaction:637,tBuXphos G3,3,,0.0,8.953060150146484,23.945186614990234
reaction:638,Aphos G3,2,,100.0,67.85894012451172,21.01392936706543
reaction:639,Xphos G3,1,,77.91552753780931,92.33447265625,20.351163864135742
reaction:640,Aphos G3,0,,11.870546539715566,39.65251541137695,23.123455047607422
reaction:641,tBu3P G2,2,,10.806305743802564,46.14226531982422,21.216121673583984
reaction:642,RuPhos G3,0,,100.0,84.5845947265625,19.27732276916504
reaction:643,Aphos G3,2,,100.0,58.33916473388672,22.26397132873535
reaction:644,tBu3P G2,1,,68.19209630524968,80.91094970703125,18.82451820373535
reaction:645,RuPhos G3,1,,77.72645044685997,92.09776306152344,20.443172454833984
reaction:646,tBuXphos G3,2,,3.160435176136351,0.5431709289550781,25.756288528442383
reaction:647,Aphos G3,3,,100.0,68.4585952758789,21.74034881591797
reaction:648,Xphos G3,4,,100.0,96.61043548583984,21.017192840576172
reaction:649,tBuXphos G3,0,,7.629641889214354,25.73714828491211,24.41046714782715
reaction:650,Aphos G3,1,,100.0,97.14564514160156,20.446796417236328
reaction:651,Xphos G3,2,,100.0,94.70669555664062,20.989437103271484
reaction:652,Aphos G3,0,,46.44546950706697,42.28944396972656,23.21491241455078
reaction:653,tBu3P G2,3,,27.57445251735708,66.05398559570312,21.697221755981445
reaction:654,RuPhos G3,1,,100.0,95.11837005615234,20.86553192138672
reaction:655,Aphos G3,4,,100.0,94.92991638183594,21.554550170898438
reaction:656,tBu3P G2,1,,100.0,94.03933715820312,20.415620803833008
reaction:657,RuPhos G3,0,,100.0,97.97981262207031,19.65854835510254
reaction:658,tBuXphos G3,0,,5.678120328491702,10.659896850585938,24.576562881469727
reaction:659,Aphos G3,1,,90.07772431734288,63.13801193237305,19.74848175048828
reaction:660,Xphos G3,4,,58.162191746962975,85.385986328125,20.36741065979004
reaction:661,tBuXphos G3,4,,35.50634591571375,25.2279109954834,22.862632751464844
reaction:662,Aphos G3,4,,100.0,94.09796905517578,19.234188079833984
reaction:663,Xphos G3,2,,100.0,81.82777404785156,18.994709014892578
reaction:664,Aphos G3,0,,36.67649311169646,53.16980743408203,22.956649780273438
reaction:665,tBu3P G2,1,,21.106925370227994,60.426544189453125,19.717544555664062
reaction:666,RuPhos G3,4,,79.44213411707109,84.74461364746094,20.405670166015625
reaction:667,Aphos G3,3,,100.0,97.88568115234375,20.684030532836914
reaction:668,tBu3P G2,4,,100.0,90.67626953125,19.22848129272461
reaction:669,RuPhos G3,0,,85.12097214192742,89.11235046386719,18.91954231262207
reaction:670,tBuXphos G3,3,,0.0,-1.2942581176757812,26.806377410888672
reaction:671,Aphos G3,3,,21.539559478961063,19.256412506103516,22.223831176757812
reaction:672,Xphos G3,2,,30.70754590330191,24.38388442993164,23.87974739074707
reaction:673,tBuXphos G3,0,,0.0,-2.856708526611328,27.167356491088867
reaction:674,Aphos G3,2,,47.605708037170096,14.253463745117188,21.476163864135742
reaction:675,Xphos G3,2,,26.57362067714243,22.325664520263672,22.998916625976562
reaction:676,Aphos G3,0,,22.543360751114324,31.771587371826172,25.95121192932129
reaction:677,tBu3P G2,3,,7.512313790699683,16.49744987487793,22.203229904174805
reaction:678,RuPhos G3,2,,17.51040448634494,24.751182556152344,23.913253784179688
reaction:679,Aphos G3,2,,43.312974492758286,15.552289962768555,23.063190460205078
reaction:680,tBu3P G2,0,,0.0,36.1202392578125,21.664968490600586
reaction:681,RuPhos G3,4,,19.15246263784888,27.13607406616211,20.865550994873047
reaction:682,tBuXphos G3,0,,0.0,9.53268814086914,27.974512100219727
reaction:683,Aphos G3,2,,31.74587413959698,22.042539596557617,23.114774703979492
reaction:684,Xphos G3,1,,10.196048078809923,13.750022888183594,21.971403121948242
reaction:685,tBuXphos G3,4,,35.59674854382626,22.126527786254883,26.61043930053711
reaction:686,Aphos G3,2,,58.35507999490075,43.86632537841797,22.12835693359375
reaction:687,Xphos G3,3,,31.46822095051847,26.352367401123047,22.31755828857422
reaction:688,Aphos G3,0,,0.0,26.65459442138672,26.4268856048584
reaction:689,tBu3P G2,2,,9.02209362453565,20.623369216918945,23.059385299682617
reaction:690,RuPhos G3,3,,11.996763670100858,10.723896026611328,22.06480598449707
reaction:691,Aphos G3,0,,64.0471880357575,45.911415100097656,23.118436813354492
reaction:692,tBu3P G2,3,,41.24795288860724,50.11140441894531,21.004911422729492
reaction:693,RuPhos G3,0,,18.26331233288497,30.47035026550293,22.446168899536133
reaction:694,tBuXphos G3,4,,12.459350333148048,44.18057632446289,26.469608306884766
reaction:695,Aphos G3,1,,100.0,80.79679870605469,20.799381256103516
reaction:696,Xphos G3,3,,100.0,99.98585510253906,21.67829704284668
reaction:697,tBuXphos G3,3,,7.102105888531668,26.960651397705078,25.51407814025879
reaction:698,Aphos G3,1,,100.0,99.65653991699219,20.20611000061035
reaction:699,Xphos G3,2,,100.0,101.85746765136719,20.69890594482422
reaction:700,Aphos G3,1,,100.0,73.7580337524414,24.01508140563965
reaction:701,tBu3P G2,0,,84.9893001917237,82.87834167480469,21.649930953979492
reaction:702,RuPhos G3,2,,100.0,98.43107604980469,20.819799423217773
reaction:703,Aphos G3,0,,96.69893778889607,102.25051879882812,22.26865005493164
reaction:704,tBu3P G2,0,,100.0,99.96531677246094,21.260189056396484
reaction:705,RuPhos G3,0,,100.0,100.30651092529297,21.742145538330078
reaction:706,tBuXphos G3,0,,0.0,12.692342758178711,27.230058670043945
reaction:707,Aphos G3,2,,56.98916607901244,53.27286911010742,20.93763542175293
reaction:708,Xphos G3,2,,62.90013802012398,70.76229858398438,21.367218017578125
reaction:709,tBuXphos G3,0,,46.50764100601364,40.84992980957031,26.684377670288086
reaction:710,Aphos G3,0,,100.0,76.48430633544922,21.687278747558594
reaction:711,Xphos G3,1,,84.46842159748569,81.2988052368164,20.71257972717285
reaction:712,Aphos G3,1,,70.12664206419551,23.82563018798828,24.88858985900879
reaction:713,tBu3P G2,3,,27.93259803720673,63.30271911621094,21.588735580444336
reaction:714,RuPhos G3,3,,68.75814612937474,68.50311279296875,21.807416915893555
reaction:715,Aphos G3,3,,71.10755011272899,105.03314208984375,22.84505271911621
reaction:716,tBu3P G2,0,,100.0,74.57852172851562,21.633756637573242
reaction:717,RuPhos G3,4,,85.25854917233113,79.9896469116211,21.181903839111328
reaction:718,tBuXphos G3,4,,6.001226059126473,20.594341278076172,26.604019165039062
reaction:719,Aphos G3,4,,76.58310173315292,68.1329116821289,21.500213623046875
reaction:720,Xphos G3,4,,32.63864969470545,64.51588439941406,22.493860244750977
reaction:721,tBuXphos G3,3,,0.0,8.30594253540039,25.496376037597656
reaction:722,Aphos G3,2,,100.0,91.32054901123047,20.07665252685547
reaction:723,Xphos G3,4,,76.50760500916086,85.57563018798828,22.12413787841797
reaction:724,Aphos G3,4,,80.27570365956264,79.78158569335938,25.74936866760254
reaction:725,tBu3P G2,0,,63.15348335684375,69.51566314697266,20.84623146057129
reaction:726,RuPhos G3,3,,55.20870068833985,52.37493133544922,21.88507652282715
reaction:727,Aphos G3,1,,76.498555375672,81.02272033691406,22.158954620361328
reaction:728,tBu3P G2,1,,100.0,89.24153137207031,20.58285903930664
reaction:729,RuPhos G3,2,,90.22822167782827,74.46051025390625,20.85835075378418
reaction:730,tBuXphos G3,4,,0.0,10.865915298461914,24.054401397705078
reaction:731,Aphos G3,3,,0.0,1.3995170593261719,21.679494857788086
reaction:732,Xphos G3,2,,0.0,1.1981201171875,21.267948150634766
reaction:733,tBuXphos G3,3,,0.0,-0.016780853271484375,23.827417373657227
reaction:734,Aphos G3,0,,0.0,1.7649650573730469,20.35112762451172
reaction:735,Xphos G3,3,,0.0,-2.27166748046875,22.024391174316406
reaction:736,Aphos G3,0,,0.0,8.988569259643555,26.43785858154297
reaction:737,tBu3P G2,4,,0.0,-0.18967819213867188,21.81930923461914
reaction:738,RuPhos G3,4,,0.0,5.658763885498047,21.623958587646484
reaction:739,Aphos G3,1,,0.0,2.7472763061523438,23.6950740814209
reaction:740,tBu3P G2,1,,0.0,0.39852142333984375,21.371871948242188
reaction:741,RuPhos G3,2,,0.0,0.6211013793945312,21.306299209594727
reaction:742,tBuXphos G3,2,,0.0,6.579978942871094,26.19192886352539
reaction:743,Aphos G3,2,,0.0,2.2906875610351562,24.4228515625
reaction:744,Xphos G3,4,,0.0,10.773317337036133,23.027183532714844
reaction:745,tBuXphos G3,0,,0.0,-2.9916114807128906,23.922155380249023
reaction:746,Aphos G3,2,,0.0,0.5179977416992188,23.6359920501709
reaction:747,Xphos G3,3,,0.0,-2.396453857421875,22.789249420166016
reaction:748,tBu3P G2,1,,0.0,0.048431396484375,21.848421096801758
reaction:749,RuPhos G3,4,,0.0,11.247770309448242,23.02671241760254
reaction:750,Aphos G3,1,,0.0,3.811168670654297,24.06766128540039
reaction:751,tBu3P G2,1,,0.0,0.6980247497558594,21.849637985229492
reaction:752,RuPhos G3,3,,0.0,-1.7817039489746094,22.849132537841797
reaction:753,tBuXphos G3,1,,47.955328459067104,11.794994354248047,24.522951126098633
reaction:754,Aphos G3,2,,0.0,13.376937866210938,23.880067825317383
reaction:755,Xphos G3,1,,0.0,19.890705108642578,23.099834442138672
reaction:756,tBuXphos G3,2,,0.0,22.926776885986328,26.35735511779785
reaction:757,Aphos G3,3,,0.0,28.290599822998047,21.966175079345703
reaction:758,Xphos G3,0,,0.0,26.470651626586914,21.30877685546875
reaction:759,Aphos G3,4,,58.91047143201952,6.139270782470703,27.48512077331543
reaction:760,tBu3P G2,3,,0.0,17.830270767211914,22.811981201171875
reaction:761,RuPhos G3,1,,45.44658692015693,20.082691192626953,23.1040096282959
reaction:762,Aphos G3,4,,38.468518545726646,0.5270576477050781,23.536136627197266
reaction:763,tBu3P G2,4,,43.18174583261001,-0.389129638671875,21.821516036987305
reaction:764,RuPhos G3,4,,39.09563906640968,4.804256439208984,21.73285675048828
reaction:765,tBuXphos G3,3,,0.0,10.403434753417969,26.36185073852539
reaction:766,Aphos G3,1,,9.833601763241996,1.896209716796875,22.66121482849121
reaction:767,Xphos G3,2,,0.0,2.9300308227539062,24.39498519897461
reaction:768,tBuXphos G3,4,,0.0,1.718017578125,25.86396598815918
reaction:769,Aphos G3,3,,8.883010208217607,3.5765914916992188,23.372943878173828
reaction:770,Xphos G3,3,,0.0,-1.3594017028808594,24.32390022277832
reaction:771,Aphos G3,3,,0.0,6.62518310546875,27.42112159729004
reaction:772,tBu3P G2,2,,0.0,7.509895324707031,24.223953247070312
reaction:773,RuPhos G3,1,,0.0,3.8580398559570312,23.209110260009766
reaction:774,Aphos G3,1,,0.0,5.081932067871094,24.780000686645508
reaction:775,tBu3P G2,0,,0.0,4.983856201171875,20.719770431518555
reaction:776,RuPhos G3,4,,0.0,-1.475250244140625,23.275558471679688
reaction:777,tBuXphos G3,0,,0.0,8.40452766418457,22.218345642089844
reaction:778,Aphos G3,4,,0.0,0.6622734069824219,21.703155517578125
reaction:779,Xphos G3,1,,0.0,6.713642120361328,22.441526412963867
reaction:780,tBuXphos G3,4,,0.0,1.2230148315429688,23.593677520751953
reaction:781,Aphos G3,4,,0.0,0.7191429138183594,20.74254035949707
reaction:782,Xphos G3,1,,0.0,1.323516845703125,21.50979232788086
reaction:783,Aphos G3,0,,0.0,8.72869873046875,26.27271270751953
reaction:784,tBu3P G2,0,,0.0,-1.5849990844726562,20.620813369750977
reaction:785,RuPhos G3,1,,0.0,7.0845184326171875,22.448383331298828
reaction:786,Aphos G3,2,,0.0,4.522586822509766,22.42923927307129
reaction:787,tBu3P G2,3,,0.0,1.2826194763183594,20.92392921447754
reaction:788,RuPhos G3,3,,0.0,-1.1724166870117188,22.353620529174805
reaction:789,tBuXphos G3,3,,0.0,10.109891891479492,27.788286209106445
reaction:790,Aphos G3,2,,0.0,12.25541877746582,23.929588317871094
reaction:791,Xphos G3,0,,0.0,22.437776565551758,27.652851104736328
reaction:792,tBuXphos G3,1,,1.049417289966165,9.365753173828125,26.427146911621094
reaction:793,Aphos G3,1,,4.76634410668854,10.128841400146484,25.096338272094727
reaction:794,Xphos G3,3,,25.497730174598004,11.349529266357422,25.63398551940918
reaction:795,Aphos G3,0,,0.0,14.676424026489258,28.99555015563965
reaction:796,tBu3P G2,0,,12.530987770906195,4.206336975097656,26.516178131103516
reaction:797,RuPhos G3,0,,0.0,22.879568099975586,27.66617202758789
reaction:798,Aphos G3,1,,14.62487827203881,11.307079315185547,26.006784439086914
reaction:799,tBu3P G2,1,,16.070025397377663,9.722723007202148,25.090791702270508
reaction:800,RuPhos G3,0,,21.411673257762924,22.79726791381836,27.285451889038086
reaction:801,tBuXphos G3,4,,0.0,10.30402946472168,27.970600128173828
reaction:802,Aphos G3,4,,0.0,0.7455062866210938,24.928144454956055
reaction:803,Xphos G3,4,,0.0,2.269134521484375,25.389026641845703
reaction:804,tBuXphos G3,1,,0.0,7.764320373535156,27.23804473876953
reaction:805,Aphos G3,0,,0.0,1.1315040588378906,27.199295043945312
reaction:806,Xphos G3,2,,0.0,-0.4560699462890625,26.250701904296875
reaction:807,Aphos G3,3,,0.0,6.681243896484375,29.773094177246094
reaction:808,tBu3P G2,2,,0.0,0.08704376220703125,25.872844696044922
reaction:809,RuPhos G3,0,,0.0,2.533935546875,27.323522567749023
reaction:810,Aphos G3,1,,0.0,3.122875213623047,25.35252571105957
reaction:811,tBu3P G2,3,,0.0,0.8533287048339844,25.625520706176758
reaction:812,RuPhos G3,3,,0.0,0.3814239501953125,26.672578811645508
reaction:813,tBuXphos G3,1,,14.757522195223894,9.375391006469727,26.252622604370117
reaction:814,Aphos G3,3,,0.0,19.607933044433594,24.840999603271484
reaction:815,Xphos G3,1,,59.06884063426382,35.67058181762695,24.745800018310547
reaction:816,tBuXphos G3,3,,0.0,11.778257369995117,26.646209716796875
reaction:817,Aphos G3,3,,0.0,9.809530258178711,24.42112159729004
reaction:818,Xphos G3,1,,29.31941618030021,25.059677124023438,24.132675170898438
reaction:819,Aphos G3,4,,19.616243865425684,10.831146240234375,29.513229370117188
reaction:820,tBu3P G2,4,,28.193248553617742,3.0480499267578125,24.94342613220215
reaction:821,RuPhos G3,3,,45.03784466539644,44.68954849243164,24.170351028442383
reaction:822,Aphos G3,2,,0.0,11.275999069213867,24.14370346069336
reaction:823,tBu3P G2,0,,0.0,5.590114593505859,23.731447219848633
reaction:824,RuPhos G3,0,,28.79060113398356,31.151504516601562,24.427797317504883
reaction:825,Aphos G3,3,,0.0,16.892318725585938,25.80350685119629
reaction:826,Xphos G3,0,,23.317493338807388,3.484844207763672,25.350894927978516
reaction:827,tBuXphos G3,0,,24.840856902884063,9.219810485839844,27.302379608154297
reaction:828,Aphos G3,1,,0.0,8.159626007080078,24.733556747436523
reaction:829,Xphos G3,1,,0.0,9.133403778076172,25.500085830688477
reaction:830,Aphos G3,1,,0.0,12.405160903930664,27.251949310302734
reaction:831,tBu3P G2,0,,26.8482981742575,0.8956527709960938,25.195594787597656
reaction:832,RuPhos G3,1,,0.0,19.26212501525879,26.057126998901367
reaction:833,Aphos G3,2,,0.0,11.083749771118164,25.969913482666016
reaction:834,tBu3P G2,4,,7.187097322636585,3.7903671264648438,23.917741775512695
reaction:835,RuPhos G3,2,,4.851071806239207,5.737449645996094,25.212398529052734
reaction:836,Aphos G3,0,,50.0,43.77706527709961,25.56367301940918
reaction:837,Xphos G3,2,,100.0,5.058036804199219,24.218402862548828
reaction:838,tBuXphos G3,2,,50.0,16.0831241607666,26.97380828857422
reaction:839,Aphos G3,2,,50.0,44.566932678222656,23.551876068115234
reaction:840,Xphos G3,4,,0.0,36.42993927001953,25.876310348510742
reaction:841,Aphos G3,4,,0.0,38.2720832824707,29.655366897583008
reaction:842,tBu3P G2,3,,50.0,44.39617156982422,24.972028732299805
reaction:843,RuPhos G3,4,,0.0,69.65469360351562,26.325910568237305
reaction:844,Aphos G3,3,,50.0,35.02976989746094,25.469858169555664
reaction:845,tBu3P G2,1,,50.0,45.23722839355469,25.058948516845703
reaction:846,RuPhos G3,1,,15.257910756404945,19.093507766723633,25.10934829711914
reaction:847,tBuXphos G3,0,,0.0,12.514604568481445,22.127544403076172
reaction:848,Aphos G3,2,,19.439035475188245,11.319498062133789,19.415773391723633
reaction:849,Xphos G3,4,,88.68111286539072,46.50727462768555,20.701730728149414
reaction:850,tBuXphos G3,3,,0.0,-1.6451797485351562,22.765214920043945
reaction:851,Aphos G3,1,,7.499654843211494,11.549957275390625,20.869897842407227
reaction:852,Xphos G3,0,,86.94769305126245,45.31785583496094,19.72171974182129
reaction:853,Aphos G3,1,,33.841495732323104,30.371196746826172,26.25719451904297
reaction:854,tBu3P G2,0,,3.900172639004216,14.734384536743164,19.877208709716797
reaction:855,RuPhos G3,3,,23.532670061982863,77.13600158691406,20.246458053588867
reaction:856,Aphos G3,1,,4.778194589420092,16.738414764404297,22.795198440551758
reaction:857,tBu3P G2,1,,0.8911479550787665,9.405147552490234,20.859582901000977
reaction:858,RuPhos G3,4,,35.29081104583407,62.198917388916016,20.4281063079834
reaction:859,tBuXphos G3,4,,0.0,-2.186553955078125,22.93509292602539
reaction:860,Aphos G3,4,,0.0,4.414501190185547,21.01694107055664
reaction:861,Xphos G3,1,,81.84576024597482,54.982452392578125,20.63426399230957
reaction:862,tBuXphos G3,1,,0.0,-6.488231658935547,24.7055721282959
reaction:863,Aphos G3,0,,0.0,2.2685279846191406,20.560701370239258
reaction:864,Xphos G3,3,,77.08078844951719,53.42661666870117,20.795948028564453
reaction:865,Aphos G3,1,,0.0,25.523956298828125,26.251384735107422
reaction:866,tBu3P G2,3,,0.0,1.61224365234375,20.550090789794922
reaction:867,RuPhos G3,3,,36.94461629665167,70.48567962646484,21.226430892944336
reaction:868,Aphos G3,0,,0.0,7.7899322509765625,21.640613555908203
reaction:869,tBu3P G2,3,,0.0,-1.5550460815429688,20.476802825927734
reaction:870,RuPhos G3,1,,36.36343989766072,64.96607971191406,21.340038299560547
reaction:871,tBuXphos G3,0,,0.0,-0.06489181518554688,22.303834915161133
reaction:872,Aphos G3,0,,0.0,9.052141189575195,21.043441772460938
reaction:873,Xphos G3,4,,100.0,48.8934326171875,20.7224063873291
reaction:874,tBuXphos G3,4,,0.0,-2.4930381774902344,24.105356216430664
reaction:875,Aphos G3,0,,0.0,4.719539642333984,20.600889205932617
reaction:876,Xphos G3,0,,91.81232375958146,45.116920471191406,19.842586517333984
reaction:877,Aphos G3,2,,2.9926029829534366,5.4547119140625,26.46537971496582
reaction:878,tBu3P G2,0,,0.0,6.9652099609375,21.056867599487305
reaction:879,RuPhos G3,2,,35.156961992657976,91.97166442871094,22.23025131225586
reaction:880,Aphos G3,1,,0.0,12.170145034790039,22.39039421081543
reaction:881,tBu3P G2,0,,0.0,2.6067771911621094,20.596384048461914
reaction:882,RuPhos G3,2,,30.719341764847304,81.41366577148438,22.21480369567871
reaction:883,tBuXphos G3,1,,0.0,0.9936561584472656,24.191404342651367
reaction:884,Aphos G3,4,,25.29696767982023,20.406145095825195,23.22816276550293
reaction:885,Xphos G3,0,,100.0,59.94971466064453,20.310009002685547
reaction:886,tBuXphos G3,2,,6.08783049336507,8.837102890014648,25.80353355407715
reaction:887,Aphos G3,4,,27.76525119855124,17.840410232543945,21.985164642333984
reaction:888,Xphos G3,2,,100.0,42.55244064331055,22.022062301635742
reaction:889,Aphos G3,2,,12.042785168217048,10.442747116088867,26.464609146118164
reaction:890,tBu3P G2,4,,7.27915555412226,18.73415184020996,23.21085548400879
reaction:891,RuPhos G3,1,,50.76412631339126,91.05465698242188,22.210960388183594
reaction:892,Aphos G3,3,,23.908360083172887,29.672021865844727,23.539268493652344
reaction:893,tBu3P G2,3,,6.432814861811385,24.348018646240234,22.151275634765625
reaction:894,RuPhos G3,1,,19.08465810904828,90.62725067138672,22.744953155517578
reaction:895,tBuXphos G3,3,,0.0,9.725265502929688,22.647216796875
reaction:896,Aphos G3,4,,19.947557349770896,18.77107810974121,20.438859939575195
reaction:897,Xphos G3,0,,82.14787452958691,55.254234313964844,20.097124099731445
reaction:898,tBuXphos G3,1,,8.189485180656481,17.434024810791016,23.95307731628418
reaction:899,Aphos G3,3,,37.47214340618979,18.17980194091797,20.499113082885742
reaction:900,Xphos G3,1,,70.92259849379212,68.78163146972656,21.132577896118164
reaction:901,tBuXphos G3,3,,7.587388222841918,9.725265502929688,22.647216796875
reaction:902,Aphos G3,1,,7.703982887316217,22.290538787841797,20.254234313964844
reaction:903,Xphos G3,0,,32.43289196597494,55.254234313964844,20.097124099731445
reaction:904,Aphos G3,1,,37.54285180574013,30.33798599243164,22.265487670898438
reaction:905,tBu3P G2,3,,14.434753544423913,16.751018524169922,20.490856170654297
reaction:906,RuPhos G3,1,,18.951112336716307,68.87101745605469,21.192502975463867
reaction:907,tBuXphos G3,0,,0.0,3.5369949340820312,26.07362174987793
reaction:908,Aphos G3,4,,0.0,5.469013214111328,24.28306007385254
reaction:909,Xphos G3,2,,77.25748039842671,47.0103874206543,24.243003845214844
reaction:910,tBuXphos G3,2,,0.0,3.8114051818847656,26.77163314819336
reaction:911,Aphos G3,3,,2.1059350576559903,-0.05400848388671875,22.56643295288086
reaction:912,Xphos G3,1,,87.3622222028893,46.696258544921875,23.06496810913086
reaction:913,tBuXphos G3,1,,0.0,1.4254875183105469,24.215723037719727
reaction:914,Aphos G3,1,,0.0,5.993930816650391,23.14825439453125
reaction:915,Xphos G3,3,,34.341089950558725,71.11237335205078,23.03203582763672
reaction:916,Aphos G3,3,,1.4686008488718827,8.749664306640625,23.72952651977539
reaction:917,tBu3P G2,4,,0.0,-1.1826629638671875,23.298799514770508
reaction:918,RuPhos G3,2,,47.81452680384852,63.10023498535156,23.926206588745117
reaction:919,tBuXphos G3,3,,0.0,1.0792999267578125,28.085132598876953
reaction:920,Aphos G3,1,,0.0,-1.67779541015625,23.215017318725586
reaction:921,Xphos G3,4,,0.0,0.4730072021484375,23.554935455322266
reaction:922,tBuXphos G3,4,,5.110018926956053,11.360418319702148,27.382123947143555
reaction:923,Aphos G3,0,,0.0,0.7550010681152344,21.514644622802734
reaction:924,Xphos G3,1,,0.0,8.656145095825195,23.771879196166992
reaction:925,tBuXphos G3,3,,0.0,1.0792999267578125,28.085132598876953
reaction:926,Aphos G3,4,,0.0,-0.5880088806152344,23.636533737182617
reaction:927,Xphos G3,1,,0.0,4.2423095703125,24.03408432006836
reaction:928,Aphos G3,2,,3.5275082070745887,5.7016754150390625,25.079315185546875
reaction:929,tBu3P G2,2,,0.0,-2.38079833984375,23.789791107177734
reaction:930,RuPhos G3,3,,0.0,5.136161804199219,23.388181686401367
reaction:931,tBuXphos G3,4,,2.945452392463877,76.46351623535156,25.464418411254883
reaction:932,Aphos G3,3,,86.73870860248736,60.70099639892578,22.319921493530273
reaction:933,Xphos G3,0,,100.0,97.5550537109375,22.986982345581055
reaction:934,tBuXphos G3,1,,6.905772061013662,19.16832733154297,26.044132232666016
reaction:935,Aphos G3,0,,68.20246651936237,52.939022064208984,21.742164611816406
reaction:936,Xphos G3,0,,100.0,92.14974975585938,22.75048828125
reaction:937,tBuXphos G3,1,,100.0,12.08950424194336,23.88867950439453
reaction:938,Aphos G3,4,,70.14562247975488,74.99562072753906,23.899141311645508
reaction:939,Xphos G3,4,,100.0,95.41313171386719,23.921388626098633
reaction:940,Aphos G3,2,,72.8458755373673,59.64984130859375,22.280393600463867
reaction:941,tBu3P G2,4,,34.162264478062234,66.36078643798828,23.290983200073242
reaction:942,RuPhos G3,4,,100.0,95.44448852539062,23.677907943725586
reaction:943,tBuXphos G3,0,,27.249053874121383,32.505645751953125,26.69508934020996
reaction:944,Aphos G3,4,,100.0,74.81353759765625,24.737125396728516
reaction:945,Xphos G3,3,,100.0,98.50186920166016,22.809188842773438
reaction:946,tBuXphos G3,0,,77.45102981211369,50.724422454833984,26.53048324584961
reaction:947,Aphos G3,2,,100.0,76.59014129638672,21.858455657958984
reaction:948,Xphos G3,2,,100.0,99.73651123046875,22.458003997802734
reaction:949,Aphos G3,2,,98.06299731844318,46.390380859375,27.167911529541016
reaction:950,tBu3P G2,4,,58.52582141404755,74.19456481933594,24.718488693237305
reaction:951,RuPhos G3,4,,100.0,92.06126403808594,23.1302490234375
reaction:952,Aphos G3,4,,100.0,82.33625793457031,24.433259963989258
reaction:953,tBu3P G2,3,,65.03094256347663,87.71061706542969,21.617204666137695
reaction:954,RuPhos G3,1,,98.69696134061245,100.87998962402344,23.40068244934082
reaction:955,tBuXphos G3,2,,10.880321999847558,24.40435791015625,25.198177337646484
reaction:956,Aphos G3,2,,45.55250913803172,24.340370178222656,22.131675720214844
reaction:957,Xphos G3,0,,92.90691431108672,69.4287338256836,22.86432647705078
reaction:958,tBuXphos G3,2,,5.0398969661523925,8.570442199707031,25.933313369750977
reaction:959,Aphos G3,3,,12.772284486370516,22.159543991088867,21.681201934814453
reaction:960,Xphos G3,1,,99.09666340169709,84.03802490234375,22.793943405151367
reaction:961,Aphos G3,1,,69.5533008904066,44.57331848144531,27.398645401000977
reaction:962,tBu3P G2,4,,21.06530789149215,34.96910095214844,23.918991088867188
reaction:963,RuPhos G3,4,,64.38298893559045,82.6065444946289,23.517305374145508
reaction:964,Aphos G3,2,,8.623500612341022,29.66769027709961,23.047523498535156
reaction:965,tBu3P G2,4,,5.835808734578133,23.02349281311035,23.31522560119629
reaction:966,RuPhos G3,3,,91.31711355725356,81.61306762695312,22.544286727905273
reaction:967,tBuXphos G3,1,,0.0,3.4148521423339844,24.259321212768555
reaction:968,Aphos G3,3,,1.5735673708259257,0.7374649047851562,21.5976505279541
reaction:969,Xphos G3,3,,15.584204451315635,26.736825942993164,21.21202850341797
reaction:970,tBuXphos G3,4,,0.0,5.383426666259766,25.030868530273438
reaction:971,Aphos G3,3,,2.72998430105888,1.2488937377929688,20.648380279541016
reaction:972,Xphos G3,2,,3.968368866089888,12.254589080810547,20.781415939331055
reaction:973,Aphos G3,4,,0.0,2.8812828063964844,26.675785064697266
reaction:974,tBu3P G2,4,,0.0,1.099853515625,21.420936584472656
reaction:975,RuPhos G3,2,,30.160928745520305,18.838727951049805,20.735095977783203
reaction:976,Aphos G3,4,,1.7450938916417609,2.180816650390625,23.599557876586914
reaction:977,tBu3P G2,4,,0.0,0.8573646545410156,21.142078399658203
reaction:978,RuPhos G3,2,,12.50968642457226,12.676261901855469,20.86385726928711
reaction:979,tBuXphos G3,4,,2.575620864064568,-3.7657432556152344,23.54524803161621
reaction:980,Aphos G3,4,,2.222357256109481,0.7598190307617188,21.668851852416992
reaction:981,Xphos G3,2,,4.5402569452750745,21.638425827026367,23.898380279541016
reaction:982,tBuXphos G3,2,,0.0,-1.4670524597167969,25.294172286987305
reaction:983,Aphos G3,0,,0.0,0.65032958984375,20.955713272094727
reaction:984,Xphos G3,2,,2.42973350987668,15.586864471435547,24.219240188598633
reaction:985,Aphos G3,0,,4.788098685683388,-0.3594017028808594,26.07867431640625
reaction:986,tBu3P G2,2,,1.3773904950158236,0.5071487426757812,23.305280685424805
reaction:987,RuPhos G3,0,,15.113794069506564,15.990924835205078,21.498380661010742
reaction:988,Aphos G3,4,,1.1961252280859145,1.1863517761230469,23.452070236206055
reaction:989,tBu3P G2,2,,0.0,1.10986328125,22.88726234436035
reaction:990,RuPhos G3,2,,5.751429668271932,16.092988967895508,24.273027420043945
reaction:991,tBuXphos G3,0,,0.0,-0.9924583435058594,23.61454963684082
reaction:992,Aphos G3,2,,0.0,3.1289100646972656,21.377710342407227
reaction:993,Xphos G3,2,,24.323781196852902,42.13309097290039,21.910324096679688
reaction:994,tBuXphos G3,0,,7.929961747656453,7.246479034423828,23.23914909362793
reaction:995,Aphos G3,1,,4.237589819874973,2.9729347229003906,20.918121337890625
reaction:996,Xphos G3,4,,4.890491614480067,22.258056640625,21.356176376342773
reaction:997,Aphos G3,0,,0.0,-6.5091400146484375,25.849214553833008
reaction:998,tBu3P G2,1,,0.0,0.33563232421875,21.415605545043945
reaction:999,RuPhos G3,3,,54.12063207891301,26.009376525878906,22.310344696044922
reaction:1000,Aphos G3,0,,4.847666581667676,5.186729431152344,22.139429092407227
reaction:1001,tBu3P G2,4,,0.0,3.3439407348632812,20.850399017333984
reaction:1002,RuPhos G3,3,,23.01723854414273,8.22536849975586,21.847232818603516
reaction:1003,tBuXphos G3,1,,2.5732667418171995,4.385528564453125,25.78531265258789
reaction:1004,Aphos G3,2,,4.6052052853411976,3.7079010009765625,21.44712257385254
reaction:1005,Xphos G3,0,,16.618852756417336,38.47050476074219,21.143672943115234
reaction:1006,tBuXphos G3,4,,8.15389432935424,13.711620330810547,26.61516761779785
reaction:1007,Aphos G3,0,,7.650817480048087,5.125709533691406,20.413022994995117
reaction:1008,Xphos G3,1,,8.233056036076377,26.240947723388672,21.821226119995117
reaction:1009,Aphos G3,0,,0.0,-8.385555267333984,25.84576988220215
reaction:1010,tBu3P G2,4,,2.095921955754894,4.916633605957031,22.648983001708984
reaction:1011,RuPhos G3,2,,54.17870502651749,24.547672271728516,22.061206817626953
reaction:1012,Aphos G3,4,,6.944784223969985,9.274787902832031,24.48261833190918
reaction:1013,tBu3P G2,1,,1.0352676786690225,7.930257797241211,21.419300079345703
reaction:1014,RuPhos G3,0,,32.92835642787296,18.03961181640625,20.715087890625
reaction:1015,Aphos G3,4,,0.0,-6.944816589355469,26.584121704101562
reaction:1016,tBu3P G2,4,,1.7191278634493643,2.1670799255371094,21.394916534423828
reaction:1017,RuPhos G3,1,,11.825188935531104,20.82720375061035,21.160463333129883
reaction:1018,Aphos G3,3,,9.977418135034393,6.638751983642578,23.041013717651367
reaction:1019,tBu3P G2,4,,6.644235999443186,6.021903991699219,21.256282806396484
reaction:1020,RuPhos G3,4,,0.0,18.04547119140625,21.120065689086914
reaction:1021,tBuXphos G3,3,,0.0,5.2484893798828125,24.245359420776367
reaction:1022,Aphos G3,3,,0.0,3.311626434326172,21.84611701965332
reaction:1023,Xphos G3,1,,39.48453650977837,20.343639373779297,21.14552116394043
reaction:1024,tBuXphos G3,0,,6.53809421012025,10.822824478149414,21.837100982666016
reaction:1025,Aphos G3,4,,0.0,7.0283966064453125,21.24199104309082
reaction:1026,Xphos G3,1,,21.81183580126844,7.315330505371094,20.80713653564453
reaction:1027,Aphos G3,3,,0.0,4.900066375732422,26.7349910736084
reaction:1028,tBu3P G2,0,,1.9285196203373407,0.4087486267089844,25.634862899780273
reaction:1029,RuPhos G3,0,,8.25442967570433,19.46518898010254,25.837020874023438
reaction:1030,Aphos G3,4,,1.6975902138080097,2.2668609619140625,25.626014709472656
reaction:1031,tBu3P G2,0,,1.8285745805013287,-2.170001983642578,25.54898452758789
reaction:1032,RuPhos G3,4,,6.3065625530387335,9.576393127441406,25.070194244384766
reaction:1033,tBuXphos G3,3,,0.0,6.406764984130859,27.819122314453125
reaction:1034,Aphos G3,2,,0.0,2.620513916015625,22.57105827331543
reaction:1035,Xphos G3,0,,20.94121782706525,18.95611572265625,25.83865737915039
reaction:1036,tBuXphos G3,1,,1.5257655733429596,3.6900558471679688,25.903697967529297
reaction:1037,Aphos G3,0,,0.0,-1.0074272155761719,25.568571090698242
reaction:1038,Xphos G3,1,,11.987098830236048,3.8107528686523438,22.884689331054688
reaction:1039,Aphos G3,3,,0.0,0.3579750061035156,27.562339782714844
reaction:1040,tBu3P G2,0,,0.0,-2.254558563232422,25.59300994873047
reaction:1041,RuPhos G3,0,,0.0,2.6276779174804688,25.171483993530273
reaction:1042,tBuXphos G3,4,,0.0,16.660005569458008,27.98736572265625
reaction:1043,Aphos G3,2,,7.162322922545126,1.4012413024902344,24.55022430419922
reaction:1044,Xphos G3,0,,0.0,-0.2955589294433594,24.797204971313477
reaction:1045,tBuXphos G3,3,,0.0,1.7623062133789062,28.585887908935547
reaction:1046,Aphos G3,0,,0.0,-1.1690750122070312,25.625816345214844
reaction:1047,Xphos G3,3,,0.0,2.9691238403320312,24.046611785888672
reaction:1048,tBuXphos G3,4,,0.0,16.660005569458008,27.98736572265625
reaction:1049,Aphos G3,2,,0.0,1.4012413024902344,24.55022430419922
reaction:1050,Xphos G3,1,,0.0,-1.4323234558105469,23.79043197631836
reaction:1051,Aphos G3,0,,9.931953421508046,23.85861587524414,27.100492477416992
reaction:1052,tBu3P G2,2,,38.99143125981834,19.601078033447266,22.736358642578125
reaction:1053,RuPhos G3,3,,26.660375605202592,72.70848083496094,23.177061080932617
reaction:1054,tBuXphos G3,4,,26.31810735681357,20.06771469116211,26.825666427612305
reaction:1055,Aphos G3,1,,34.196874890245084,12.957799911499023,22.79719352722168
reaction:1056,Xphos G3,2,,13.256939249512808,47.76401138305664,22.75679588317871
reaction:1057,tBuXphos G3,1,,2.4611893040099626,20.804624557495117,25.967599868774414
reaction:1058,Aphos G3,2,,5.117129217193414,20.23028564453125,22.744497299194336
reaction:1059,Xphos G3,0,,100.0,34.371368408203125,23.469240188598633
reaction:1060,tBuXphos G3,1,,23.89544214525141,22.393478393554688,23.77869415283203
reaction:1061,Aphos G3,0,,3.956845233741188,27.887657165527344,23.399829864501953
reaction:1062,Xphos G3,2,,55.24482377394153,47.76401138305664,22.75679588317871
reaction:1063,Aphos G3,1,,0.0,10.121171951293945,27.180919647216797
reaction:1064,tBu3P G2,3,,28.23345107845328,13.30341911315918,24.372560501098633
reaction:1065,RuPhos G3,3,,29.1091152252181,41.14470672607422,24.313657760620117
reaction:1066,tBuXphos G3,2,,57.133372026020304,43.516414642333984,25.118064880371094
reaction:1067,Aphos G3,0,,58.11778757023829,13.741399765014648,23.947336196899414
reaction:1068,Xphos G3,0,,21.860360836559973,30.210918426513672,24.683191299438477
reaction:1069,tBuXphos G3,1,,33.45694735371663,16.194917678833008,26.879558563232422
reaction:1070,Aphos G3,4,,0.0,27.299518585205078,23.84484100341797
reaction:1071,Xphos G3,2,,51.971361709031086,27.894878387451172,23.540380477905273
reaction:1072,tBuXphos G3,4,,44.537196508581125,51.57637023925781,27.083433151245117
reaction:1073,Aphos G3,2,,7.085480072089201,39.9599723815918,23.346765518188477
reaction:1074,Xphos G3,0,,15.651302879798838,30.210918426513672,24.683191299438477
reaction:1075,Aphos G3,1,,5.286249544967308,21.664142608642578,26.92447853088379
reaction:1076,tBu3P G2,1,,14.466017399802626,7.658176422119141,23.483253479003906
reaction:1077,RuPhos G3,2,,28.770077748746896,25.19232940673828,22.666841506958008
reaction:1078,tBuXphos G3,4,,13.787428638134456,9.314001083374023,26.692472457885742
reaction:1079,Aphos G3,4,,10.49723286413188,9.596385955810547,23.69886589050293
reaction:1080,Xphos G3,1,,24.064437995121164,38.169437408447266,23.559438705444336
reaction:1081,tBuXphos G3,3,,7.798916561784934,11.252166748046875,26.702659606933594
reaction:1082,Aphos G3,3,,4.215000323925377,13.378866195678711,24.8515682220459
reaction:1083,Xphos G3,0,,17.808225564912334,30.904857635498047,23.51856803894043
reaction:1084,tBuXphos G3,1,,9.097240888824007,11.874244689941406,24.745145797729492
reaction:1085,Aphos G3,3,,5.257519643145339,13.174760818481445,24.141223907470703
reaction:1086,Xphos G3,3,,52.31581377325026,19.85149574279785,23.9819393157959
reaction:1087,tBuXphos G3,1,,55.57298922987239,21.28541374206543,25.513343811035156
reaction:1088,Aphos G3,0,,72.36943931432147,83.54657745361328,21.43770980834961
reaction:1089,Xphos G3,1,,20.45434217674245,11.645101547241211,21.43971824645996
reaction:1090,tBuXphos G3,2,,10.813405604355513,59.09827423095703,22.25306510925293
reaction:1091,Aphos G3,4,,71.68332163300936,70.92842102050781,20.351566314697266
reaction:1092,Xphos G3,2,,11.229929295997891,10.356880187988281,20.3586483001709
reaction:1093,Aphos G3,1,,82.3145591993176,79.45589447021484,26.340229034423828
reaction:1094,tBu3P G2,3,,77.8119029147271,75.31297302246094,20.807235717773438
reaction:1095,RuPhos G3,4,,11.809545914220442,13.619956970214844,21.56849479675293
reaction:1096,Aphos G3,4,,71.44506035514195,52.314735412597656,22.960681915283203
reaction:1097,tBu3P G2,2,,69.59017730743928,77.07284545898438,20.018556594848633
reaction:1098,RuPhos G3,4,,8.318259186384049,9.384532928466797,21.39109992980957
reaction:1099,tBuXphos G3,0,,4.990422718011888,30.96097183227539,24.187862396240234
reaction:1100,Aphos G3,1,,97.41775045302708,94.1048583984375,21.471668243408203
reaction:1101,Xphos G3,1,,19.04371578124418,18.01595687866211,22.530719757080078
reaction:1102,tBuXphos G3,1,,3.347651983930759,38.42137145996094,22.679363250732422
reaction:1103,Aphos G3,3,,91.08432530821702,94.60783386230469,21.22548484802246
reaction:1104,Xphos G3,3,,18.055618846968137,13.833940505981445,22.40340232849121
reaction:1105,Aphos G3,2,,100.0,79.88191986083984,25.86551284790039
reaction:1106,tBu3P G2,4,,97.2293532761054,92.91319274902344,21.454143524169922
reaction:1107,RuPhos G3,1,,0.0,16.89478874206543,22.53166961669922
reaction:1108,Aphos G3,4,,82.33567085062121,69.20257568359375,23.649415969848633
reaction:1109,tBu3P G2,1,,100.0,88.65925598144531,21.06774139404297
reaction:1110,RuPhos G3,3,,3.0788564949111668,12.321205139160156,22.45673942565918
reaction:1111,tBuXphos G3,3,,0.0,37.053897857666016,25.31882667541504
reaction:1112,Aphos G3,4,,100.0,95.96965026855469,21.92874526977539
reaction:1113,Xphos G3,0,,13.64795999813203,9.27482795715332,20.873258590698242
reaction:1114,tBuXphos G3,4,,6.845917552257834,33.05252456665039,23.063013076782227
reaction:1115,Aphos G3,4,,100.0,92.30545806884766,21.855506896972656
reaction:1116,Xphos G3,1,,12.6109076170491,8.643598556518555,21.03547477722168
reaction:1117,Aphos G3,1,,100.0,76.70623016357422,26.57272720336914
reaction:1118,tBu3P G2,1,,100.0,93.83560180664062,21.4902400970459
reaction:1119,RuPhos G3,4,,4.562788863775812,13.224952697753906,21.573955535888672
reaction:1120,Aphos G3,4,,93.36770276515342,72.85841369628906,23.955883026123047
reaction:1121,tBu3P G2,2,,100.0,95.99842071533203,23.048091888427734
reaction:1122,RuPhos G3,3,,3.338419834749918,11.366233825683594,22.042924880981445
reaction:1123,tBuXphos G3,4,,0.0,23.40829849243164,26.738176345825195
reaction:1124,Xphos G3,3,,0.0,0.8631782531738281,24.564027786254883
reaction:1125,tBuXphos G3,3,,0.0,17.525035858154297,25.22865867614746
reaction:1126,Xphos G3,3,,0.0,-0.4204978942871094,24.743249893188477
reaction:1127,tBu3P G2,0,,0.0,86.05673217773438,23.101818084716797
reaction:1128,RuPhos G3,3,,0.0,0.5687103271484375,24.557445526123047
reaction:1129,RuPhos G3,2,,0.0,-3.8013916015625,24.234827041625977
reaction:1130,Aphos G3,4,,59.17856580046554,97.60820770263672,22.834138870239258
reaction:1131,tBu3P G2,2,,100.0,96.7595443725586,21.08297348022461
reaction:1132,RuPhos G3,1,,8.06294769501462,14.89474105834961,21.97263526916504
reaction:1133,Aphos G3,2,,97.34373425870643,78.50452423095703,22.20319366455078
reaction:1134,tBu3P G2,1,,100.0,99.05484771728516,20.199317932128906
reaction:1135,RuPhos G3,4,,12.660631243824572,9.78248405456543,20.745573043823242
reaction:1136,Aphos G3,4,,100.0,97.60820770263672,22.834138870239258
reaction:1137,tBu3P G2,0,,100.0,100.31810760498047,20.70250129699707
reaction:1138,RuPhos G3,1,,5.690269433331669,14.89474105834961,21.97263526916504
reaction:1139,tBuXphos G3,0,,100.0,31.084226608276367,21.694435119628906
reaction:1140,Aphos G3,3,,100.0,100.34101867675781,20.968339920043945
reaction:1141,Xphos G3,3,,4.8931447682657465,17.489727020263672,21.468738555908203
reaction:1142,Aphos G3,1,,17.109246091805794,86.23983764648438,27.85952377319336
reaction:1143,tBu3P G2,3,,92.28749258850236,22.723297119140625,25.050432205200195
reaction:1144,RuPhos G3,4,,0.0,8.24582290649414,25.381696701049805
reaction:1145,Aphos G3,1,,13.277768623414024,43.98052215576172,25.269298553466797
reaction:1146,tBu3P G2,3,,28.411279260447724,15.784570693969727,25.19814682006836
reaction:1147,RuPhos G3,1,,0.0,-0.773345947265625,23.943845748901367
reaction:1148,Aphos G3,0,,100.0,27.242088317871094,26.055551528930664
reaction:1149,tBu3P G2,0,,14.653274125713716,65.07521057128906,24.77939796447754
reaction:1150,RuPhos G3,4,,6.668185292114556,8.24582290649414,25.381696701049805
reaction:1151,tBuXphos G3,3,,9.553049828182514,20.44617462158203,27.309612274169922
reaction:1152,Aphos G3,1,,3.6597136085706414,42.62017822265625,23.877147674560547
reaction:1153,Xphos G3,3,,4.091227686015359,-2.7014427185058594,25.153791427612305
reaction:1154,tBu3P G2,2,,100.0,46.450626373291016,25.4158992767334
reaction:1155,RuPhos G3,3,,16.346855028068717,5.878803253173828,23.947063446044922
reaction:1156,Aphos G3,1,,31.573871239698448,68.62777709960938,25.769142150878906
reaction:1157,tBu3P G2,4,,96.84388112492424,46.96746826171875,24.026811599731445
reaction:1158,RuPhos G3,2,,36.25724054376267,5.940891265869141,26.84209632873535
reaction:1159,Aphos G3,1,,100.0,66.25003814697266,28.63499641418457
reaction:1160,tBu3P G2,1,,32.071398770866935,82.95252990722656,25.370481491088867
reaction:1161,RuPhos G3,2,,0.0,12.546834945678711,26.965011596679688
reaction:1162,tBuXphos G3,4,,100.0,42.822235107421875,27.76261329650879
reaction:1163,Aphos G3,0,,32.5187474508008,75.67759704589844,24.742902755737305
reaction:1164,Xphos G3,4,,0.0,22.372350692749023,24.665132522583008
reaction:1165,Aphos G3,1,,94.67830906583006,98.01802062988281,27.175838470458984
reaction:1166,tBu3P G2,4,,100.0,94.36087799072266,24.2196044921875
reaction:1167,RuPhos G3,3,,18.96237335412696,23.07936668395996,23.907413482666016
reaction:1168,Aphos G3,1,,70.7133242864908,91.70089721679688,24.310537338256836
reaction:1169,tBu3P G2,4,,100.0,87.64071655273438,24.3979549407959
reaction:1170,RuPhos G3,2,,18.181410807288263,18.016292572021484,22.68876075744629
reaction:1171,Aphos G3,2,,100.0,93.76589965820312,22.81812286376953
reaction:1172,tBu3P G2,1,,100.0,99.12310791015625,22.84605598449707
reaction:1173,RuPhos G3,1,,18.84434675370036,22.07229995727539,23.538740158081055
reaction:1174,tBuXphos G3,0,,100.0,32.024383544921875,25.99004554748535
reaction:1175,Aphos G3,4,,100.0,86.71178436279297,24.451080322265625
reaction:1176,Xphos G3,3,,15.473731192748891,25.155193328857422,23.966564178466797
reaction:1177,Aphos G3,4,,73.65640354588581,97.0267105102539,27.556623458862305
reaction:1178,tBu3P G2,0,,100.0,97.9570541381836,22.05278968811035
reaction:1179,RuPhos G3,0,,75.15081107681839,37.716758728027344,23.692453384399414
reaction:1180,Aphos G3,4,,83.44953308608662,82.807861328125,25.855941772460938
reaction:1181,tBu3P G2,3,,100.0,95.60948181152344,23.60171890258789
reaction:1182,RuPhos G3,3,,40.578945460293376,38.65945816040039,23.80393409729004
reaction:1183,tBuXphos G3,1,,100.0,42.893306732177734,27.870555877685547
reaction:1184,Aphos G3,2,,100.0,96.68867492675781,24.694889068603516
reaction:1185,Xphos G3,4,,40.93006834101888,58.74010467529297,25.210229873657227
reaction:1186,tBuXphos G3,3,,91.8580446562842,74.88191986083984,26.776199340820312
reaction:1187,Aphos G3,0,,97.82952022914972,96.10757446289062,20.69395637512207
reaction:1188,Xphos G3,0,,28.96184720500956,41.543678283691406,23.179363250732422
reaction:1189,Aphos G3,1,,100.0,85.41197204589844,28.098770141601562
reaction:1190,tBu3P G2,0,,100.0,98.15623474121094,22.76280975341797
reaction:1191,RuPhos G3,0,,8.843521582614189,14.533926010131836,24.61923599243164
reaction:1192,Aphos G3,0,,19.377210118706103,88.15000915527344,22.51322364807129
reaction:1193,tBu3P G2,2,,96.8438891659753,72.52998352050781,24.2814884185791
reaction:1194,RuPhos G3,0,,10.957044963256047,27.815792083740234,24.654170989990234
reaction:1195,tBuXphos G3,3,,100.0,48.10242462158203,27.733671188354492
reaction:1196,Aphos G3,1,,97.75445508022004,92.88831329345703,24.59935760498047
reaction:1197,Xphos G3,2,,9.470264371985536,12.522726058959961,24.009660720825195
reaction:1198,tBuXphos G3,3,,88.10346554234658,31.75506591796875,26.1219539642334
reaction:1199,Aphos G3,2,,100.0,71.22901916503906,24.294694900512695
reaction:1200,Xphos G3,0,,6.680881750572028,29.30363655090332,24.554079055786133
reaction:1201,tBuXphos G3,2,,6.996755579175723,5.6858367919921875,25.637176513671875
reaction:1202,Aphos G3,3,,0.0,-0.6927032470703125,22.101823806762695
reaction:1203,Xphos G3,4,,0.0,-1.5872764587402344,20.81090545654297
reaction:1204,tBuXphos G3,2,,0.0,0.012287139892578125,27.545583724975586
reaction:1205,Aphos G3,4,,0.0,-0.4652366638183594,20.581058502197266
reaction:1206,Xphos G3,1,,0.0,-0.06860733032226562,20.986713409423828
reaction:1207,Aphos G3,0,,8.024430326760704,8.194437026977539,24.042774200439453
reaction:1208,tBu3P G2,3,,0.0,-1.9164810180664062,22.103885650634766
reaction:1209,RuPhos G3,0,,0.0,0.4284324645996094,20.991395950317383
reaction:1210,Aphos G3,4,,0.0,0.5723609924316406,22.872068405151367
reaction:1211,tBu3P G2,0,,0.0,-2.1777610778808594,20.28697967529297
reaction:1212,RuPhos G3,0,,0.0,1.2590789794921875,21.000843048095703
reaction:1213,tBuXphos G3,2,,0.0,3.7465248107910156,27.5351619720459
reaction:1214,Aphos G3,0,,0.0,0.16684722900390625,20.745473861694336
reaction:1215,Xphos G3,4,,0.0,3.0294418334960938,21.374710083007812
reaction:1216,tBuXphos G3,2,,0.0,-0.0529632568359375,28.54941177368164
reaction:1217,Aphos G3,1,,0.0,-0.09822845458984375,20.789348602294922
reaction:1218,Xphos G3,3,,0.0,0.31862640380859375,22.01375389099121
reaction:1219,Aphos G3,4,,0.0,11.820432662963867,25.138364791870117
reaction:1220,tBu3P G2,1,,0.0,-0.7420463562011719,21.374032974243164
reaction:1221,RuPhos G3,1,,0.0,2.5936050415039062,21.087783813476562
reaction:1222,Aphos G3,4,,0.0,2.220001220703125,23.31168556213379
reaction:1223,tBu3P G2,2,,0.0,-0.6815071105957031,21.728384017944336
reaction:1224,RuPhos G3,3,,11.095437835946983,0.9004020690917969,22.074987411499023
reaction:1225,tBuXphos G3,4,,0.0,3.6713294982910156,22.930784225463867
reaction:1226,Aphos G3,4,,0.0,-0.27774810791015625,21.107397079467773
reaction:1227,Xphos G3,2,,0.0,4.4775848388671875,24.38822364807129
reaction:1228,tBuXphos G3,1,,0.0,-0.39846038818359375,25.569103240966797
reaction:1229,Aphos G3,2,,0.0,0.7567481994628906,22.769372940063477
reaction:1230,Xphos G3,3,,0.0,-1.1012954711914062,21.523380279541016
reaction:1231,Aphos G3,1,,0.0,2.207775115966797,26.46546173095703
reaction:1232,tBu3P G2,3,,0.0,-2.254810333251953,22.0621337890625
reaction:1233,RuPhos G3,2,,0.0,4.992565155029297,24.407268524169922
reaction:1234,Aphos G3,3,,0.0,1.3697128295898438,22.53539276123047
reaction:1235,tBu3P G2,0,,0.0,-1.6572952270507812,20.330230712890625
reaction:1236,RuPhos G3,0,,0.0,0.7332420349121094,20.86506462097168
reaction:1237,tBuXphos G3,2,,0.0,4.369533538818359,27.322843551635742
reaction:1238,Aphos G3,1,,0.0,1.4316291809082031,22.879671096801758
reaction:1239,Xphos G3,2,,0.0,6.842048645019531,25.37108039855957
reaction:1240,tBuXphos G3,4,,0.0,6.5306854248046875,27.398523330688477
reaction:1241,Aphos G3,3,,0.0,2.6636734008789062,22.349294662475586
reaction:1242,Xphos G3,2,,0.0,4.291465759277344,25.05462646484375
reaction:1243,Aphos G3,1,,0.0,1.9925270080566406,27.402137756347656
reaction:1244,tBu3P G2,4,,0.0,-0.34851837158203125,22.181583404541016
reaction:1245,RuPhos G3,2,,0.0,7.3715057373046875,25.421415328979492
reaction:1246,Aphos G3,4,,0.0,3.7941207885742188,24.606876373291016
reaction:1247,tBu3P G2,0,,0.0,-0.8142242431640625,20.76631736755371
reaction:1248,RuPhos G3,2,,0.0,4.897953033447266,25.133459091186523
reaction:1249,tBuXphos G3,0,,0.0,10.465351104736328,20.900726318359375
reaction:1250,Aphos G3,3,,0.0,0.3075714111328125,21.542518615722656
reaction:1251,Xphos G3,0,,0.0,-0.8076400756835938,19.891502380371094
reaction:1252,tBuXphos G3,4,,0.0,8.208419799804688,25.781614303588867
reaction:1253,Aphos G3,0,,0.0,0.2734527587890625,19.698970794677734
reaction:1254,Xphos G3,2,,0.0,-0.5153579711914062,21.290849685668945
reaction:1255,Aphos G3,1,,0.0,3.3762245178222656,25.946054458618164
reaction:1256,tBu3P G2,4,,0.0,-1.4936904907226562,20.520776748657227
reaction:1257,RuPhos G3,2,,0.0,0.24565887451171875,21.708656311035156
reaction:1258,Aphos G3,4,,0.0,3.4179039001464844,22.603572845458984
reaction:1259,tBu3P G2,2,,0.0,-0.667694091796875,20.76729393005371
reaction:1260,RuPhos G3,1,,0.0,0.5182151794433594,20.541261672973633
reaction:1261,tBuXphos G3,1,,0.0,9.718156814575195,25.897098541259766
reaction:1262,Aphos G3,3,,0.0,3.8337631225585938,25.533220291137695
reaction:1263,Xphos G3,3,,0.0,0.7096519470214844,25.272075653076172
reaction:1264,tBuXphos G3,2,,0.0,2.8878250122070312,28.644590377807617
reaction:1265,Aphos G3,2,,0.0,-1.3814811706542969,25.26198959350586
reaction:1266,Xphos G3,3,,0.0,-1.3700752258300781,25.13871192932129
reaction:1267,Aphos G3,3,,0.0,8.215797424316406,27.346405029296875
reaction:1268,tBu3P G2,3,,0.0,2.5600929260253906,25.51921844482422
reaction:1269,RuPhos G3,0,,0.0,1.8101882934570312,23.51206398010254
reaction:1270,Aphos G3,4,,0.0,0.6927566528320312,25.314558029174805
reaction:1271,tBu3P G2,2,,0.0,-2.3616409301757812,25.209327697753906
reaction:1272,RuPhos G3,2,,0.0,0.6600151062011719,24.67917251586914
reaction:1273,tBuXphos G3,0,,0.0,15.630455017089844,27.805561065673828
reaction:1274,Aphos G3,1,,0.0,1.1125564575195312,25.59571647644043
reaction:1275,Xphos G3,4,,0.0,-1.7797470092773438,24.4398193359375
reaction:1276,Aphos G3,3,,9.426938815283084,1.4322433471679688,21.923404693603516
reaction:1277,tBu3P G2,1,,0.0,2.2358016967773438,24.171323776245117
reaction:1278,RuPhos G3,3,,4.620405809535455,0.51153564453125,23.067968368530273
reaction:1279,Aphos G3,4,,5.980842843292124,3.338916778564453,27.864526748657227
reaction:1280,tBu3P G2,3,,0.0,-1.9960212707519531,22.57577133178711
reaction:1281,RuPhos G3,1,,0.0,-0.03594970703125,24.931833267211914
reaction:1282,Aphos G3,4,,0.0,6.406440734863281,23.984619140625
reaction:1283,tBu3P G2,1,,0.0,2.2358016967773438,24.171323776245117
reaction:1284,RuPhos G3,2,,0.0,3.1639862060546875,22.975948333740234
reaction:1285,tBuXphos G3,2,,65.43468548063765,12.059476852416992,27.18402862548828
reaction:1286,Aphos G3,2,,3.8257776091600784,2.3744125366210938,22.410404205322266
reaction:1287,Xphos G3,2,,8.101702028531111,2.068878173828125,22.92606544494629
reaction:1288,Aphos G3,1,,6.454318216309833,3.1780242919921875,23.38161849975586
reaction:1289,tBu3P G2,4,,0.0,1.4072189331054688,23.9202938079834
reaction:1290,RuPhos G3,4,,4.792088943144111,3.392242431640625,24.257471084594727
reaction:1291,Aphos G3,2,,25.34507637398753,10.534984588623047,25.624235153198242
reaction:1292,tBu3P G2,4,,0.0,4.540645599365234,24.935382843017578
reaction:1293,RuPhos G3,3,,0.0,9.288995742797852,23.33465576171875
reaction:1294,Aphos G3,3,,0.0,6.2659912109375,23.7294864654541
reaction:1295,tBu3P G2,0,,0.0,0.6725234985351562,21.216825485229492
reaction:1296,RuPhos G3,1,,0.0,5.042869567871094,23.379974365234375
reaction:1297,tBuXphos G3,4,,20.09174082796562,10.935447692871094,27.831167221069336
reaction:1298,Aphos G3,3,,0.0,3.1438865661621094,25.356830596923828
reaction:1299,Xphos G3,4,,8.896936798679175,8.573610305786133,26.001800537109375
reaction:1300,Aphos G3,2,,24.466688591415465,4.754055023193359,23.978057861328125
reaction:1301,tBu3P G2,3,,0.0,4.519775390625,24.245878219604492
reaction:1302,RuPhos G3,4,,15.260288858394016,10.687110900878906,26.25312614440918
reaction:1303,Aphos G3,1,,0.0,10.843229293823242,27.160463333129883
reaction:1304,tBu3P G2,0,,0.0,1.5931434631347656,23.156740188598633
reaction:1305,RuPhos G3,2,,8.497040845602456,8.49631118774414,23.01093864440918
reaction:1306,Aphos G3,2,,0.0,4.754055023193359,23.978057861328125
reaction:1307,tBu3P G2,0,,0.0,3.9046287536621094,21.822113037109375
reaction:1308,RuPhos G3,4,,0.0,10.687110900878906,26.25312614440918
reaction:1309,tBuXphos G3,2,,38.602414207307405,9.55694580078125,27.984882354736328
reaction:1310,Aphos G3,1,,0.0,4.100605010986328,24.654094696044922
reaction:1311,Xphos G3,0,,0.0,0.04878997802734375,23.11189079284668
reaction:1312,Aphos G3,1,,0.0,2.8135223388671875,24.37307357788086
reaction:1313,tBu3P G2,2,,0.0,-0.024318695068359375,21.694934844970703
reaction:1314,RuPhos G3,4,,0.0,3.1675987243652344,24.593250274658203
reaction:1315,Aphos G3,2,,40.09754457334618,10.774171829223633,26.18815803527832
reaction:1316,tBu3P G2,4,,0.0,2.1422958374023438,24.917381286621094
reaction:1317,RuPhos G3,4,,0.0,0.6107444763183594,25.520872116088867
reaction:1318,Aphos G3,4,,0.0,2.484710693359375,23.815671920776367
reaction:1319,tBu3P G2,1,,0.0,1.3293647766113281,24.21637725830078
reaction:1320,RuPhos G3,2,,0.0,2.4225616455078125,22.835105895996094
