restart,step,negative_mll_per_point,lengthscale_mean,noise_variance_standardized
0,1,0.6975041153949056,1.0000000000000007,9.999999974752433e-07
0,2,0.6948309576208803,0.9901589910257115,9.999999974752433e-07
0,3,0.6932573565578909,0.9807218203611265,9.999999974752433e-07
0,4,0.6926124258663517,0.9720458310173152,9.999999974752433e-07
0,5,0.6926362044640135,0.964596788159305,9.999999974752433e-07
0,6,0.6930029468004718,0.9588277180096701,9.999999974752433e-07
0,7,0.6934085288803801,0.9549913405098004,9.999999974752433e-07
0,8,0.693660979544439,0.9530549193869867,9.999999974752433e-07
0,9,0.6936992960052941,0.9527805939082381,9.999999974752433e-07
0,10,0.6935532036643776,0.9538522157544228,9.999999974752433e-07
0,11,0.6932950477448016,0.9559523788830958,9.999999974752433e-07
0,12,0.6930066741446338,0.9587859768066316,9.999999974752433e-07
0,13,0.6927598764966293,0.962076708348506,9.999999974752433e-07
0,14,0.6926042454952807,0.9655564490379244,9.999999974752433e-07
0,15,0.6925593027032041,0.9689589699627413,9.999999974752433e-07
0,16,0.6926117745311808,0.9720253493745346,9.999999974752433e-07
0,17,0.6927210907306781,0.9745241297973881,9.999999974752433e-07
0,18,0.6928343489032007,0.9762809997313002,9.999999974752433e-07
0,19,0.6929060523123588,0.97720416761099,9.999999974752433e-07
0,20,0.6929133391371378,0.9772922940856695,9.999999974752433e-07
0,21,0.6928599544420745,0.9766233416319914,9.999999974752433e-07
0,22,0.6927694879849743,0.9753332285102723,9.999999974752433e-07
0,23,0.6926733377252693,0.9735939362026133,9.999999974752433e-07
0,24,0.6925990256751914,0.9715952808190843,9.999999974752433e-07
0,25,0.6925623321193827,0.9695298516284216,9.999999974752433e-07
0,26,0.6925645813283748,0.9675792399470401,9.999999974752433e-07
0,27,0.6925948322396869,0.9659007681035615,9.999999974752433e-07
0,28,0.6926354920637641,0.9646157391872474,9.999999974752433e-07
0,29,0.6926690527620353,0.9638012409877604,9.999999974752433e-07
0,30,0.6926836052322706,0.9634870421389283,9.999999974752433e-07
0,31,0.6926755950970244,0.9636575967141054,9.999999974752433e-07
0,32,0.6926494985186881,0.9642578156137914,9.999999974752433e-07
0,33,0.6926151054741857,0.9652008978071598,9.999999974752433e-07
0,34,0.6925836057282762,0.9663770721224483,9.999999974752433e-07
0,35,0.692563755355065,0.9676629494383385,9.999999974752433e-07
0,36,0.69255923460378,0.9689317004619196,9.999999974752433e-07
0,37,0.6925679478626146,0.970064133520636,9.999999974752433e-07
0,38,0.6925834260309613,0.9709600136023806,9.999999974752433e-07
0,39,0.6925977344398022,0.9715480889451467,9.999999974752433e-07
0,40,0.6926046645867979,0.9717929182596089,9.999999974752433e-07
0,41,0.6926018840274248,0.9716970977522548,9.999999974752433e-07
0,42,0.6925912620342146,0.9712986235192048,9.999999974752433e-07
0,43,0.6925774735566299,0.9706642183422336,9.999999974752433e-07
0,44,0.6925657082465196,0.9698800038557549,9.999999974752433e-07
0,45,0.6925595493385214,0.9690409183326469,9.999999974752433e-07
0,46,0.6925598355507114,0.9682400831385468,9.999999974752433e-07
0,47,0.6925647892158754,0.9675591530297057,9.999999974752433e-07
0,48,0.6925711492078648,0.9670605603202411,9.999999974752433e-07
0,49,0.692575698618171,0.9667823634188046,9.999999974752433e-07
0,50,0.6925765250625026,0.9667360718442858,9.999999974752433e-07
0,51,0.6925735650990844,0.9669074132868333,9.999999974752433e-07
0,52,0.6925683328894822,0.9672596732392331,9.999999974752433e-07
0,53,0.6925630609135748,0.9677390586099629,9.999999974752433e-07
0,54,0.6925596737297207,0.9682814831704789,9.999999974752433e-07
0,55,0.6925590286324332,0.9688201441459948,9.999999974752433e-07
0,56,0.6925607044045343,0.9692931805067818,9.999999974752433e-07
0,57,0.6925633656957921,0.9696505923751484,9.999999974752433e-07
0,58,0.6925654793367237,0.9698595601766122,9.999999974752433e-07
0,59,0.6925660216528315,0.9699074399493895,9.999999974752433e-07
0,60,0.6925648565465405,0.9698020496798991,9.999999974752433e-07
0,61,0.6925626547853607,0.9695693100937821,9.999999974752433e-07
0,62,0.6925604574202558,0.969248720214898,9.999999974752433e-07
0,63,0.6925591388994559,0.9688874293940088,9.999999974752433e-07
0,64,0.6925590336592629,0.9685337866184783,9.999999974752433e-07
0,65,0.6925598722333529,0.9682312295983939,9.999999974752433e-07
0,66,0.692561005992172,0.9680132542257982,9.999999974752433e-07
0,67,0.6925617698617627,0.9679000058621334,9.999999974752433e-07
0,68,0.6925617933294024,0.9678967856003831,9.999999974752433e-07
0,69,0.692561124203333,0.9679945050866371,9.999999974752433e-07
0,70,0.692560136968131,0.9681718915758042,9.999999974752433e-07
0,71,0.6925593014220498,0.9683990641613505,9.999999974752433e-07
0,72,0.6925589415296282,0.9686419755133221,9.999999974752433e-07
0,73,0.6925591011714071,0.9688671352723497,9.999999974752433e-07
0,74,0.692559566721815,0.9690460040666231,9.999999974752433e-07
0,75,0.6925600132778994,0.9691584867790329,9.999999974752433e-07
0,76,0.6925601841547043,0.9691950763403542,9.999999974752433e-07
0,77,0.6925600084010325,0.9691574013714599,9.999999974752433e-07
0,78,0.692559605774055,0.9690571798125357,9.999999974752433e-07
0,79,0.6925591937476246,0.9689138246093243,9.999999974752433e-07
0,80,0.6925589596168432,0.968751137114491,9.999999974752433e-07
0,81,0.6925589691643015,0.9685936285384925,9.999999974752433e-07
0,82,0.692559153149038,0.9684630217921699,9.999999974752433e-07
0,83,0.6925593659284056,0.9683754152025279,9.999999974752433e-07
0,84,0.6925594740245697,0.9683394564006608,9.999999974752433e-07
0,85,0.6925594236823025,0.9683557054181293,9.999999974752433e-07
0,86,0.6925592555231531,0.9684171881871076,9.999999974752433e-07
0,87,0.6925590670562537,0.9685109793501012,9.999999974752433e-07
0,88,0.6925589510911959,0.9686205241685638,9.999999974752433e-07
0,89,0.6925589466134567,0.9687283246245911,9.999999974752433e-07
0,90,0.6925590265761451,0.9688185817578465,9.999999974752433e-07
0,91,0.6925591235281002,0.9688794092917375,9.999999974752433e-07
0,92,0.692559173228274,0.9689043122236882,9.999999974752433e-07
0,93,0.6925591494278251,0.9688927490585354,9.999999974752433e-07
0,94,0.6925590719186436,0.968849748010072,9.999999974752433e-07
0,95,0.6925589876093444,0.9687846986847153,9.999999974752433e-07
0,96,0.6925589395722681,0.9687095641041613,9.999999974752433e-07
0,97,0.6925589434293122,0.9686368329992573,9.999999974752433e-07
0,98,0.6925589832016231,0.9685775498487426,9.999999974752433e-07
0,99,0.6925590257653175,0.9685397223751737,9.999999974752433e-07
0,100,0.6925590426278366,0.9685273245347709,9.999999974752433e-07
1,1,1.6707668555832842,1.276637315750122,9.999999974752433e-07
1,2,1.5616059049133613,1.2640498691520115,9.999999974752433e-07
1,3,1.4632904845538561,1.251635430838032,9.999999974752433e-07
1,4,1.374998208982022,1.239422799121065,9.999999974752433e-07
1,5,1.2959221100879583,1.227438821206087,9.999999974752433e-07
1,6,1.2252793698167344,1.2157080736032706,9.999999974752433e-07
1,7,1.162318607188466,1.2042526154610593,9.999999974752433e-07
1,8,1.1063256408629258,1.1930918179183987,9.999999974752433e-07
1,9,1.0566277335817678,1.1822422683181628,9.999999974752433e-07
1,10,1.0125963963690119,1.1717177445314042,9.999999974752433e-07
1,11,0.973648884654033,1.1615292519176852,9.999999974752433e-07
1,12,0.9392485543838492,1.1516851136604322,9.999999974752433e-07
1,13,0.9089042647635963,1.1421911043257478,9.999999974752433e-07
1,14,0.8821690179821162,1.1330506163765948,9.999999974752433e-07
1,15,0.8586380184200887,1.1242648498652925,9.999999974752433e-07
1,16,0.8379463178580386,1.1158330164463852,9.999999974752433e-07
1,17,0.8197661923228298,1.1077525500299132,9.999999974752433e-07
1,18,0.8038043731444028,1.1000193176879454,9.999999974752433e-07
1,19,0.7897992316023901,1.0926278257227229,9.999999974752433e-07
1,20,0.7775179947134132,1.08557141702357,9.999999974752433e-07
1,21,0.766754050123396,1.078842456931867,9.999999974752433e-07
1,22,0.7573243812022575,1.0724325057732123,9.999999974752433e-07
1,23,0.749067159399285,1.0663324769959828,9.999999974752433e-07
1,24,0.741839509612444,1.060532780481269,9.999999974752433e-07
1,25,0.7355154554982128,1.055023451073845,9.999999974752433e-07
1,26,0.7299840449873839,1.0497942627451209,9.999999974752433e-07
1,27,0.7251476514342726,1.0448348290559137,9.999999974752433e-07
1,28,0.7209204424750141,1.0401346907582283,9.999999974752433e-07
1,29,0.7172270065036056,1.0356833914783528,9.999999974752433e-07
1,30,0.7140011254248826,1.0314705424737887,9.999999974752433e-07
1,31,0.7111846817827029,1.0274858774668505,9.999999974752433e-07
1,32,0.7087266883090981,1.0237192985390475,9.999999974752433e-07
1,33,0.7065824282396636,1.0201609140312513,9.999999974752433e-07
1,34,0.7047126952846828,1.016801069342089,9.999999974752433e-07
1,35,0.7030831228355291,1.0136303714563035,9.999999974752433e-07
1,36,0.7016635927618726,1.0106397079699472,9.999999974752433e-07
1,37,0.7004277149641133,1.0078202613132516,9.999999974752433e-07
1,38,0.6993523696533047,1.005163518806898,9.999999974752433e-07
1,39,0.6984173051150261,1.0026612791246685,9.999999974752433e-07
1,40,0.6976047844561869,1.0003056556760748,9.999999974752433e-07
1,41,0.6968992755274112,0.9980890773670256,9.999999974752433e-07
1,42,0.696287178853223,0.9960042871452994,9.999999974752433e-07
1,43,0.6957565889845891,0.9940443386905208,9.999999974752433e-07
1,44,0.6952970852167634,0.9922025915655143,9.999999974752433e-07
1,45,0.6948995480899763,0.9904727051071317,9.999999974752433e-07
1,46,0.6945559985149966,0.9888486312997344,9.999999974752433e-07
1,47,0.6942594567442589,0.987324606843166,9.999999974752433e-07
1,48,0.6940038187451595,0.9858951445990827,9.999999974752433e-07
1,49,0.6937837478291354,0.9845550245745277,9.999999974752433e-07
1,50,0.6935945796529712,0.9832992845795138,9.999999974752433e-07
1,51,0.693432238940447,0.9821232106757184,9.999999974752433e-07
1,52,0.6932931664752953,0.9810223275160675,9.999999974752433e-07
1,53,0.6931742550964876,0.979992388659685,9.999999974752433e-07
1,54,0.6930727935829405,0.9790293669332235,9.999999974752433e-07
1,55,0.6929864174534706,0.9781294448978198,9.999999974752433e-07
1,56,0.692913065827959,0.9772890054705613,9.999999974752433e-07
1,57,0.6928509436020283,0.9765046227403534,9.999999974752433e-07
1,58,0.6927984882800718,0.9757730530102321,9.999999974752433e-07
1,59,0.6927543408927725,0.9750912260913454,9.999999974752433e-07
1,60,0.6927173204962045,0.9744562368679505,9.999999974752433e-07
1,61,0.6926864018121628,0.9738653371476872,9.999999974752433e-07
1,62,0.6926606956233634,0.9733159278070372,9.999999974752433e-07
1,63,0.6926394315855368,0.9728055512381539,9.999999974752433e-07
1,64,0.6926219431595496,0.9723318841000803,9.999999974752433e-07
1,65,0.6926076544037083,0.9718927303747027,9.999999974752433e-07
1,66,0.6925960683981585,0.971486014725552,9.999999974752433e-07
1,67,0.692586757101586,0.971109776155685,9.999999974752433e-07
1,68,0.6925793524646645,0.9707621619593648,9.999999974752433e-07
1,69,0.6925735386467049,0.9704414219609875,9.999999974752433e-07
1,70,0.6925690452001173,0.9701459030337373,9.999999974752433e-07
1,71,0.6925656411047253,0.9698740438896415,9.999999974752433e-07
1,72,0.6925631295474941,0.9696243701321302,9.999999974752433e-07
1,73,0.6925613433569181,0.9693954895617568,9.999999974752433e-07
1,74,0.6925601410114647,0.9691860877254562,9.999999974752433e-07
1,75,0.6925594031521329,0.9689949236995303,9.999999974752433e-07
1,76,0.6925590295371455,0.9688208260964944,9.999999974752433e-07
1,77,0.6925589363845188,0.9686626892859066,9.999999974752433e-07
1,78,0.6925590540551151,0.9685194698193988,9.999999974752433e-07
1,79,0.6925593250339717,0.9683901830502671,9.999999974752433e-07
1,80,0.6925597021733864,0.9682738999381526,9.999999974752433e-07
1,81,0.6925601471653768,0.9681697440295901,9.999999974752433e-07
1,82,0.6925606292152022,0.9680768886054482,9.999999974752433e-07
1,83,0.6925611238907642,0.967994553986558,9.999999974752433e-07
1,84,0.6925616121264946,0.9679220049891576,9.999999974752433e-07
1,85,0.692562079361814,0.9678585485220489,9.999999974752433e-07
1,86,0.6925625147978579,0.9678035313177272,9.999999974752433e-07
1,87,0.6925629107571584,0.9677563377900376,9.999999974752433e-07
1,88,0.6925632621335398,0.9677163880112611,9.999999974752433e-07
1,89,0.6925635659205537,0.9676831358018505,9.999999974752433e-07
1,90,0.6925638208084812,0.9676560669263591,9.999999974752433e-07
1,91,0.692564026841123,0.9676346973894326,9.999999974752433e-07
1,92,0.6925641851243645,0.9676185718260376,9.999999974752433e-07
1,93,0.6925642975799635,0.9676072619804028,9.999999974752433e-07
1,94,0.6925643667384977,0.9676003652684633,9.999999974752433e-07
1,95,0.6925643955661882,0.9675975034188512,9.999999974752433e-07
1,96,0.6925643873209492,0.9675983211877925,9.999999974752433e-07
1,97,0.6925643454338682,0.9676024851434917,9.999999974752433e-07
1,98,0.6925642734122162,0.9676096825158849,9.999999974752433e-07
1,99,0.6925641747613309,0.9676196201078415,9.999999974752433e-07
1,100,0.6925640529223165,0.9676320232641725,9.999999974752433e-07
1,101,0.6925639112233402,0.9676466348949817,9.999999974752433e-07
1,102,0.6925637528426194,0.9676632145501408,9.999999974752433e-07
1,103,0.6925635807809665,0.9676815375418546,9.999999974752433e-07
1,104,0.6925633978426222,0.9677013941124701,9.999999974752433e-07
1,105,0.6925632066229764,0.9677225886448763,9.999999974752433e-07
1,106,0.6925630095018729,0.967744938912998,9.999999974752433e-07
1,107,0.6925628086415906,0.9677682753700524,9.999999974752433e-07
1,108,0.6925626059885893,0.9677924404723945,9.999999974752433e-07
1,109,0.6925624032783088,0.967817288036907,9.999999974752433e-07
1,110,0.6925622020422747,0.9678426826300394,9.999999974752433e-07
1,111,0.6925620036171258,0.9678684989867116,9.999999974752433e-07
1,112,0.692561809154834,0.9678946214574277,9.999999974752433e-07
1,113,0.692561619634076,0.9679209434820489,9.999999974752433e-07
1,114,0.6925614358720148,0.9679473670887772,9.999999974752433e-07
1,115,0.6925612585365664,0.9679738024170028,9.999999974752433e-07
1,116,0.6925610881587079,0.9680001672627557,9.999999974752433e-07
1,117,0.692560925144669,0.9680263866455858,9.999999974752433e-07
1,118,0.6925607697879582,0.9680523923957705,9.999999974752433e-07
1,119,0.6925606222809533,0.9680781227608305,9.999999974752433e-07
1,120,0.6925604827260896,0.968103522030392,9.999999974752433e-07
1,121,0.6925603511464622,0.9681285401785008,9.999999974752433e-07
1,122,0.6925602274958449,0.9681531325225573,9.999999974752433e-07
1,123,0.6925601116681358,0.968177259398084,9.999999974752433e-07
1,124,0.6925600035061179,0.9682008858485939,9.999999974752433e-07
1,125,0.6925599028095527,0.9682239813298749,9.999999974752433e-07
1,126,0.6925598093426922,0.9682465194280475,9.999999974752433e-07
1,127,0.6925597228410761,0.9682684775907858,9.999999974752433e-07
1,128,0.6925596430176358,0.9682898368711412,9.999999974752433e-07
1,129,0.6925595695684106,0.9683105816834237,9.999999974752433e-07
1,130,0.6925595021774402,0.9683306995706495,9.999999974752433e-07
1,131,0.6925594405212289,0.9683501809830679,9.999999974752433e-07
1,132,0.6925593842726758,0.9683690190673228,9.999999974752433e-07
1,133,0.6925593331044353,0.9683872094658215,9.999999974752433e-07
1,134,0.6925592866919497,0.9684047501259125,9.999999974752433e-07
1,135,0.6925592447159123,0.9684216411184751,9.999999974752433e-07
1,136,0.692559206864429,0.9684378844655736,9.999999974752433e-07
2,1,8633.064824943322,4.2459378242492685,9.999999974752433e-07
2,2,8397.039795643566,4.203966308925012,9.999999974752433e-07
2,3,8164.342607243555,4.162424711616447,9.999999974752433e-07
2,4,7935.02243440936,4.1213191524803765,9.999999974752433e-07
2,5,7709.123699866402,4.080655497402258,9.999999974752433e-07
2,6,7486.686606588906,4.040439327632205,9.999999974752433e-07
2,7,7267.747650987754,4.000675915912044,9.999999974752433e-07
2,8,7052.340212488786,3.9613702095947594,9.999999974752433e-07
2,9,6840.495226064684,3.922526820941175,9.999999974752433e-07
2,10,6632.241768497724,3.8841500244233362,9.999999974752433e-07
2,11,6427.60761318206,3.8462437605969546,9.999999974752433e-07
2,12,6226.619841478109,3.8088116458577024,9.999999974752433e-07
2,13,6029.305172953496,3.771856987147209,9.999999974752433e-07
2,14,5835.690313118561,3.7353828005919856,9.999999974752433e-07
2,15,5645.802254793778,3.6993918329695576,9.999999974752433e-07
2,16,5459.668279285217,3.663886584732907,9.999999974752433e-07
2,17,5277.316020203038,3.628869333552139,9.999999974752433e-07
2,18,5098.773285863424,3.594342157214,9.999999974752433e-07
2,19,4924.067868867731,3.560306954881583,9.999999974752433e-07
2,20,4753.227192846563,3.5267654658389027,9.999999974752433e-07
2,21,4586.2778911253845,3.4937192849283916,9.999999974752433e-07
2,22,4423.2453196595925,3.4611698741074215,9.999999974752433e-07
2,23,4264.152984876091,3.42911856963189,9.999999974752433e-07
2,24,4109.0219526466135,3.3975665846016,9.999999974752433e-07
2,25,3957.8702371780464,3.3665150067187235,9.999999974752433e-07
2,26,3810.7121400892056,3.3359647913012465,9.999999974752433e-07
2,27,3667.557651607686,3.3059167497900344,9.999999974752433e-07
2,28,3528.411855156811,3.2763715341391495,9.999999974752433e-07
2,29,3393.2744113918448,3.2473296176421083,9.999999974752433e-07
2,30,3262.1390462736795,3.2187912729041743,9.999999974752433e-07
2,31,3134.9932707353464,3.190756547844206,9.999999974752433e-07
2,32,3011.8180071919346,3.1632252405585226,9.999999974752433e-07
2,33,2892.5875080123824,3.1361968741405146,9.999999974752433e-07
2,34,2777.2692708409368,3.1096706723408287,9.999999974752433e-07
2,35,2665.824100668434,3.0836455370613534,9.999999974752433e-07
2,36,2558.2062994861626,3.058120028523007,9.999999974752433e-07
2,37,2454.363927282324,3.033092348820907,9.999999974752433e-07
2,38,2354.2391597693386,3.0085603294397405,9.999999974752433e-07
2,39,2257.7687233751067,2.984521423107709,9.999999974752433e-07
2,40,2164.8843718951425,2.960972700187204,9.999999974752433e-07
2,41,2075.5134070738504,2.9379108496126034,9.999999974752433e-07
2,42,1989.5792310459378,2.9153321842210644,9.999999974752433e-07
2,43,1907.0018860775208,2.8932326501551304,9.999999974752433e-07
2,44,1827.6986044545092,2.8716078399158036,9.999999974752433e-07
2,45,1751.5843319665585,2.8504530085402253,9.999999974752433e-07
2,46,1678.5722241596734,2.8297630923268815,9.999999974752433e-07
2,47,1608.5741181649382,2.8095327295072363,9.999999974752433e-07
2,48,1541.5009551843696,2.7897562822572333,9.999999974752433e-07
2,49,1477.2631728785998,2.7704278594807294,9.999999974752433e-07
2,50,1415.7710562168827,2.751541339839748,9.999999974752433e-07
2,51,1356.9350413600973,2.733090394558352,9.999999974752433e-07
2,52,1300.665993225602,2.7150685096209246,9.999999974752433e-07
2,53,1246.8754389906612,2.697469007041035,9.999999974752433e-07
2,54,1195.4757807987482,2.680285064971293,9.999999974752433e-07
2,55,1146.380467571399,2.6635097364828377,9.999999974752433e-07
2,56,1099.5041568995196,2.6471359669367116,9.999999974752433e-07
2,57,1054.7628413876425,2.631156609907918,9.999999974752433e-07
2,58,1012.0739709560908,2.615564441704184,9.999999974752433e-07
2,59,971.3565505379765,2.600352174540331,9.999999974752433e-07
2,60,932.5312325725748,2.585512468486395,9.999999974752433e-07
2,61,895.5203921059016,2.5710379423121172,9.999999974752433e-07
2,62,860.2481987718758,2.5569211833864496,9.999999974752433e-07
2,63,826.6406779003034,2.5431547567796176,9.999999974752433e-07
2,64,794.625764004562,2.529731213722987,9.999999974752433e-07
2,65,764.1333528188651,2.516643099575983,9.999999974752433e-07
2,66,735.0953403509525,2.5038829614215015,9.999999974752433e-07
2,67,707.44565898619,2.4914433554126156,9.999999974752433e-07
2,68,681.1203094842488,2.4793168539625987,9.999999974752433e-07
2,69,656.0573823301539,2.467496052846617,9.999999974752433e-07
2,70,632.1970741003191,2.4559735782702816,9.999999974752433e-07
2,71,609.4816977462506,2.4447420939362225,9.999999974752433e-07
2,72,587.8556855734835,2.4337943081197535,9.999999974752433e-07
2,73,567.2655845037817,2.4231229807482326,9.999999974752433e-07
2,74,547.6600465581928,2.412720930467061,9.999999974752433e-07
2,75,528.9898102835276,2.4025810416587414,9.999999974752433e-07
2,76,511.20767685815883,2.3926962713791236,9.999999974752433e-07
2,77,494.26848104807164,2.383059656166339,9.999999974752433e-07
2,78,478.12905489591265,2.3736643186725304,9.999999974752433e-07
2,79,462.74818677801835,2.364503474071785,9.999999974752433e-07
2,80,448.08657764646813,2.355570436197656,9.999999974752433e-07
2,81,434.1067898296825,2.34685862336152,9.999999974752433e-07
2,82,420.7731952973888,2.338361563816346,9.999999974752433e-07
2,83,408.05191924629037,2.33007290082751,9.999999974752433e-07
2,84,395.9107827129583,2.3219863973228,9.999999974752433e-07
2,85,384.3192423309654,2.3140959400961942,9.999999974752433e-07
2,86,373.24832853515517,2.306395543549271,9.999999974752433e-07
2,87,362.6705848152352,2.298879352961162,9.999999974752433e-07
2,88,352.5600044092372,2.2915416472784624,9.999999974752433e-07
2,89,342.8919688367759,2.2843768414287715,9.999999974752433e-07
2,90,333.64318572993005,2.2773794881614244,9.999999974752433e-07
2,91,324.7916277698568,2.27054427942689,9.999999974752433e-07
2,92,316.316473357514,2.2638660473094334,9.999999974752433e-07
2,93,308.198047368909,2.257339764528741,9.999999974752433e-07
2,94,300.41776431322523,2.2509605445330187,9.999999974752433e-07
2,95,292.9580729433427,2.244723641205215,9.999999974752433e-07
2,96,285.80240237510696,2.2386244482065143,9.999999974752433e-07
2,97,278.93511022236174,2.2326584979833624,9.999999974752433e-07
2,98,272.34143312187064,2.22682146046447,9.999999974752433e-07
2,99,266.0074385621948,2.221109141473325,9.999999974752433e-07
2,100,259.9199791349969,2.21551748088399,9.999999974752433e-07
2,101,254.06664890578767,2.2100425505462975,9.999999974752433e-07
2,102,248.43574140460132,2.20468055200574,9.999999974752433e-07
2,103,243.01621020573992,2.1994278140439114,9.999999974752433e-07
2,104,237.7976307884637,2.1942807900623436,9.999999974752433e-07
2,105,232.77016490771578,2.189236055333925,9.999999974752433e-07
2,106,227.92452655562502,2.1842903041426767,9.999999974752433e-07
2,107,223.25194963466348,2.1794403468324597,9.999999974752433e-07
2,108,218.74415768870674,2.1746831067841876,9.999999974752433e-07
2,109,214.3933351060341,2.170015617338593,9.999999974752433e-07
2,110,210.19209980267465,2.1654350186810545,9.999999974752433e-07
2,111,206.1334778041271,2.1609385547040802,9.999999974752433e-07
2,112,202.21087907190778,2.156523569860429,9.999999974752433e-07
2,113,198.41807457727708,2.152187506019416,9.999999974752433e-07
2,114,194.7491752238545,2.1479278993383035,9.999999974752433e-07
2,115,191.19861145728814,2.1437423771575332,9.999999974752433e-07
2,116,187.76111435066937,2.1396286549297017,9.999999974752433e-07
2,117,184.4316979631414,2.1355845331899483,9.999999974752433e-07
2,118,181.20564242640484,2.1316078945740284,9.999999974752433e-07
2,119,178.0784783556568,2.127696700890671,9.999999974752433e-07
2,120,175.0459719966895,2.123848990252809,9.999999974752433e-07
2,121,172.10411149612105,2.1200628742722736,9.999999974752433e-07
2,122,169.24909371583635,2.1163365353209826,9.999999974752433e-07
2,123,166.47731215519627,2.1126682238621846,9.999999974752433e-07
2,124,163.7853454654856,2.109056255853412,9.999999974752433e-07
2,125,161.16994667786471,2.105499010222981,9.999999974752433e-07
2,126,158.62803306020564,2.1019949264212454,9.999999974752433e-07
2,127,156.1566767516035,2.0985425020475392,9.999999974752433e-07
2,128,153.75309575991938,2.095140290552713,9.999999974752433e-07
2,129,151.4146457283265,2.0917868990176673,9.999999974752433e-07
2,130,149.1388119858774,2.0884809860071205,9.999999974752433e-07
2,131,146.92320233406392,2.0852212594984363,9.999999974752433e-07
2,132,144.76554004116838,2.0820064748841336,9.999999974752433e-07
2,133,142.66365737110215,2.0788354330474066,9.999999974752433e-07
2,134,140.61548962494513,2.075706978509388,9.999999974752433e-07
2,135,138.61906923623084,2.072619997646257,9.999999974752433e-07
2,136,136.6725206198228,2.069573416975426,9.999999974752433e-07
2,137,134.7740549569226,2.0665662015083166,9.999999974752433e-07
2,138,132.92196557908792,2.0635973531687326,9.999999974752433e-07
2,139,131.114623488032,2.0606659092745314,9.999999974752433e-07
2,140,129.3504731055909,2.057770941080903,9.999999974752433e-07
2,141,127.62802852132707,2.0549115523836576,9.999999974752433e-07
2,142,125.94586957508803,2.052086878179882,9.999999974752433e-07
2,143,124.3026385444653,2.0492960833849856,9.999999974752433e-07
2,144,122.69703681916555,2.046538361603516,9.999999974752433e-07
2,145,121.12782181392626,2.0438129339520836,9.999999974752433e-07
2,146,119.59380408530404,2.0411190479325563,9.999999974752433e-07
2,147,118.09384461528931,2.0384559763535655,9.999999974752433e-07
2,148,116.62685220040075,2.035823016298473,9.999999974752433e-07
2,149,115.19178108893544,2.0332194881381307,9.999999974752433e-07
2,150,113.78762864564872,2.030644734586445,9.999999974752433e-07
2,151,112.41343323604656,2.0280981197972414,9.999999974752433e-07
2,152,111.06827218198671,2.025579028500578,9.999999974752433e-07
2,153,109.75125985112679,2.0230868651769542,9.999999974752433e-07
2,154,108.4615458433195,2.0206210532678033,9.999999974752433e-07
2,155,107.1983133034284,2.0181810344207594,9.999999974752433e-07
2,156,105.96077728923301,2.015766267768126,9.999999974752433e-07
2,157,104.74818327645137,2.0133762292372084,9.999999974752433e-07
2,158,103.55980568661178,2.011010410890987,9.999999974752433e-07
2,159,102.39494656392321,2.008668320297962,9.999999974752433e-07
2,160,101.25293426123773,2.0063494799297086,9.999999974752433e-07
2,161,100.13312224713454,2.004053426585023,9.999999974752433e-07
2,162,99.03488793991478,2.0017797108393727,9.999999974752433e-07
2,163,97.95763162300453,1.9995278965185732,9.999999974752433e-07
2,164,96.90077541991118,1.9972975601955671,9.999999974752433e-07
2,165,95.86376230152037,1.9950882907092196,9.999999974752433e-07
2,166,94.84605518072955,1.992899688704194,9.999999974752433e-07
2,167,93.84713602769816,1.990731366190848,9.999999974752433e-07
2,168,92.86650500933723,1.9885829461242515,9.999999974752433e-07
2,169,91.90367975012514,1.9864540620015794,9.999999974752433e-07
2,170,90.95819454215584,1.9843443574767747,9.999999974752433e-07
2,171,90.02959965348147,1.9822534859918934,9.999999974752433e-07
2,172,89.1174606442959,1.9801811104242395,9.999999974752433e-07
2,173,88.2213577190263,1.9781269027486081,9.999999974752433e-07
2,174,87.3408851299128,1.9760905437139469,9.999999974752433e-07
2,175,86.4756505925659,1.9740717225337074,9.999999974752433e-07
2,176,85.62527472328985,1.9720701365892663,9.999999974752433e-07
2,177,84.78939052266942,1.9700854911458505,9.999999974752433e-07
2,178,83.96764287323055,1.9681174990803594,9.999999974752433e-07
2,179,83.15968806673868,1.9661658806205173,9.999999974752433e-07
2,180,82.36519334962468,1.9642303630948377,9.999999974752433e-07
2,181,81.58383648384152,1.9623106806928967,9.999999974752433e-07
2,182,80.81530534305865,1.9604065742354593,9.999999974752433e-07
2,183,80.05929751727007,1.9585177909539861,9.999999974752433e-07
2,184,79.31551993367665,1.9566440842790798,9.999999974752433e-07
2,185,78.58368851107139,1.954785213637501,9.999999974752433e-07
2,186,77.86352780197349,1.952940944257287,9.999999974752433e-07
2,187,77.15477069332586,1.9511110469807007,9.999999974752433e-07
2,188,76.45715804746521,1.9492952980845082,9.999999974752433e-07
2,189,75.77043846816994,1.9474934791074925,9.999999974752433e-07
2,190,75.09436796028616,1.9457053766845696,9.999999974752433e-07
2,191,74.42870969322924,1.9439307823874814,9.999999974752433e-07
2,192,73.77323372584554,1.9421694925715927,9.999999974752433e-07
2,193,73.12771676098453,1.9404213082285948,9.999999974752433e-07
2,194,72.49194190714795,1.938686034844857,9.999999974752433e-07
2,195,71.86569845321819,1.9369634822651371,9.999999974752433e-07
2,196,71.24878164730517,1.935253464561443,9.999999974752433e-07
2,197,70.64099249025125,1.933555799906808,9.999999974752433e-07
2,198,70.04213753224434,1.9318703104537633,9.999999974752433e-07
2,199,69.45202868862454,1.9301968222173138,9.999999974752433e-07
2,200,68.87048303924101,1.9285351649621918,9.999999974752433e-07
2,201,68.29732267918321,1.9268851720942688,9.999999974752433e-07
2,202,67.73237452048726,1.925246680555842,9.999999974752433e-07
2,203,67.17547014887155,1.923619530724738,9.999999974752433e-07
2,204,66.62644566128772,1.9220035663170123,9.999999974752433e-07
2,205,66.08514151818892,1.9203986342930908,9.999999974752433e-07
2,206,65.55140239141467,1.9188045847672288,9.999999974752433e-07
2,207,65.02507704218637,1.9172212709201732,9.999999974752433e-07
2,208,64.50601817678653,1.9156485489148134,9.999999974752433e-07
2,209,63.99408232008313,1.914086277814768,9.999999974752433e-07
2,210,63.48912969685398,1.912534319505769,9.999999974752433e-07
2,211,62.99102410781895,1.9109925386197186,9.999999974752433e-07
2,212,62.49963282417662,1.9094608024613313,9.999999974752433e-07
2,213,62.01482647494143,1.907938980937222,9.999999974752433e-07
2,214,61.53647893446681,1.9064269464873604,9.999999974752433e-07
2,215,61.0644672384471,1.9049245740188316,9.999999974752433e-07
2,216,60.598671465120304,1.9034317408417294,9.999999974752433e-07
2,217,60.13897466436637,1.9019483266072001,9.999999974752433e-07
2,218,59.6852627457256,1.900474213247438,9.999999974752433e-07
2,219,59.237424407481875,1.8990092849176743,9.999999974752433e-07
2,220,58.795351045895856,1.8975534279399908,9.999999974752433e-07
2,221,58.358936672018594,1.8961065307489235,9.999999974752433e-07
2,222,57.92807783938974,1.8946684838388101,9.999999974752433e-07
2,223,57.50267356841751,1.8932391797127697,9.999999974752433e-07
2,224,57.08262526318226,1.891818512833271,9.999999974752433e-07
2,225,56.667836662732114,1.8904063795742667,9.999999974752433e-07
2,226,56.25821374918545,1.8890026781747495,9.999999974752433e-07
2,227,55.85366470140856,1.8876073086937746,9.999999974752433e-07
2,228,55.45409982204147,1.8862201729668238,9.999999974752433e-07
2,229,55.059431477517194,1.8848411745634899,9.999999974752433e-07
2,230,54.669574045418074,1.8834702187464487,9.999999974752433e-07
2,231,54.284443849194226,1.8821072124316247,9.999999974752433e-07
2,232,53.90395911087813,1.880752064149567,9.999999974752433e-07
2,233,53.52803989409719,1.8794046840079406,9.999999974752433e-07
2,234,53.15660805349662,1.8780649836551135,9.999999974752433e-07
2,235,52.78958718369617,1.8767328762448139,9.999999974752433e-07
2,236,52.42690257519136,1.8754082764018054,9.999999974752433e-07
2,237,52.06848116582442,1.8740911001885459,9.999999974752433e-07
2,238,51.71425149434793,1.872781265072791,9.999999974752433e-07
2,239,51.36414365893973,1.8714786898961242,9.999999974752433e-07
2,240,51.01808927772715,1.8701832948433754,9.999999974752433e-07
2,241,50.676021442028144,1.868895001412884,9.999999974752433e-07
2,242,50.33787468257294,1.8676137323876,9.999999974752433e-07
2,243,50.00358492840046,1.866339411806979,9.999999974752433e-07
2,244,49.67308947211796,1.8650719649396548,9.999999974752433e-07
2,245,49.34632693163172,1.8638113182568552,9.999999974752433e-07
2,246,49.02323721639452,1.8625573994065374,9.999999974752433e-07
2,247,48.703761496291136,1.8613101371882375,9.999999974752433e-07
2,248,48.38784216537853,1.8600694615285764,9.999999974752433e-07
2,249,48.07542281388403,1.8588353034574334,9.999999974752433e-07
2,250,47.76644819519376,1.857607595084743,9.999999974752433e-07
2,251,47.46086419587604,1.8563862695779083,9.999999974752433e-07
2,252,47.15861781047294,1.8551712611398128,9.999999974752433e-07
2,253,46.85965710934982,1.8539625049873982,9.999999974752433e-07
2,254,46.56393121370325,1.852759937330806,9.999999974752433e-07
2,255,46.271390273104,1.851563495353055,9.999999974752433e-07
2,256,45.98198543058492,1.8503731171902245,9.999999974752433e-07
2,257,45.69566880770163,1.8491887419121735,9.999999974752433e-07
2,258,45.412393474139435,1.8480103095037277,9.999999974752433e-07
2,259,45.13211342884082,1.846837760846353,9.999999974752433e-07
2,260,44.85478357575199,1.8456710377002807,9.999999974752433e-07
2,261,44.580359699158564,1.8445100826870782,9.999999974752433e-07
2,262,44.30879844588335,1.8433548392726662,9.999999974752433e-07
2,263,44.04005730530795,1.8422052517507477,9.999999974752433e-07
2,264,43.774094585452126,1.8410612652266423,9.999999974752433e-07
2,265,43.51086939620848,1.8399228256015174,9.999999974752433e-07
2,266,43.25034162997657,1.8387898795570075,9.999999974752433e-07
2,267,42.992471943078776,1.837662374540203,9.999999974752433e-07
2,268,42.737221738212696,1.8365402587490012,9.999999974752433e-07
2,269,42.4845531447251,1.8354234811177979,9.999999974752433e-07
2,270,42.2344290044829,1.8343119913035468,9.999999974752433e-07
2,271,41.98681285652051,1.833205739672124,9.999999974752433e-07
2,272,41.741668915536316,1.8321046772850238,9.999999974752433e-07
2,273,41.498962061851444,1.831008755886368,9.999999974752433e-07
2,274,41.258657824230056,1.8299179278902227,9.999999974752433e-07
2,275,41.02072236426761,1.8288321463681982,9.999999974752433e-07
2,276,40.78512246150404,1.8277513650373438,9.999999974752433e-07
2,277,40.55182550483068,1.8266755382483337,9.999999974752433e-07
2,278,40.320799471429424,1.8256046209738968,9.999999974752433e-07
2,279,40.092012917922986,1.8245385687975302,9.999999974752433e-07
2,280,39.86543496608247,1.8234773379024634,9.999999974752433e-07
2,281,39.64103529323133,1.822420885060879,9.999999974752433e-07
2,282,39.41878411482572,1.8213691676233579,9.999999974752433e-07
2,283,39.19865217640039,1.820322143508579,9.999999974752433e-07
2,284,38.98061074153672,1.8192797711932434,9.999999974752433e-07
2,285,38.764631580015816,1.8182420097022152,9.999999974752433e-07
2,286,38.550686954377454,1.817208818598886,9.999999974752433e-07
2,287,38.338749615564936,1.8161801579757593,9.999999974752433e-07
2,288,38.12879278655038,1.8151559884452233,9.999999974752433e-07
2,289,37.92079015381045,1.814136271130538,9.999999974752433e-07
2,290,37.71471585974022,1.8131209676570128,9.999999974752433e-07
2,291,37.51054448973103,1.812110040143374,9.999999974752433e-07
2,292,37.30825106444427,1.8111034511933177,9.999999974752433e-07
2,293,37.1078110306331,1.8101011638872497,9.999999974752433e-07
2,294,36.909200252567906,1.8091031417741936,9.999999974752433e-07
2,295,36.71239500105156,1.8081093488638686,9.999999974752433e-07
2,296,36.51737194849847,1.8071197496189526,9.999999974752433e-07
2,297,36.32410815815967,1.8061343089474793,9.999999974752433e-07
2,298,36.13258107593593,1.8051529921954212,9.999999974752433e-07
2,299,35.94276852378902,1.8041757651394106,9.999999974752433e-07
2,300,35.75464869193738,1.803202593979617,9.999999974752433e-07
2,301,35.568200129909755,1.802233445332776,9.999999974752433e-07
2,302,35.383401741017636,1.8012682862253502,9.999999974752433e-07
2,303,35.20023277390935,1.8003070840868445,9.999999974752433e-07
2,304,35.018672816358354,1.7993498067432463,9.999999974752433e-07
2,305,34.838701787107226,1.798396422410602,9.999999974752433e-07
2,306,34.66029993212938,1.7974468996887318,9.999999974752433e-07
2,307,34.48344781552072,1.79650120755506,9.999999974752433e-07
2,308,34.308126313450984,1.7955593153585714,9.999999974752433e-07
2,309,34.13431660809912,1.7946211928138918,9.999999974752433e-07
2,310,33.962000183737565,1.7936868099954868,9.999999974752433e-07
2,311,33.79115881792854,1.7927561373319731,9.999999974752433e-07
2,312,33.621774576582716,1.7918291456005395,9.999999974752433e-07
2,313,33.45382980914009,1.7909058059214833,9.999999974752433e-07
2,314,33.28730714398274,1.7899860897528541,9.999999974752433e-07
2,315,33.12218947795732,1.7890699688851894,9.999999974752433e-07
2,316,32.958459978970026,1.7881574154363749,9.999999974752433e-07
2,317,32.79610207411947,1.7872484018465848,9.999999974752433e-07
2,318,32.63509944842125,1.7863429008733271,9.999999974752433e-07
2,319,32.47543603882699,1.7854408855865833,9.999999974752433e-07
2,320,32.317096028550296,1.7845423293640408,9.999999974752433e-07
2,321,32.160063844534925,1.783647205886421,9.999999974752433e-07
2,322,32.00432415099941,1.7827554891328845,9.999999974752433e-07
2,323,31.849861845335624,1.7818671533765327,9.999999974752433e-07
2,324,31.696662053192572,1.7809821731799893,9.999999974752433e-07
2,325,31.54471012747145,1.7801005233910763,9.999999974752433e-07
2,326,31.39399163944505,1.7792221791385532,9.999999974752433e-07
2,327,31.24449237761542,1.7783471158279414,9.999999974752433e-07
2,328,31.096198343053953,1.777475309137437,9.999999974752433e-07
2,329,30.949095745607124,1.7766067350138852,9.999999974752433e-07
2,330,30.803170999064786,1.7757413696688304,9.999999974752433e-07
2,331,30.658410720248057,1.7748791895746545,9.999999974752433e-07
2,332,30.514801720236203,1.774020171460756,9.999999974752433e-07
2,333,30.372331006522423,1.773164292309833,9.999999974752433e-07
2,334,30.230985776091824,1.7723115293542109,9.999999974752433e-07
2,335,30.090753412666306,1.7714618600722372,9.999999974752433e-07
2,336,29.95162148349289,1.7706152621847546,9.999999974752433e-07
2,337,29.813577736489155,1.769771713651623,9.999999974752433e-07
2,338,29.67661009590516,1.7689311926683113,9.999999974752433e-07
2,339,29.540706659819058,1.7680936776625498,9.999999974752433e-07
2,340,29.40585569790536,1.7672591472910422,9.999999974752433e-07
2,341,29.272045647609254,1.7664275804362326,9.999999974752433e-07
2,342,29.13926511009062,1.765598956203127,9.999999974752433e-07
2,343,29.00750284969556,1.7647732539161796,9.999999974752433e-07
2,344,28.876747788918255,1.763950453116226,9.999999974752433e-07
2,345,28.746989006749303,1.7631305335574747,9.999999974752433e-07
2,346,28.61821573692997,1.7623134752045488,9.999999974752433e-07
2,347,28.4904173632567,1.761499258229575,9.999999974752433e-07
2,348,28.363583417522637,1.7606878630093254,9.999999974752433e-07
2,349,28.237703577876225,1.7598792701224146,9.999999974752433e-07
2,350,28.11276766562439,1.7590734603465368,9.999999974752433e-07
2,351,27.988765643133018,1.758270414655754,9.999999974752433e-07
2,352,27.86568761149469,1.757470114217827,9.999999974752433e-07
2,353,27.743523806774917,1.7566725403915966,9.999999974752433e-07
2,354,27.622264600833976,1.755877674724403,9.999999974752433e-07
2,355,27.50190049457315,1.755085498949551,9.999999974752433e-07
2,356,27.382422120380735,1.7542959949838266,9.999999974752433e-07
2,357,27.263820236759422,1.7535091449250402,9.999999974752433e-07
2,358,27.14608572825537,1.7527249310496187,9.999999974752433e-07
2,359,27.029209600910242,1.7519433358102332,9.999999974752433e-07
2,360,26.913182983401533,1.7511643418334786,9.999999974752433e-07
2,361,26.797997121434307,1.7503879319175697,9.999999974752433e-07
2,362,26.68364337967716,1.7496140890301006,9.999999974752433e-07
2,363,26.570113236565557,1.748842796305817,9.999999974752433e-07
2,364,26.457398283979543,1.7480740370444414,9.999999974752433e-07
2,365,26.345490225752652,1.747307794708529,9.999999974752433e-07
2,366,26.234380874181568,1.746544052921353,9.999999974752433e-07
2,367,26.124062150681965,1.7457827954648306,9.999999974752433e-07
2,368,26.01452608089907,1.745024006277478,9.999999974752433e-07
2,369,25.905764796599872,1.744267669452407,9.999999974752433e-07
2,370,25.79777053013835,1.743513769235339,9.999999974752433e-07
2,371,25.690535617599217,1.742762290022668,9.999999974752433e-07
2,372,25.584052491627503,1.742013216359535,9.999999974752433e-07
2,373,25.478313684276248,1.7412665329379502,9.999999974752433e-07
2,374,25.37331182318738,1.7405222245949354,9.999999974752433e-07
2,375,25.26903963103679,1.7397802763107024,9.999999974752433e-07
2,376,25.16548992383825,1.7390406732068486,9.999999974752433e-07
2,377,25.062655608148887,1.7383034005445943,9.999999974752433e-07
2,378,24.960529682691476,1.7375684437230385,9.999999974752433e-07
2,379,24.859105233630583,1.7368357882774446,9.999999974752433e-07
2,380,24.758375435073482,1.736105419877554,9.999999974752433e-07
2,381,24.658333547733623,1.7353773243259238,9.999999974752433e-07
2,382,24.55897291587221,1.7346514875562902,9.999999974752433e-07
2,383,24.460286968692884,1.73392789563196,9.999999974752433e-07
2,384,24.362269216741822,1.7332065347442196,9.999999974752433e-07
2,385,24.264913251592642,1.732487391210779,9.999999974752433e-07
2,386,24.168212744579172,1.7317704514742287,9.999999974752433e-07
2,387,24.072161445696274,1.7310557021005286,9.999999974752433e-07
2,388,23.976753181805726,1.7303431297775151,9.999999974752433e-07
2,389,23.88198185659828,1.729632721313432,9.999999974752433e-07
2,390,23.787841447605526,1.7289244636354786,9.999999974752433e-07
2,391,23.694326007422625,1.7282183437883931,9.999999974752433e-07
2,392,23.60142966026226,1.7275143489330393,9.999999974752433e-07
2,393,23.509146602842655,1.7268124663450282,9.999999974752433e-07
2,394,23.417471101429147,1.7261126834133544,9.999999974752433e-07
2,395,23.32639749301612,1.7254149876390548,9.999999974752433e-07
2,396,23.235920182014734,1.7247193666338814,9.999999974752433e-07
2,397,23.14603364062209,1.7240258081190025,9.999999974752433e-07
2,398,23.056732407455762,1.7233342999237176,9.999999974752433e-07
2,399,22.96801108711126,1.7226448299841923,9.999999974752433e-07
2,400,22.879864347485416,1.7219573863422062,9.999999974752433e-07
3,1,0.9680634758720822,0.6326327323913572,9.999999974752433e-07
3,2,0.9603208555287396,0.6388863599695469,9.999999974752433e-07
3,3,0.9525572660611049,0.6452032260029005,9.999999974752433e-07
3,4,0.9447759306321339,0.6515841843740561,9.999999974752433e-07
3,5,0.9369799941812483,0.6580300293206719,9.999999974752433e-07
3,6,0.9291725481484749,0.6645414951100427,9.999999974752433e-07
3,7,0.9213566606375623,0.6711192551254499,9.999999974752433e-07
3,8,0.9135354120951398,0.6777639201046625,9.999999974752433e-07
3,9,0.9057119365496775,0.6844760352541519,9.999999974752433e-07
3,10,0.8978894684221187,0.6912560759470401,9.999999974752433e-07
3,11,0.8900713948888992,0.6981044416981568,9.999999974752433e-07
3,12,0.8822613137452021,0.7050214480952425,9.999999974752433e-07
3,13,0.8744630966796662,0.7120073163506379,9.999999974752433e-07
3,14,0.8666809578268271,0.7190621601219805,9.999999974752433e-07
3,15,0.8589195274069323,0.7261859692326968,9.999999974752433e-07
3,16,0.8511839301874513,0.7333785899025919,9.999999974752433e-07
3,17,0.8434798684015068,0.7406397010748957,9.999999974752433e-07
3,18,0.8358137086267231,0.7479687863979588,9.999999974752433e-07
3,19,0.8281925719552033,0.7553651013870083,9.999999974752433e-07
3,20,0.8206244265614807,0.7628276352536894,9.999999974752433e-07
3,21,0.8131181814881902,0.7703550668487322,9.999999974752433e-07
3,22,0.805683780106037,0.7779457141167703,9.999999974752433e-07
3,23,0.7983322912514561,0.7855974764136778,9.999999974752433e-07
3,24,0.7910759954856554,0.7933077689885651,9.999999974752433e-07
3,25,0.7839284632376404,0.8010734488891081,9.999999974752433e-07
3,26,0.7769046207755794,0.8088907315168293,9.999999974752433e-07
3,27,0.7700207989827571,0.8167550970478997,9.999999974752433e-07
3,28,0.7632947587896514,0.8246611859586788,9.999999974752433e-07
3,29,0.7567456858353669,0.8326026829726564,9.999999974752433e-07
3,30,0.7503941455196977,0.8405721889027595,9.999999974752433e-07
3,31,0.7442619881083153,0.8485610801350305,9.999999974752433e-07
3,32,0.7383721920537967,0.8565593559321967,9.999999974752433e-07
3,33,0.7327486323369103,0.8645554743868559,9.999999974752433e-07
3,34,0.7274157596356636,0.8725361787957144,9.999999974752433e-07
3,35,0.7223981758151115,0.8804863175430707,9.999999974752433e-07
3,36,0.7177200920442407,0.8883886623664401,9.999999974752433e-07
3,37,0.7134046583740996,0.8962237322211498,9.999999974752433e-07
3,38,0.70947315857774,0.9039696329340507,9.999999974752433e-07
3,39,0.705944072279366,0.9116019264561177,9.999999974752433e-07
3,40,0.7028320186997541,0.9190935477043366,9.999999974752433e-07
3,41,0.7001466133194434,0.9264147914711206,9.999999974752433e-07
3,42,0.6978912904746597,0.933533396173195,9.999999974752433e-07
3,43,0.6960621704247294,0.9404147544874665,9.999999974752433e-07
3,44,0.6946470763111544,0.9470222819946257,9.999999974752433e-07
3,45,0.6936248302280608,0.953317972330639,9.999999974752433e-07
3,46,0.6929649717994207,0.9592631594426817,9.999999974752433e-07
3,47,0.6926280391647937,0.9648194930895666,9.999999974752433e-07
3,48,0.6925665232329987,0.9699501123827164,9.999999974752433e-07
3,49,0.6927265465653688,0.9746209752174886,9.999999974752433e-07
3,50,0.6930502297722743,0.9788022722760535,9.999999974752433e-07
3,51,0.6934786014164838,0.9824698282588635,9.999999974752433e-07
3,52,0.6939548019762396,0.9856063764968523,9.999999974752433e-07
3,53,0.6944272538947499,0.988202591694175,9.999999974752433e-07
3,54,0.694852441791607,0.9902577819686055,9.999999974752433e-07
3,55,0.6951969827063219,0.9917801740092786,9.999999974752433e-07
3,56,0.6954387623815813,0.9927867681961252,9.999999974752433e-07
3,57,0.6955670499270988,0.9933027854436083,9.999999974752433e-07
3,58,0.6955816491035224,0.9933607658925033,9.999999974752433e-07
3,59,0.6954912687968073,0.9929994054122943,9.999999974752433e-07
3,60,0.6953113756302031,0.992262226994045,9.999999974752433e-07
3,61,0.6950618193895576,0.9911961818743703,9.999999974752433e-07
3,62,0.6947645016218266,0.9898502632983442,9.999999974752433e-07
3,63,0.6944413030235294,0.9882741985867273,9.999999974752433e-07
3,64,0.694112413055662,0.9865172664771316,9.999999974752433e-07
3,65,0.6937951312021327,0.9846272692518101,9.999999974752433e-07
3,66,0.6935031448195976,0.982649674397481,9.999999974752433e-07
3,67,0.6932462399463173,0.980626928936176,9.999999974752433e-07
3,68,0.6930303706089425,0.9785979409817136,9.999999974752433e-07
3,69,0.6928579977221707,0.9765977170899947,9.999999974752433e-07
3,70,0.692728607402339,0.9746571400915904,9.999999974752433e-07
3,71,0.6926393265074401,0.9728028698742555,9.999999974752433e-07
3,72,0.6925855667026948,0.9710573486529382,9.999999974752433e-07
3,73,0.6925616441727533,0.969438892331397,9.999999974752433e-07
3,74,0.6925613379077816,0.9679618503831005,9.999999974752433e-07
3,75,0.6925783637464366,0.9666368180563796,9.999999974752433e-07
3,76,0.6926067532316074,0.9654708864610367,9.999999974752433e-07
3,77,0.692641135540689,0.9644679180627207,9.999999974752433e-07
3,78,0.692676927375655,0.9636288371597712,9.999999974752433e-07
3,79,0.6927104400541353,0.9629519269303075,9.999999974752433e-07
3,80,0.692738915544719,0.9624331265248653,9.999999974752433e-07
3,81,0.6927605042747077,0.9620663233764154,9.999999974752433e-07
3,82,0.6927741976073367,0.9618436373627408,9.999999974752433e-07
3,83,0.692779727274002,0.9617556946640193,9.999999974752433e-07
3,84,0.6927774430203939,0.9617918901058596,9.999999974752433e-07
3,85,0.6927681784723382,0.9619406374729473,9.999999974752433e-07
3,86,0.6927531138774604,0.9621896077385835,9.999999974752433e-07
3,87,0.6927336430089743,0.9625259554054035,9.999999974752433e-07
3,88,0.6927112501680155,0.9629365332220005,9.999999974752433e-07
3,89,0.6926874019096474,0.9634080954619526,9.999999974752433e-07
3,90,0.6926634568472646,0.9639274897611525,9.999999974752433e-07
3,91,0.692640595663499,0.9644818372430267,9.999999974752433e-07
3,92,0.6926197722786188,0.9650587003566639,9.999999974752433e-07
3,93,0.6926016860121076,0.96564623754697,9.999999974752433e-07
3,94,0.692586773545298,0.9662333436040453,9.999999974752433e-07
3,95,0.6925752185829326,0.966809774332935,9.999999974752433e-07
3,96,0.6925669763588252,0.9673662540714545,9.999999974752433e-07
3,97,0.6925618095713274,0.9678945645825974,9.999999974752433e-07
3,98,0.6925593320017428,0.9683876139699982,9.999999974752433e-07
3,99,0.6925590559812523,0.9688394845111513,9.999999974752433e-07
3,100,0.6925604400334341,0.9692454586644488,9.999999974752433e-07
3,101,0.6925629334117697,0.9696020229638685,9.999999974752433e-07
3,102,0.6925660148394488,0.9699068500423624,9.999999974752433e-07
3,103,0.6925692234868122,0.9701587595890405,9.999999974752433e-07
3,104,0.6925721810242134,0.9703576596105113,9.999999974752433e-07
3,105,0.6925746043973657,0.97050446989799,9.999999974752433e-07
3,106,0.6925763097161375,0.970601030067084,9.999999974752433e-07
3,107,0.6925772082752851,0.9706499949104954,9.999999974752433e-07
3,108,0.6925772961911838,0.9706547200668293,9.999999974752433e-07
3,109,0.6925766394227734,0.9706191411515013,9.999999974752433e-07
3,110,0.6925753560461232,0.9705476495172279,9.999999974752433e-07
3,111,0.6925735975834074,0.9704449677183012,9.999999974752433e-07
3,112,0.6925715309813925,0.9703160275579206,9.999999974752433e-07
3,113,0.6925693225276556,0.9701658533188731,9.999999974752433e-07
3,114,0.6925671246294356,0.9699994524353969,9.999999974752433e-07
3,115,0.6925650659982641,0.9698217154794448,9.999999974752433e-07
3,116,0.6925632454217826,0.9696373269286527,9.999999974752433e-07
3,117,0.6925617289886628,0.9694506877749578,9.999999974752433e-07
3,118,0.6925605503817815,0.969265850638136,9.999999974752433e-07
3,119,0.6925597136797601,0.9690864676804107,9.999999974752433e-07
3,120,0.6925591980070376,0.9689157512860561,9.999999974752433e-07
3,121,0.6925589633430564,0.9687564471797031,9.999999974752433e-07
3,122,0.6925589568318901,0.9686108194118189,9.999999974752433e-07
3,123,0.6925591190101644,0.9684806464401026,9.999999974752433e-07
3,124,0.6925593894798084,0.9683672273796678,9.999999974752433e-07
3,125,0.6925597116779693,0.9682713973798794,9.999999974752433e-07
3,126,0.6925600365275523,0.9681935510075227,9.999999974752433e-07
3,127,0.6925603248754516,0.9681336724701043,9.999999974752433e-07
3,128,0.6925605487360176,0.9680913714949116,9.999999974752433e-07
3,129,0.69256069144635,0.9680659236845915,9.999999974752433e-07
3,130,0.6925607469064035,0.9680563141944865,9.999999974752433e-07
3,131,0.6925607181184803,0.9680612836173278,9.999999974752433e-07
3,132,0.6925606152595474,0.9680793750143437,9.999999974752433e-07
3,133,0.6925604535169799,0.9681089810960984,9.999999974752433e-07
3,134,0.6925602508991305,0.9681483906297628,9.999999974752433e-07
3,135,0.6925600261991941,0.9681958332306545,9.999999974752433e-07
3,136,0.69255979724963,0.9682495217837408,9.999999974752433e-07
3,137,0.6925595795593152,0.9683076918345245,9.999999974752433e-07
3,138,0.6925593853794209,0.9683686373873837,9.999999974752433e-07
3,139,0.6925592232030631,0.9684307426521489,9.999999974752433e-07
3,140,0.6925590976670016,0.9684925093852652,9.999999974752433e-07
3,141,0.6925590097966364,0.9685525795790496,9.999999974752433e-07
3,142,0.6925589575162233,0.9686097533596844,9.999999974752433e-07
3,143,0.6925589363376075,0.9686630020599871,9.999999974752433e-07
3,144,0.692558940139148,0.9687114765346562,9.999999974752433e-07
3,145,0.6925589619537079,0.968754510881691,9.999999974752433e-07
3,146,0.6925589946966948,0.9687916218219849,9.999999974752433e-07
3,147,0.6925590317817539,0.9688225040678284,9.999999974752433e-07
3,148,0.6925590675894524,0.9688470220786075,9.999999974752433e-07
3,149,0.6925590977729403,0.9688651986569473,9.999999974752433e-07
3,150,0.692559119401346,0.9688772008800255,9.999999974752433e-07
3,151,0.6925591309554869,0.9688833238881465,9.999999974752433e-07
3,152,0.6925591322010833,0.9688839730658976,9.999999974752433e-07
3,153,0.692559123971537,0.9688796451506281,9.999999974752433e-07
3,154,0.6925591078943605,0.9688709087893508,9.999999974752433e-07
3,155,0.6925590860955527,0.9688583850396837,9.999999974752433e-07
3,156,0.6925590609115231,0.9688427282744698,9.999999974752433e-07
3,157,0.692559034633346,0.96882460790501,9.999999974752433e-07
3,158,0.6925590093003846,0.9688046912862018,9.999999974752433e-07
4,1,1.0031702434297594,0.6047646403312685,9.999999974752433e-07
4,2,0.995571244866545,0.6107385333244824,9.999999974752433e-07
4,3,0.9879322332852483,0.6167732281377006,9.999999974752433e-07
4,4,0.9802570906398161,0.6228697835447736,9.999999974752433e-07
4,5,0.9725495925453498,0.6290291887622002,9.999999974752433e-07
4,6,0.9648134068276949,0.6352523640187571,9.999999974752433e-07
4,7,0.9570520968274733,0.6415401614620777,9.999999974752433e-07
4,8,0.9492691297937502,0.6478933662126315,9.999999974752433e-07
4,9,0.9414678906509752,0.6543126973512294,9.999999974752433e-07
4,10,0.9336517013686775,0.6607988086041254,9.999999974752433e-07
4,11,0.9258238461084443,0.6673522884701739,9.999999974752433e-07
4,12,0.9179876022690601,0.6739736595174048,9.999999974752433e-07
4,13,0.9101462774991683,0.6806633765616232,9.999999974752433e-07
4,14,0.902303252698196,0.6874218234269229,9.999999974752433e-07
4,15,0.894462030979976,0.6942493079768616,9.999999974752433e-07
4,16,0.8866262925280709,0.7011460550948898,9.999999974752433e-07
4,17,0.8787999552251468,0.7081121972827118,9.999999974752433e-07
4,18,0.8709872408873581,0.7151477625348622,9.999999974752433e-07
4,19,0.8631927468742362,0.7222526591360569,9.999999974752433e-07
4,20,0.8554215227697666,0.7294266570140455,9.999999974752433e-07
4,21,0.8476791517347967,0.7366693652640326,9.999999974752433e-07
4,22,0.8399718360071974,0.7439802054406416,9.999999974752433e-07
4,23,0.8323064858656384,0.7513583801894607,9.999999974752433e-07
4,24,0.8246908111661986,0.758802836762319,9.999999974752433e-07
4,25,0.8171334142970267,0.7663122249288753,9.999999974752433e-07
4,26,0.8096438830633709,0.7738848487627025,9.999999974752433e-07
4,27,0.80223288160028,0.7815186117444058,9.999999974752433e-07
4,28,0.7949122368998144,0.7892109545900737,9.999999974752433e-07
4,29,0.7876950179195977,0.7969587851845628,9.999999974752433e-07
4,30,0.780595603497374,0.804758399981718,9.999999974752433e-07
4,31,0.773629734421723,0.8126053962360977,9.999999974752433e-07
4,32,0.7668145439968762,0.8204945744649622,9.999999974752433e-07
4,33,0.7601685602942345,0.8284198306213835,9.999999974752433e-07
4,34,0.7537116720232389,0.8363740376111011,9.999999974752433e-07
4,35,0.7474650486215082,0.8443489160358943,9.999999974752433e-07
4,36,0.7414510038333476,0.852334894431792,9.999999974752433e-07
4,37,0.7356927908385694,0.8603209598379603,9.999999974752433e-07
4,38,0.7302143160954732,0.8682945003382301,9.999999974752433e-07
4,39,0.7250397587399782,0.8762411423278464,9.999999974752433e-07
4,40,0.720193083005212,0.8841445867447775,9.999999974752433e-07
4,41,0.7156974331728857,0.8919864504375625,9.999999974752433e-07
4,42,0.7115744046310787,0.8997461212736837,9.999999974752433e-07
4,43,0.7078431913652615,0.9074006385376987,9.999999974752433e-07
4,44,0.7045196203258801,0.9149246135659009,9.999999974752433e-07
4,45,0.7016150971266364,0.9222902092307548,9.999999974752433e-07
4,46,0.6991355055769641,0.9294672004611491,9.999999974752433e-07
4,47,0.6970801250594842,0.9364231408650067,9.999999974752433e-07
4,48,0.6954406530167119,0.9431236618405475,9.999999974752433e-07
4,49,0.6942004415845942,0.9495329292051488,9.999999974752433e-07
4,50,0.6933340727869295,0.9556142770957508,9.999999974752433e-07
4,51,0.6928073993635457,0.9613310286024626,9.999999974752433e-07
4,52,0.6925781615567553,0.9666474967447362,9.999999974752433e-07
4,53,0.6925972488764066,0.971530138506412,9.999999974752433e-07
4,54,0.6928106089621553,0.9759488107272462,9.999999974752433e-07
4,55,0.6931617186908515,0.979878053331551,9.999999974752433e-07
4,56,0.6935944388391025,0.9832983074535253,9.999999974752433e-07
4,57,0.6940559922910073,0.9861969683635939,9.999999974752433e-07
4,58,0.6944997579663441,0.9885691791425547,9.999999974752433e-07
4,59,0.6948875742990782,0.9904182913944961,9.999999974752433e-07
4,60,0.6951913019800898,0.9917559511025523,9.999999974752433e-07
4,61,0.6953934965087982,0.9926018053205289,9.999999974752433e-07
4,62,0.6954871657308355,0.9929828618297922,9.999999974752433e-07
4,63,0.695474709470268,0.9929325630243966,9.999999974752433e-07
4,64,0.6953662337735349,0.9924896533217493,9.999999974752433e-07
4,65,0.6951774863571737,0.9916969254756566,9.999999974752433e-07
4,66,0.6949276692437006,0.9905999269472239,9.999999974752433e-07
4,67,0.6946373559465124,0.9892456960785517,9.999999974752433e-07
4,68,0.6943266866467694,0.9876815826444773,9.999999974752433e-07
4,69,0.694013949914582,0.9859541913429789,9.999999974752433e-07
4,70,0.6937145960819648,0.9841084719337847,9.999999974752433e-07
4,71,0.6934406740009227,0.9821869671366931,9.999999974752433e-07
4,72,0.6932006440494435,0.9802292194285893,9.999999974752433e-07
4,73,0.6929994967460863,0.9782713304508749,9.999999974752433e-07
4,74,0.6928390965741784,0.9763456615519213,9.999999974752433e-07
4,75,0.6927186716239975,0.9744806606666327,9.999999974752433e-07
4,76,0.6926353780278068,0.9727007989135301,9.999999974752433e-07
4,77,0.6925848807024494,0.9710265996487676,9.999999974752433e-07
4,78,0.6925619060185072,0.9694747429833194,9.999999974752433e-07
4,79,0.6925607357825214,0.9680582297112184,9.999999974752433e-07
4,80,0.6925756241469975,0.9667865900125947,9.999999974752433e-07
4,81,0.6926011291285773,0.9656661240116364,9.999999974752433e-07
4,82,0.6926323581423183,0.9647001631380635,9.999999974752433e-07
4,83,0.6926651324664131,0.9638893431380481,9.999999974752433e-07
4,84,0.6926960791309302,0.9632318814088832,9.999999974752433e-07
4,85,0.6927226607404379,0.962723853018062,9.999999974752433e-07
4,86,0.6927431545705375,0.962359461262151,9.999999974752433e-07
4,87,0.6927565922578697,0.9621312998946753,9.999999974752433e-07
4,88,0.6927626708197592,0.9620306051931321,9.999999974752433e-07
4,89,0.6927616448079463,0.9620474968448642,9.999999974752433e-07
4,90,0.6927542082847269,0.962171207221422,9.999999974752433e-07
4,91,0.6927413741147017,0.9623902990003886,9.999999974752433e-07
4,92,0.6927243568565709,0.9626928713061385,9.999999974752433e-07
4,93,0.6927044643551837,0.9630667546039013,9.999999974752433e-07
4,94,0.6926830019883916,0.9634996945237636,9.999999974752433e-07
4,95,0.6926611924236422,0.9639795246430771,9.999999974752433e-07
4,96,0.6926401126875552,0.964494328047803,9.999999974752433e-07
4,97,0.6926206493539308,0.9650325872559301,9.999999974752433e-07
4,98,0.6926034717217581,0.9655833218488357,9.999999974752433e-07
4,99,0.6925890220025146,0.9661362129466382,9.999999974752433e-07
4,100,0.6925775207887335,0.9666817135059012,9.999999974752433e-07
4,101,0.6925689854598243,0.9672111433324607,9.999999974752433e-07
4,102,0.6925632587241055,0.9677167677034676,9.999999974752433e-07
4,103,0.6925600442180911,0.9681918585888366,9.999999974752433e-07
4,104,0.6925589460015595,0.9686307376540503,9.999999974752433e-07
4,105,0.6925595088975844,0.9690288005067116,9.999999974752433e-07
4,106,0.6925612569209406,0.9693825220046738,9.999999974752433e-07
4,107,0.6925637274859385,0.9696894428540085,9.999999974752433e-07
4,108,0.6925664996482085,0.969948138166289,9.999999974752433e-07
4,109,0.6925692152638797,0.97015816909013,9.999999974752433e-07
4,110,0.6925715925930841,0.9703200190549328,9.999999974752433e-07
4,111,0.6925734324794943,0.9704350165408077,9.999999974752433e-07
4,112,0.6925746177615683,0.9705052465971125,9.999999974752433e-07
4,113,0.6925751069788161,0.9705334535577208,9.999999974752433e-07
4,114,0.6925749237082719,0.9705229375350747,9.999999974752433e-07
4,115,0.6925741429975606,0.9704774473145384,9.999999974752433e-07
4,116,0.6925728763570851,0.9704010722189857,9.999999974752433e-07
4,117,0.6925712566565353,0.9702981353792189,9.999999974752433e-07
4,118,0.6925694240639253,0.9701730906411711,9.999999974752433e-07
4,119,0.6925675139018727,0.970030425080718,9.999999974752433e-07
4,120,0.6925656470045822,0.9698745687975125,9.999999974752433e-07
4,121,0.6925639228708674,0.9697098133366954,9.999999974752433e-07
4,122,0.6925624156444685,0.9695402397567655,9.999999974752433e-07
4,123,0.6925611727322751,0.9693696570366679,9.999999974752433e-07
4,124,0.692560215702949,0.9692015512063833,9.999999974752433e-07
4,125,0.692559542997578,0.9690390453014461,9.999999974752433e-07
4,126,0.6925591339285718,0.9688848699889592,9.999999974752433e-07
4,127,0.6925589534378089,0.9687413444943195,9.999999974752433e-07
4,128,0.6925589571208272,0.9686103672755282,9.999999974752433e-07
4,129,0.692559096090439,0.9684934157453063,9.999999974752433e-07
4,130,0.6925593213403464,0.9683915542286238,9.999999974752433e-07
4,131,0.6925595873661662,0.9683054492620363,9.999999974752433e-07
4,132,0.6925598548992058,0.9682353912881808,9.999999974752433e-07
4,133,0.6925600926997877,0.9681813217704102,9.999999974752433e-07
4,134,0.6925602784364017,0.9681428647453165,9.999999974752433e-07
4,135,0.6925603987407811,0.9681193618415178,9.999999974752433e-07
4,136,0.6925604485754555,0.9681099098185263,9.999999974752433e-07
4,137,0.6925604300783591,0.9681133997172268,9.999999974752433e-07
4,138,0.6925603510611793,0.9681285567612823,9.999999974752433e-07
4,139,0.6925602233342687,0.9681539802049209,9.999999974752433e-07
4,140,0.6925600610152677,0.9681881823856279,9.999999974752433e-07
4,141,0.6925598789544544,0.9682296263091822,9.999999974752433e-07
4,142,0.6925596913782324,0.9682767611682872,9.999999974752433e-07
4,143,0.6925595108195477,0.9683280552739715,9.999999974752433e-07
4,144,0.6925593473702839,0.9683820259601382,9.999999974752433e-07
4,145,0.6925592082602231,0.9684372661053374,9.999999974752433e-07
4,146,0.6925590977409275,0.9684924670010325,9.999999974752433e-07
4,147,0.6925590172323522,0.9685464373812972,9.999999974752433e-07
4,148,0.6925589656764505,0.9685981185137883,9.999999974752433e-07
4,149,0.6925589400341076,0.9686465953346971,9.999999974752433e-07
4,150,0.6925589358610872,0.9686911036897657,9.999999974752433e-07
4,151,0.692558947902665,0.9687310338179683,9.999999974752433e-07
4,152,0.6925589706547098,0.9687659302826301,9.999999974752433e-07
4,153,0.6925589988506907,0.9687954886154327,9.999999974752433e-07
4,154,0.6925590278464493,0.9688195489906108,9.999999974752433e-07
4,155,0.692559053887987,0.9688380872889286,9.999999974752433e-07
4,156,0.6925590742594229,0.9688512039430138,9.999999974752433e-07
4,157,0.692559087318969,0.9688591109769447,9.999999974752433e-07
4,158,0.6925590924387341,0.9688621176636826,9.999999974752433e-07
4,159,0.6925590898697971,0.9688606152241827,9.999999974752433e-07
4,160,0.6925590805566285,0.9688550609824756,9.999999974752433e-07
4,161,0.6925590659252966,0.9688459623724093,9.999999974752433e-07
4,162,0.6925590476679074,0.9688338611652016,9.999999974752433e-07
4,163,0.6925590275426149,0.9688193182536573,9.999999974752433e-07
4,164,0.6925590072033353,0.9688028992901451,9.999999974752433e-07
